SeniorCitizen,tenure,MonthlyCharges,TotalCharges,gender_Male,Partner_Yes,Dependents_Yes,PhoneService_Yes,MultipleLines_No phone service,MultipleLines_Yes,InternetService_Fiber optic,InternetService_No,OnlineSecurity_No internet service,OnlineSecurity_Yes,OnlineBackup_No internet service,OnlineBackup_Yes,DeviceProtection_No internet service,DeviceProtection_Yes,TechSupport_No internet service,TechSupport_Yes,StreamingTV_No internet service,StreamingTV_Yes,StreamingMovies_No internet service,StreamingMovies_Yes,Contract_One year,Contract_Two year,PaperlessBilling_Yes,PaymentMethod_Credit card (automatic),PaymentMethod_Electronic check,PaymentMethod_Mailed check
-0.043589506,0.58757085,0.16913196,-0.13566469,-0.014096062,-0.00041905924,0.047491953,-0.041003194,0.0,-0.06836066,0.3159792,0.08998452,0.0,0.18573074,0.0,0.064049326,0.0,-0.0126189925,0.0,0.122943066,0.0,-0.04514767,0.0,0.090509444,0.2162367,0.38626325,0.105742715,0.0031770645,0.13735142,-0.0044340775
0.21017171,0.75770295,0.8781371,0.074912354,-0.04032982,0.011103976,0.058487028,-0.044226628,0.0,0.11330096,0.33293927,0.0933009,0.0,0.14082398,0.0,0.10557944,0.0,-0.015494076,0.0,0.08797976,0.0,0.06350246,0.0,0.10931135,0.1884532,0.31208828,0.117617585,0.0024124226,0.12534504,-0.0110993115
-0.04961103,-0.2883672,-1.082849,-0.24349031,-0.022876935,0.01668573,0.03110216,-0.049000185,0.0,-0.08701756,-0.2848607,-0.5214988,0.0,-0.004060611,0.0,0.0999935,0.0,-0.0375544,0.0,0.052459832,0.0,-0.08234081,0.0,-0.20141484,-0.99244064,0.15228075,-0.21836658,0.066922754,-0.17261288,-0.0073619112
-0.004437551,-0.91699797,-0.5836935,-0.09764948,0.053646076,0.0063794516,-0.120564334,-0.064725205,0.0,-0.037966426,-0.19496025,0.04320514,0.0,-0.14323497,0.0,-0.0048657097,0.0,0.050210312,0.0,0.11471353,0.0,-0.09183809,0.0,-0.054703735,0.10996556,-1.8684484,0.029106228,-0.013601001,-0.30753356,0.010210039
0.09031628,0.40011415,0.25441253,-0.13357171,-0.05129194,0.0006537617,0.06217122,-0.0009155766,0.0,-0.057814747,-0.3694061,0.112679504,0.0,-0.1660848,0.0,0.11582694,0.0,-0.032528408,0.0,0.07490374,0.0,-0.05421419,0.0,-0.07276055,0.20690759,0.31662828,0.0625463,-0.00028494076,0.23033598,0.021413453
-0.021742102,-1.218161,-0.6431198,-0.44079465,-0.046012916,0.011985903,0.03135125,-0.0543948,0.0,-0.13763607,-0.25063583,0.05504904,0.0,-0.09198962,0.0,-0.019900125,0.0,0.018557467,0.0,-0.42043218,0.0,-0.08414987,0.0,-0.1717712,-0.7966522,0.19715843,-0.17353065,-0.01699516,-0.3342323,0.01045433
-0.0035565791,-1.0602989,-0.8091722,-0.718099,0.045947563,0.039204113,-0.0677363,-0.060677916,0.0,0.0030021875,-0.28435782,-0.6014055,0.0,-0.0012272069,0.0,-0.10169976,0.0,-0.007871512,0.0,0.053289924,0.0,-0.1040051,0.0,-0.25369465,-0.874929,0.19077632,0.05988943,0.0358707,-0.3069859,0.004694503
-0.054542392,-1.3055404,0.6244302,0.15605965,0.041969523,-0.13073821,-0.001152152,-0.026284877,0.0,0.03296713,0.18188186,0.042433783,0.0,-0.2787777,0.0,-0.1138817,0.0,-0.050493684,0.0,0.22148328,0.0,-0.08561204,0.0,0.06786385,0.24946424,-2.4507797,0.04314158,0.002088376,-0.1976145,-0.0027954418
-0.088463075,0.4638044,-1.0609628,-0.4845282,-0.0020469036,-0.0054663597,0.044666898,-0.012489393,0.0,0.011956714,-0.3920059,-0.5926731,0.0,0.059709933,0.0,0.09618252,0.0,-0.014464155,0.0,0.055859,0.0,-0.08316711,0.0,-0.06871773,0.25429744,0.31843293,-0.27622876,-0.0072602453,-0.16243836,0.0069955513
-0.07974494,1.2008221,-0.93582326,0.26579827,0.003045444,-0.0011567124,0.046511654,-0.018374842,0.0,0.011020439,-0.39070874,-0.41936284,0.0,0.05973393,0.0,0.06623075,0.0,-0.015216121,0.0,0.0848652,0.0,-0.07077385,0.0,-0.05934287,0.2559377,0.32957852,-0.30154335,-0.0035376933,0.31527615,-0.030683544
-0.04289964,-0.85515994,0.41298562,-0.06415172,-0.008436765,0.098142795,0.004133256,-0.020215955,0.0,0.008681973,0.38451025,0.07164252,0.0,0.015282244,0.0,0.08183299,0.0,-0.007804807,0.0,0.15089415,0.0,0.072522804,0.0,0.113564685,0.20875068,0.26320708,-0.3309265,0.033400103,-0.13502717,-0.0056957547
-0.037948627,-0.56164193,0.47921887,-0.06602455,0.16780756,-0.069934234,0.031186776,-0.031486504,0.0,0.09505268,0.3479451,0.07684098,0.0,0.05551911,0.0,-0.3604041,0.0,0.010828341,0.0,0.13191356,0.0,0.09362938,0.0,0.06934001,0.19712952,0.32195243,-0.40286142,-0.003857665,0.21967134,-0.0053647836
-0.080061994,-1.2600005,-0.111796096,0.37472755,-0.08840257,-0.07995277,0.04301545,-0.021533987,0.0,0.034621827,0.15740907,0.035655208,0.0,-0.2232462,0.0,-0.21203503,0.0,-0.025135074,0.0,-0.042505078,0.0,0.036980405,0.0,0.026064776,0.08823747,-2.5016778,0.060937185,-0.022820005,0.14662835,0.00832607
-0.029169496,-0.33944166,0.0053033084,0.48056614,0.12619987,-0.087643,-0.17995231,-0.005934394,0.0,0.12963396,0.18092379,0.037085406,0.0,-0.21137357,0.0,-0.3099447,0.0,0.014414603,0.0,0.14899299,0.0,0.04953349,0.0,0.030704247,0.07385964,-2.4051008,0.095257685,0.039455622,-0.090242736,0.008370637
-0.0061840895,-0.9880025,0.5301557,0.03543266,0.08906226,-0.019877564,-0.050843827,-0.03439945,0.0,0.04774188,0.27400845,0.059040472,0.0,-0.238405,0.0,0.13117863,0.0,0.08381073,0.0,0.12961759,0.0,0.14442791,0.0,-0.13801032,-0.8522321,0.11879201,0.07512431,-0.0071328175,-0.1788396,0.0093677305
-0.04811353,0.6469483,-0.49257994,-0.13790329,-0.08333868,0.012236694,-0.13636257,-0.011667739,0.0,-0.19852667,-0.32857895,0.12537059,0.0,0.10807088,0.0,0.12541164,0.0,0.0011176798,0.0,-0.38122016,0.0,-0.010691262,0.0,0.03202641,0.18892473,0.35111025,-0.16484432,-0.01884601,-0.11707605,-0.0011797717
-0.03897234,-0.5531056,0.566328,-0.653006,-0.003671816,0.07390695,0.04347275,-0.029320527,0.0,0.023958951,0.35079098,0.08263541,0.0,0.10417734,0.0,-0.31872594,0.0,0.019274378,0.0,0.09202603,0.0,0.044440936,0.0,0.08300269,0.1641316,0.3485912,0.18716821,-0.015287546,0.22877015,-0.006530986
-0.099886104,0.28056622,-0.59394366,-0.21291311,0.021981152,-0.0012338667,0.049540415,-0.030740188,0.0,-0.0385896,-0.32422766,-0.58352137,0.0,0.026998773,0.0,0.07327685,0.0,-0.022634445,0.0,0.049285006,0.0,-0.051196896,0.0,-0.23584111,-0.8787583,0.2277253,0.14621995,-0.004078256,-0.1373935,-8.190097e-05
-0.058950108,-1.1153723,-0.14301732,0.38319856,-0.03686353,-0.13876514,-0.14968434,-0.052292034,0.0,-0.046798624,-0.43838707,-0.422986,0.0,0.0040709577,0.0,0.14889276,0.0,-0.008802429,0.0,0.06822362,0.0,-0.03870025,0.0,-0.08596373,0.22206503,0.26543003,-0.104125105,-0.1285091,-0.23285349,0.017437862
-0.0020355096,-0.43266687,-0.8564816,-0.630752,0.011114606,0.034769464,0.014949305,-0.04746365,0.0,0.0768583,-0.20789947,-0.37500474,0.0,-0.0126556745,0.0,-0.043444257,0.0,0.0022055255,0.0,0.047828276,0.0,-0.05490001,0.0,-0.06466357,0.097798884,-1.6318499,0.013271032,0.030478533,-0.31990194,-0.00839056
0.21129438,0.6387246,0.0486763,0.013665182,0.00040030174,0.021104472,0.025095379,-0.030528698,0.0,0.07261938,0.29704216,0.08636551,0.0,0.1155039,0.0,0.14934774,0.0,0.12620194,0.0,0.0712319,0.0,-0.014945874,0.0,-0.07407741,0.27593672,0.37590015,-0.23055035,0.005074852,0.20233043,-0.0044236733
0.10725568,-1.767956,0.006998495,-0.0449214,0.0496369,0.037397116,-0.0040509617,-0.02253711,0.0,-0.07024081,0.2594656,0.06080774,0.0,-0.09027592,0.0,-0.004344131,0.0,0.056448556,0.0,0.13066934,0.0,-0.27460095,0.0,-0.1849381,-0.9769875,0.24322988,-0.14428203,0.000914434,-0.25412732,-0.0022126313
-0.046538666,-0.3242862,0.09047236,-0.101004854,0.059206523,0.077433966,0.0012228175,-0.03126539,0.0,0.015729157,-0.25794676,0.07483417,0.0,0.09211149,0.0,-0.00035922247,0.0,0.024273284,0.0,-0.34413403,0.0,0.11626612,0.0,0.24374527,-0.5062746,0.28556108,0.15150347,-0.01370753,-0.16169187,0.054123674
-0.04773942,1.3790424,0.046951156,-0.093744494,-0.04533165,0.002579179,0.060596768,-0.044406213,0.0,-0.071527556,0.35954145,0.098575555,0.0,0.12074163,0.0,0.021698676,0.0,-0.01617363,0.0,0.1557347,0.0,0.0548763,0.0,0.067646265,0.21675359,0.42004117,0.069654696,0.0024860185,0.21091634,-0.005654858
-0.033558473,-0.23130669,-0.4901663,-0.20165166,0.015906846,0.12843104,-0.061723534,-0.060161714,0.0,0.04625725,-0.4290813,0.078501604,0.0,0.035732083,0.0,0.08095327,0.0,-0.019589894,0.0,0.093874164,0.0,0.059013296,0.0,-0.06848132,0.18597437,0.28427112,-0.20941119,-0.0059904014,0.3481526,-0.0023345717
-0.069081604,-0.31436467,-1.1722841,-0.48338336,0.033799127,-0.0043079667,-0.081479296,-0.062358815,0.0,-0.11260264,-0.28706056,-0.5614303,0.0,0.0048914584,0.0,0.021273315,0.0,-0.007628067,0.0,0.043546725,0.0,-0.10152763,0.0,-0.22396238,-0.9434986,0.17440404,-0.1708889,-0.02842094,-0.16620669,0.0050678453
-0.027723994,-0.5297446,0.3804188,-0.023514152,0.015856728,-0.04857128,0.041277945,-0.027492328,0.0,0.008729245,0.37963796,0.07654793,0.0,0.068193324,0.0,-0.004491807,0.0,-0.00010167308,0.0,0.14889099,0.0,0.08718859,0.0,0.098937824,0.2040613,0.37980682,0.13675076,-0.01223891,0.23740603,-0.0052531436
0.001499054,-1.4073468,0.7058834,-0.064110726,0.11023653,-0.023315879,0.01963084,-0.0324918,0.0,0.055819407,0.2574435,0.081425905,0.0,0.06103885,0.0,0.11569906,0.0,-0.13083796,0.0,0.13569526,0.0,0.12538977,0.0,0.2460346,-0.6415028,0.27968922,0.12640856,-0.0071328175,-0.20607258,-0.0031378628
-0.03590171,-0.53534126,-0.38766482,-0.42039323,0.0008694978,-0.02966359,-0.040870357,-0.033835057,0.0,-0.033786237,-0.428771,0.057855375,0.0,-0.2852395,0.0,-0.15408738,0.0,-0.00037646148,0.0,-0.52426434,0.0,-0.049221408,0.0,0.07798116,0.11794662,0.30658343,0.06282598,0.0055885864,-0.16827694,0.009090627
-0.15227935,-0.90779084,-0.121611536,0.06504928,-0.1399053,0.03248483,0.09325495,-0.03390181,0.0,-0.025620114,0.25224173,0.06319569,0.0,-0.20642316,0.0,-0.20631684,0.0,0.012302081,0.0,0.034242272,0.0,0.08263011,0.0,0.17558399,-0.5681103,0.2862437,-0.19931976,-0.008480989,-0.16684465,0.008149085
-0.046865214,-0.7399037,-0.14151624,-0.20247397,-0.0396699,-0.059808496,0.00935012,-0.034068145,0.0,-0.055788662,0.35142013,0.07818454,0.0,0.07123938,0.0,0.0034353507,0.0,-0.0018501808,0.0,0.17306034,0.0,0.07966718,0.0,0.093528,0.17429434,0.36920133,0.1394997,-0.009751743,0.22421238,-0.005923031
-0.0011516048,-0.11369184,1.1969032,0.48938236,0.19029896,-0.13076633,-0.2075619,-0.017982017,0.0,0.120469384,0.264826,0.076625295,0.0,0.07659801,0.0,0.12879312,0.0,0.016269632,0.0,-0.36673367,0.0,0.08701074,0.0,0.24267034,-0.5994623,0.27978566,0.123906694,-0.0061413287,-0.07384653,-0.0022149044
0.17764853,-0.62150145,0.6817278,0.2024559,0.05894962,-0.046539214,0.052929807,-0.014204146,0.0,0.06520998,0.3398818,0.07690857,0.0,0.10862241,0.0,-0.33184525,0.0,0.002450757,0.0,-0.4153431,0.0,0.07195586,0.0,0.063751325,0.15268934,0.3825917,0.1442618,-0.019080333,0.25145254,-0.01523383
-0.036260642,-0.14333889,-1.1653321,-0.16560632,-0.0804327,-0.010166494,0.034098923,-0.044857144,0.0,-0.06373256,-0.45607817,-0.41265377,0.0,0.035404332,0.0,0.096225865,0.0,-0.0036943187,0.0,0.06549803,0.0,-0.053662475,0.0,-0.0925067,0.2008298,0.27357298,0.0503742,0.012914377,-0.2167867,0.019073758
-0.007724694,-0.20255218,-0.5997617,-0.32131815,0.007253089,0.029393626,0.02771761,-0.048967473,0.0,0.091812,-0.451165,-0.6011138,0.0,0.014005975,0.0,0.07304932,0.0,-0.002041717,0.0,0.062335048,0.0,-0.05627655,0.0,-0.09855946,0.19938639,0.24587739,0.011370948,0.10459,-0.19860649,-0.00678643
-0.04018216,0.2896957,-0.032811515,0.08203152,-0.00057663897,0.0044239946,0.05082739,-0.030541891,0.0,-0.06844512,-0.4716452,-0.40070266,0.0,0.039300133,0.0,0.058446944,0.0,-0.029496074,0.0,0.054711156,0.0,-0.06592584,0.0,-0.08139826,0.20407103,0.29786807,0.06248258,0.034778364,-0.17924798,-0.028903864
-0.048942413,0.17444435,0.12590425,-0.5943304,0.06530289,-0.0344857,-6.05972e-05,-0.022143658,0.0,-0.07976694,-0.45117173,0.09790681,0.0,-0.21847624,0.0,-0.21038042,0.0,0.03328967,0.0,-0.27541736,0.0,0.08015177,0.0,0.072120704,0.12540354,0.3092794,-0.41023096,-0.005481652,-0.13083325,-0.0018717982
-0.087923616,0.49379745,-0.4951779,-0.09761103,0.08268591,0.0041448595,-0.14998324,-0.017443215,0.0,-0.008851885,-0.34714442,0.13497873,0.0,-0.5135038,0.0,0.07003458,0.0,-0.022984061,0.0,-0.25105602,0.0,-0.03168961,0.0,0.044072777,0.17242418,0.34464172,0.046221856,-0.00022334594,-0.11829033,-0.0024694174
-0.08086897,1.1884657,-0.23411965,0.7360055,-0.007140558,-0.0017862408,0.06828673,-0.029553201,0.0,-0.0019679961,-0.41671035,-0.2898602,0.0,0.038851798,0.0,0.024211513,0.0,-0.013763722,0.0,0.08205264,0.0,-0.07697941,0.0,-0.06066485,0.25613794,0.3394798,-0.19716239,-0.002798488,-0.22802556,0.09116648
-0.05126531,-0.38558403,-0.3120013,0.087792635,0.14836438,-0.13978139,-0.17713168,-0.016007792,0.0,0.12414008,0.18558766,0.051873352,0.0,0.11790941,0.0,-0.33061752,0.0,0.013230618,0.0,0.037750334,0.0,0.048722014,0.0,0.03193967,0.06610798,-2.43826,0.0059252633,-0.023189276,-0.105509944,-0.0029463735
-0.0030880203,-1.7489406,-0.34827924,-0.37432027,-0.028674344,-0.029783582,0.0056856386,-0.034599148,0.0,0.06187437,0.38607317,0.067942835,0.0,0.05816964,0.0,0.04164598,0.0,0.059467524,0.0,0.13943188,0.0,-0.17901443,0.0,0.0955834,0.22393915,0.3554698,-0.29072025,-0.018317433,-0.23816411,-0.036785167
-0.07323532,-0.6014075,0.23421097,-0.66000813,0.051262632,0.050820526,0.015072953,0.28750822,0.0,-0.071539745,-0.31924996,0.09003298,0.0,0.03672971,0.0,0.07715554,0.0,-0.005943439,0.0,0.18939418,0.0,0.064672835,0.0,0.10339627,0.13267398,0.30238804,0.11853679,0.0055145714,0.28888434,0.005948927
0.10270262,0.1093918,0.00088847143,-0.62448096,-0.00772689,-0.046986148,-0.006335124,-0.031500716,0.0,-0.12107629,0.4022717,0.08477541,0.0,0.07638769,0.0,0.009261532,0.0,-0.0045092236,0.0,0.122974485,0.0,-0.058948096,0.0,0.09197028,0.19898123,0.35943207,0.14688236,0.006850774,0.20115568,-0.014325157
-0.0028847712,-1.474564,-0.20671955,-0.12836929,-0.06405443,0.079668276,-0.026538089,-0.026432278,0.0,0.08654405,-0.1937675,0.036875002,0.0,-0.1773323,0.0,-0.081145085,0.0,0.010606662,0.0,-0.5238797,0.0,0.066311,0.0,-0.04002346,0.097176485,-1.7211492,-0.11231854,-0.030313568,-0.26455295,0.009072042
-0.0043834667,-1.1493875,0.060123995,-0.070307285,-0.024507925,0.012397247,0.017343825,-0.035059955,0.0,0.022783088,0.23573525,0.0580459,0.0,-0.2506009,0.0,-0.029811507,0.0,0.068118416,0.0,0.1466973,0.0,-0.20678239,0.0,-0.037753172,-0.7658453,0.2696907,0.10406126,-0.012138748,0.3957666,0.009649319
-0.057226874,-0.44635326,-1.7429186,-0.41391847,0.0310808,0.01053081,0.018476516,-0.07989616,0.0,-0.008307443,-0.27445102,-0.5681865,0.0,-0.01674748,0.0,0.02722063,0.0,-0.0007863243,0.0,0.059925303,0.0,-0.08117323,0.0,-0.22020936,-0.9570974,0.08490498,-0.323842,0.0077814804,-0.18454188,0.016850108
-3.4846133e-05,-0.4025711,0.0972036,-0.68596715,0.018228164,-0.026113983,-0.005246298,-0.058580942,0.0,-0.08734512,-0.21165,-0.28021726,0.0,0.0034817813,0.0,-0.02384599,0.0,-0.0026152013,0.0,0.08874686,0.0,-0.027844794,0.0,-0.06061153,0.0983588,-1.4307071,-0.100801855,0.038929265,-0.2924733,0.013718429
0.22617084,-0.98879606,-0.5411962,-0.47962266,0.019365888,-0.055837173,0.028724093,-0.034332275,0.0,0.05574778,-0.24634132,0.056721922,0.0,-0.10484882,0.0,-0.011222601,0.0,0.03224151,0.0,-0.39885086,0.0,-0.067337394,0.0,-0.20267805,-0.71512514,0.21416447,0.06583134,0.110418245,-0.30384952,-0.0012038746
-0.11752699,-0.7144375,-0.18274325,-0.27331576,0.03685323,-0.13627124,-0.0042869933,-0.047826115,0.0,-0.081443,-0.39259735,0.05571716,0.0,-0.06810057,0.0,0.045972366,0.0,0.012738536,0.0,-0.36442462,0.0,-0.056570493,0.0,-0.06505584,0.21456245,0.2818949,-0.1512743,-0.0029465363,-0.22392125,-0.04180342
0.01651663,-0.63981384,-0.45369008,-0.086024836,-0.067186736,0.076137654,0.038031958,0.36013606,0.0,-0.08427093,-0.16989419,0.04346147,0.0,0.02224324,0.0,0.008959926,0.0,-0.020383682,0.0,-0.5136792,0.0,0.085636735,0.0,0.049064502,0.07735983,-1.860613,-0.15276195,-0.016208764,-0.2799572,-0.003366115
-0.080052756,-0.41249785,-0.75777155,0.27018642,0.11729219,-0.16686757,-0.21142016,-0.012675438,0.0,0.131466,0.16216747,0.038188685,0.0,-0.31836867,0.0,-0.32615235,0.0,0.022587476,0.0,-0.04421387,0.0,0.048722014,0.0,0.024267929,0.06543287,-2.3579044,-0.021233,-0.023028929,0.11527183,0.008813247
-0.03607617,0.546221,0.19273467,0.16125435,-0.021427093,0.00065782736,0.03165248,-0.033919238,0.0,0.12685978,0.42016098,0.09454911,0.0,0.079371676,0.0,0.0635181,0.0,-0.0018915155,0.0,0.11840645,0.0,-0.064904876,0.0,0.10065292,0.20841306,0.4361392,0.09419467,0.0013054358,-0.093351506,-0.0038743394
-0.085693344,-0.49670088,0.14807005,-0.20222078,0.07939303,0.14150211,0.015241878,-0.055283383,0.0,-0.03024809,-0.25036246,0.06634211,0.0,0.0026877916,0.0,0.0054778364,0.0,0.006141609,0.0,0.10564681,0.0,-0.08550031,0.0,-0.22648259,-0.9518732,0.21412283,-0.21697086,0.013109718,-0.22685204,0.018595295
-0.06255446,-0.13353857,0.10594289,-0.4167109,0.011672046,0.04227877,0.017933993,-0.016763357,0.0,0.09783002,-0.20407832,0.037806313,0.0,-0.13493833,0.0,0.17213808,0.0,0.030241545,0.0,-0.24166584,0.0,0.001808581,0.0,0.05041374,0.08035455,-2.1074944,-0.11320869,0.02025485,-0.23652679,0.0058868807
-0.08141439,0.24770209,-0.019461839,-0.3713673,-0.006532967,-0.0005174344,0.03382704,-0.041244127,0.0,-0.026038496,0.31491628,0.07124469,0.0,-0.7761369,0.0,0.07265296,0.0,-0.017673315,0.0,0.08611149,0.0,-0.045423813,0.0,-0.07001718,0.25004676,0.37342414,0.06763074,0.008611221,0.18117955,-0.00609516
-0.043423723,1.1829082,-0.28178084,0.25082672,-0.00097544305,0.0047171824,0.0559479,-0.045371853,0.0,-0.022250388,-0.3485427,0.15909526,0.0,0.08717963,0.0,0.03911938,0.0,-0.017077725,0.0,0.14906085,0.0,-0.028142523,0.0,0.07700119,0.21108054,0.3555239,0.076203,0.0008339558,0.33898473,0.008409752
-0.03038271,-0.55873215,0.6400558,0.15405259,-0.11587343,0.0024430535,0.039904427,-0.030388685,0.0,0.06743161,0.35314685,0.079166986,0.0,0.06690041,0.0,0.11211616,0.0,-0.028559597,0.0,0.15603037,0.0,0.08764277,0.0,0.08134473,0.2211835,0.25436997,0.13853574,-0.0062674726,0.24498686,-0.0042700353
-0.045444705,0.45662183,-0.1839164,-0.04642676,0.0037742988,0.00033771663,0.033334423,-0.023806171,0.0,0.092067294,0.31334007,0.07322762,0.0,0.17152138,0.0,0.08764105,0.0,0.0007610107,0.0,0.08116358,0.0,-0.039390884,0.0,-0.07647312,0.26020813,0.3771159,0.090904504,0.0074652154,0.19962756,-0.003738694
0.1161997,0.5026302,0.27088895,0.1533282,-0.0009905156,0.015555449,0.028923811,-0.027572308,0.0,0.1538917,0.40264547,0.09463923,0.0,0.07270943,0.0,0.015096901,0.0,-0.0031277582,0.0,0.111937955,0.0,-0.05692317,0.0,0.10096438,0.21348655,0.42541027,0.094330974,-0.033428546,-0.10777685,-0.012821356
-0.023130726,-0.18621323,-0.24090995,-0.5655097,-0.018347397,0.010447052,-0.13240074,-0.036546685,0.0,-0.093454264,-0.42888838,-0.41392565,0.0,0.018489767,0.0,0.1520687,0.0,-0.018729635,0.0,0.06577346,0.0,-0.05338089,0.0,-0.06586007,0.19907488,0.24015866,-0.1469895,-0.00043176766,0.3061495,0.052517146
-0.015414086,-1.3421668,-0.20467463,0.21101308,0.11651077,-0.0031618234,-0.02163493,-0.05103903,0.0,-0.06667735,-0.2749624,0.06792855,0.0,-0.22380514,0.0,-0.024220614,0.0,0.08929707,0.0,0.15807734,0.0,0.15514031,0.0,0.24894045,-0.42728856,0.2626564,0.08990959,0.0013418859,-0.24124546,0.008223154
0.11699733,-0.43139395,0.5504217,0.1898328,0.14845969,-0.046795413,0.057031743,-0.034911253,0.0,0.029027622,0.35079098,0.0854354,0.0,0.10906276,0.0,-0.33565885,0.0,0.018826826,0.0,0.10673069,0.0,0.0885088,0.0,0.08331415,0.18652095,0.38439983,0.09851391,-0.007441304,0.24316388,-0.01523383
-0.030281082,-0.1249868,-0.14479585,0.24201037,0.05226674,-0.021155998,-0.08390354,-0.030587953,0.0,-0.016269425,-0.25426745,0.05842304,0.0,-0.32677874,0.0,0.011673338,0.0,0.00085259887,0.0,-0.41076776,0.0,-0.08314853,0.0,0.24730153,-0.47238567,0.26838678,0.08323691,-0.01614848,-0.14915705,0.007329461
-0.10116431,-0.4305286,-0.12730238,-0.5106424,0.12055086,-0.04360605,0.03822891,0.27063307,0.0,-0.08878058,-0.20982814,0.05773497,0.0,-0.21397367,0.0,-0.09721107,0.0,0.014640942,0.0,-0.49541318,0.0,-0.097333476,0.0,-0.231495,-0.8142488,0.21187657,0.061204407,0.0032367846,-0.19782802,-0.049810436
-0.0065849125,-1.3640753,-0.60034484,-0.49514195,0.028138164,-0.012298025,-0.06845604,-0.04820617,0.0,0.06349389,-0.21759641,-0.42346382,0.0,-0.0031173883,0.0,-0.030846398,0.0,-0.10334291,0.0,0.053781357,0.0,-0.10954527,0.0,-0.03497241,0.09505977,-1.8344865,0.013949411,-0.018045427,-0.28927076,-0.0057750344
-0.036726598,-0.63242495,-0.032753862,-0.20769678,0.07511497,-0.07172523,-0.15092246,-0.031603802,0.0,-0.09963116,-0.2594948,0.06618624,0.0,0.008570374,0.0,-0.07825132,0.0,0.0064483527,0.0,-0.40275785,0.0,-0.089967646,0.0,-0.19820249,-0.9069784,0.19746271,-0.32524273,0.04042986,-0.2436717,0.008013798
0.13122144,-0.72986525,0.073616765,-0.36822215,0.0039990772,0.07641721,0.009493185,-0.035899557,0.0,-0.03985477,0.3873566,0.07559425,0.0,0.062835395,0.0,0.0934995,0.0,0.028446537,0.0,0.15254863,0.0,0.080068685,0.0,-0.093227364,0.26245216,0.39371544,0.11947786,-0.0100729605,-0.17873584,-0.010488099
-0.07980488,0.51067764,-0.34814358,-0.1385936,-0.00084815174,-0.00205938,0.055864397,-0.016997272,0.0,-0.050327912,-0.41586432,-0.5926731,0.0,0.050399896,0.0,0.104422346,0.0,-0.018271621,0.0,0.037125766,0.0,-0.083619095,0.0,-0.06871773,0.25429744,0.31778276,-0.1567816,-0.0033745144,-0.13626866,-0.008680171
-0.06459845,0.69634515,-0.09441573,0.20952319,0.09395307,0.074516684,0.04568285,-0.04028261,0.0,-0.042429592,-0.3370207,0.15470545,0.0,0.061208304,0.0,-0.019138215,0.0,-0.0193948,0.0,0.086835235,0.0,-0.07675322,0.0,-0.06637071,0.23008966,0.35700935,0.18004431,-0.0046720835,-0.15177585,0.017519902
-0.0461645,-0.4573303,-0.008751186,-0.24760407,-0.018612625,0.10366812,0.003527319,-0.02760718,0.0,-0.011935161,0.39683324,0.05403778,0.0,-0.18373647,0.0,0.09765818,0.0,-0.0032994782,0.0,0.15723713,0.0,-0.053953335,0.0,-0.09037756,0.29135942,0.3726135,-0.1489762,-0.0011130946,-0.18064414,-0.022374935
-0.004073194,-1.1053338,-0.06761791,-0.48014858,-0.01025009,0.033373058,-0.08027576,-0.045295436,0.0,0.0038861155,-0.21759641,-0.25449368,0.0,0.113690145,0.0,-0.117685124,0.0,0.033575077,0.0,0.14183277,0.0,-0.04780808,0.0,-0.06416065,0.1620382,-1.4111065,0.022943277,0.03102106,-0.33510476,-0.03324744
0.23931591,0.6965602,-0.4325688,0.34481877,-0.039302636,0.10531382,0.033100687,-0.043656416,0.0,0.07618163,-0.30302352,0.15351406,0.0,0.06422018,0.0,0.027516497,0.0,-0.010573479,0.0,0.03271175,0.0,-0.029722074,0.0,-0.073003665,0.23341194,0.35472658,0.15836595,0.0025471048,-0.15882638,-0.0036482324
-0.09584845,0.30339617,-0.88249165,0.070766516,0.07098998,-0.010994122,-0.18401453,-0.02322267,0.0,-0.05522744,-0.44921067,-0.5606331,0.0,0.020296862,0.0,0.023518573,0.0,-0.024585016,0.0,0.054346494,0.0,-0.03902281,0.0,-0.066662855,0.24123396,0.2998214,-0.1660597,0.026739225,-0.15322644,-0.007410449
0.28867373,-0.48709315,-0.049274523,-0.19862328,0.0334326,0.06740499,0.020686908,-0.030524002,0.0,0.07273292,0.3595353,0.062087532,0.0,-0.18124329,0.0,0.17999521,0.0,0.0011114002,0.0,0.14304872,0.0,-0.047642432,0.0,-0.066007964,0.2382087,0.35294092,0.06343223,-0.006845158,0.3842814,-0.003873021
0.00065445923,0.5678576,0.26096356,0.10218239,-0.008826867,0.019696822,0.032406256,-0.03041077,0.0,-0.08406134,0.37503412,0.08169057,0.0,0.18263397,0.0,0.08763642,0.0,-0.008438063,0.0,0.10869398,0.0,0.09142591,0.0,-0.06971947,0.23926252,0.39985338,0.09556083,0.004212015,0.14327493,-0.0059042317
-0.033742554,-0.44807363,-0.26748565,-0.017477246,-0.04385508,0.08944444,0.03240974,-0.046594813,0.0,0.022163084,-0.41012627,0.08028807,0.0,0.052471533,0.0,0.022488624,0.0,0.00043248606,0.0,0.08207311,0.0,-0.041765302,0.0,-0.09388568,0.20779076,0.30323613,0.09115279,0.03537466,-0.25106892,-0.001935432
-0.05615461,-0.8351148,-0.029765628,0.17363456,0.08197624,0.030846879,0.0407886,-0.018495403,0.0,-0.07282702,0.38604844,0.06261521,0.0,0.10112446,0.0,-0.033608593,0.0,0.012530356,0.0,-0.6209227,0.0,-0.10246441,0.0,-0.06549147,0.27022803,0.37068757,0.14763309,-0.017040813,-0.22004709,0.012213137
-0.09543645,-0.43864605,0.33949533,0.13139746,-0.19479358,-0.048838712,-0.19697155,-0.025395174,0.0,0.06369008,0.24167512,0.08379879,0.0,0.059120025,0.0,-0.14167905,0.0,0.03630981,0.0,0.13320132,0.0,0.06061176,0.0,0.16019745,-0.72120196,0.2962426,0.11010131,-0.005599256,0.22529691,-0.004310861
-0.021163894,-0.39501068,0.0765265,0.19757475,-0.014210928,-0.07845286,0.024006603,-0.020803642,0.0,-0.026015885,0.38368726,0.06507933,0.0,0.046101607,0.0,-0.1425881,0.0,0.000118615804,0.0,0.103601314,0.0,-0.04630676,0.0,-0.09111275,0.2646845,0.37025297,-0.46331632,0.05600914,-0.17016357,-0.0050188988
0.21146859,0.62157965,0.13077676,-0.008972959,0.0034501962,-4.4325134e-07,0.047466766,-0.031459965,0.0,0.09024405,0.3159792,0.088823415,0.0,0.1477447,0.0,0.07444055,0.0,-0.011742078,0.0,0.060500883,0.0,-0.03911474,0.0,0.1150785,0.23160866,0.3836504,0.105540864,0.001707531,0.15734462,-0.004632264
0.10049999,-1.4825399,-0.5832042,0.6002943,0.038548533,-0.0047079325,-0.059374735,0.22410958,0.0,-0.04316009,-0.16719145,0.0397003,0.0,-0.1957362,0.0,0.075907506,0.0,0.017278679,0.0,-0.7754818,0.0,0.081353895,0.0,0.048233815,0.08531818,-1.8343308,0.042247757,0.0031704428,-0.2780942,-0.002938844
-0.02488987,0.21724063,0.8390593,-0.40519544,0.025120463,0.020395221,0.07380258,-0.016785938,0.0,0.052466985,0.43343297,0.088359214,0.0,0.0843217,0.0,0.116861954,0.0,0.024977876,0.0,0.10937242,0.0,0.071384236,0.0,0.108580396,0.16965947,0.37288058,0.15818115,-0.060436133,-0.16042389,-0.0064252205
-0.06417583,0.82161564,-0.103260055,0.005641781,-0.013339468,0.012395396,0.04195924,-0.01514535,0.0,-0.09302109,-0.3206519,0.14365755,0.0,0.080736585,0.0,0.12065158,0.0,-3.9231963e-07,0.0,-0.24943076,0.0,-0.013915374,0.0,-0.04723602,0.24660443,0.34914285,-0.17185856,0.00012970611,-0.13720126,0.013281477
-0.055479646,-0.6309486,-0.2563978,-0.20618653,-0.042443547,0.08845724,-0.053692736,0.12054153,0.0,-0.08703562,-0.36100355,0.06502825,0.0,-0.0022209217,0.0,0.06825619,0.0,0.011576458,0.0,-0.45719042,0.0,0.0693026,0.0,0.078036256,0.16296235,0.30681005,-0.27051127,-0.034585822,-0.1958354,-0.002537417
0.059046477,-1.3820534,0.0558887,0.0046817358,0.025861908,-0.0038405866,-0.061451916,-0.038696155,0.0,0.053116523,0.3527673,0.06311524,0.0,-0.2568236,0.0,-0.17117026,0.0,-0.09989895,0.0,0.16114278,0.0,-0.19908188,0.0,0.06240185,0.16514069,0.36544317,0.07118547,-0.008553605,0.24994673,-0.001246779
0.0057968916,0.5240706,-0.29077828,0.037247002,0.010761197,-0.0022718906,0.02807729,-0.011371343,0.0,-0.07242272,0.3228736,0.06879827,0.0,0.11257681,0.0,0.059835844,0.0,0.05162523,0.0,0.062278647,0.0,-0.06304956,0.0,-0.07553115,0.28829283,0.40715936,0.115245074,-0.09424186,-0.124605685,-0.0077136215
-0.046894047,0.84371,-0.323013,0.08633727,-0.019191105,0.004692251,0.03666521,-0.026341356,0.0,-0.08417208,-0.3052472,0.14508386,0.0,0.09986767,0.0,0.038736686,0.0,0.0049398597,0.0,-0.7731488,0.0,-0.057150707,0.0,-0.044296566,0.23803374,0.3535087,0.078799844,-0.00029837445,0.2243414,0.008409752
-0.023216732,-0.2934996,-0.3032314,-0.04468244,0.022651825,-0.058706347,0.011115896,-0.04763348,0.0,0.010346297,0.26026046,0.07035234,0.0,0.0626026,0.0,-0.051412303,0.0,-6.1458326e-05,0.0,0.07522594,0.0,-0.104925044,0.0,-0.25559163,-1.0576133,0.2572757,0.13308832,-0.007756239,-0.18376148,-0.0022347812
-0.028036732,0.21846202,-0.13471343,-0.5265486,0.0029319883,0.076955944,0.0022036864,-0.028273052,0.0,0.048119057,0.4043337,0.079454914,0.0,0.079663485,0.0,0.06714069,0.0,-0.0037944205,0.0,0.09421518,0.0,-0.05679026,0.0,-0.08644631,0.26131275,0.39069745,0.13146165,0.0026393721,-0.17475292,-0.004444663
-0.04164387,-0.20123926,-0.21547623,0.53765047,0.007969237,0.14776178,0.021580217,-0.06837907,0.0,0.04076245,-0.21638826,-0.3098615,0.0,0.007879198,0.0,0.23343505,0.0,-0.00401284,0.0,0.020795964,0.0,-0.029278388,0.0,-0.056911964,0.11131768,-1.6875508,-0.114808336,-0.008545645,-0.11751949,0.009380835
-0.07722039,-0.53634727,-0.39717332,-0.44529018,-0.06545198,0.030850174,0.0022879948,-0.0714637,0.0,0.04328174,-0.24340382,0.07909738,0.0,0.04610335,0.0,0.0063074795,0.0,-0.0003308527,0.0,0.087811925,0.0,-0.070555344,0.0,-0.14217153,-0.74886304,0.21287669,0.16933894,-0.01227226,0.4207889,-0.0021193763
-0.045974523,0.41969198,-0.25815934,-0.0025208034,-0.0027302415,-0.0123820575,0.031387042,-0.028462492,0.0,0.12738033,0.29546598,0.074011445,0.0,0.13761099,0.0,0.15630423,0.0,-0.00018538185,0.0,0.10678873,0.0,-0.04428492,0.0,-0.075311705,0.27041897,0.36514974,-0.21078777,0.0055251447,0.19883116,-0.0036869086
0.00063159806,0.4188477,-0.17201355,0.18018785,-0.011275341,-0.0031224592,0.023380041,-0.029353574,0.0,-0.08244509,0.3359905,0.071865246,0.0,0.15321568,0.0,0.0732789,0.0,0.2532845,0.0,0.09846334,0.0,-0.067742765,0.0,-0.07014584,0.25471482,0.3787901,0.119925015,0.009077464,0.18233722,-0.004372393
-0.034773245,-0.72666556,0.024801636,-0.3268896,0.042577047,0.10488555,0.028522909,-0.028704839,0.0,0.026476767,0.41173318,0.07058466,0.0,0.057458602,0.0,0.09390442,0.0,0.029519472,0.0,0.15308829,0.0,-0.07137908,0.0,0.11947751,0.24015163,0.3954819,-0.27252835,-0.007271561,-0.17841104,0.03242619
0.013989824,-1.451299,0.6372531,0.28783607,0.1218917,0.03677101,0.038909167,-0.020312598,0.0,0.039350566,0.33876264,0.06858087,0.0,0.060329147,0.0,-0.33147326,0.0,-0.09533092,0.0,-0.41071248,0.0,0.08695388,0.0,0.030013358,0.14585003,0.32900375,-0.4018996,-0.010074721,0.19039199,-0.0035092519
-0.007150368,-0.44284812,1.4824132,-0.3168811,0.0031363643,0.23513184,0.02690475,-0.03792326,0.0,-0.005395674,0.1745705,0.047158927,0.0,0.048987824,0.0,0.20188887,0.0,0.24552691,0.0,0.18357028,0.0,0.0647097,0.0,0.03786968,0.120253704,-1.1054236,-0.2886664,-0.0024852955,0.32686114,-0.0025822497
-0.06611326,-0.3414499,0.17275232,-0.28601038,-0.13771509,0.06542858,0.055566058,0.29204044,0.0,-0.028654449,-0.32382503,0.06517304,0.0,-0.13608867,0.0,-0.2966278,0.0,0.0017473953,0.0,0.17686684,0.0,0.08087946,0.0,-0.07349589,0.16499981,0.2818586,-0.15579888,0.010543027,0.2826583,0.006696691
-0.04285215,0.09412023,-0.100852564,0.081856035,0.009114343,-0.0076662526,0.05060341,-0.030349873,0.0,-0.08877,-0.4577622,-0.35053718,0.0,0.025080875,0.0,0.12375528,0.0,-0.026409686,0.0,0.05372785,0.0,-0.06628654,0.0,-0.07869687,0.21639012,0.28542635,-0.18356639,0.016014226,-0.17924798,-0.028503012
-0.03496999,-0.94587326,-0.407138,0.5103482,-0.09540543,-0.3074106,0.048821233,-0.057820354,0.0,-0.020130947,-0.2185987,-0.35777137,0.0,0.015368652,0.0,0.13192755,0.0,-0.0049676737,0.0,0.07827201,0.0,-0.013444357,0.0,-0.062333692,0.10886877,-1.5958964,-0.0070911925,0.02912862,-0.20719923,0.016179578
-0.0022951541,0.5075494,-0.38960984,0.09940593,-0.0034736479,-0.0034471857,0.028014079,-0.028757205,0.0,0.0844523,0.3666443,0.067813374,0.0,0.14916344,0.0,0.07827272,0.0,-0.024467677,0.0,0.09345284,0.0,-0.06538974,0.0,-0.081278235,0.28304794,0.40399086,0.073453955,0.0076299245,-0.1372932,-0.0044258637
-0.04365011,1.2523813,-0.26151848,0.2966403,0.00045272498,0.0040876535,0.040946092,-0.04497027,0.0,-0.025840342,0.33794695,0.0836102,0.0,0.083326,0.0,0.015640708,0.0,-0.010939287,0.0,0.18753734,0.0,-0.041876726,0.0,-0.05426545,0.27621493,0.39957738,0.08059758,0.0086993715,0.31284037,0.007863378
-0.08335599,0.122920126,0.37769073,-0.20579202,0.046545632,-0.008166861,-0.23822747,-0.022280505,0.0,-0.07458466,-0.329803,0.12486996,0.0,-0.44654942,0.0,0.15611014,0.0,-0.014183844,0.0,0.0514133,0.0,-0.037058476,0.0,-0.060089666,0.2275393,0.31734884,-0.14337622,0.0014205411,0.22182223,0.021661285
-0.036873676,-0.74333274,-0.22117148,-0.47550437,-0.059993118,-0.04747714,0.022883814,-0.03230412,0.0,0.008451488,-0.27916017,0.06919632,0.0,0.09270582,0.0,-0.01502993,0.0,0.00048701762,0.0,-0.5457557,0.0,0.11216218,0.0,0.22040713,-0.59351516,0.26633912,0.164006,-0.007900875,-0.1816217,0.049433682
-0.047798596,0.6576123,0.09481953,-0.08372103,-0.035193987,0.011362522,-0.2303166,-0.016037937,0.0,-0.08591624,-0.3558045,0.13057198,0.0,0.09106064,0.0,0.15325236,0.0,-0.011900428,0.0,0.057764485,0.0,-0.00967415,0.0,-0.07088839,0.253967,0.3493173,-0.1920662,-0.00036758574,-0.15633918,-0.051866367
0.12023525,-0.5617591,0.1880146,0.06867774,-0.19672057,-0.06331547,0.042493183,-0.023077963,0.0,-0.047411866,0.25042376,0.06901783,0.0,0.022880852,0.0,-0.17689644,0.0,0.03240385,0.0,0.14763553,0.0,0.08687536,0.0,0.18850946,-0.6629927,0.17641246,-0.4658857,0.00049085636,-0.10103071,-0.010053366
-0.028723855,0.03995333,0.07750618,-0.09801024,0.0015958454,0.048847076,0.0111189755,-0.038584813,0.0,-0.040223032,0.40075508,0.08396469,0.0,0.08453532,0.0,-0.12848525,0.0,0.035167754,0.0,0.10789147,0.0,-0.059785575,0.0,-0.071896486,0.23231226,0.36169645,0.18949573,0.0011649069,0.19155931,-0.004158044
-0.029265068,-1.3726863,0.31977522,0.55503196,0.08506494,-0.08016487,0.023704572,-0.024372207,0.0,0.03943531,0.18082924,0.037085406,0.0,-0.24777178,0.0,-0.23541428,0.0,-0.029211747,0.0,0.013493221,0.0,0.04962771,0.0,0.030611506,0.08405208,-2.6288464,0.07442346,-0.02290768,-0.116896175,0.007896397
0.12909836,-0.67295647,0.029626103,-0.3497555,0.002045455,-0.04769968,0.010578548,-0.03986527,0.0,-0.04501299,0.3489317,0.07631491,0.0,0.068995595,0.0,0.021268863,0.0,-0.00073779124,0.0,0.17406921,0.0,-0.045644518,0.0,0.10319439,0.22366925,0.35789853,0.13816567,-0.0011847911,0.23738407,-0.008330556
-0.03755102,0.23525433,-0.34123287,-0.05707413,-0.005784106,-0.0070327697,0.03618728,-0.03769997,0.0,-0.10860727,-0.38078454,0.099120386,0.0,-0.107816964,0.0,0.12965837,0.0,-0.014205835,0.0,-0.291467,0.0,-0.046980325,0.0,-0.04702448,0.19867386,0.29111096,-0.14438514,-0.0020888352,0.20813318,0.011218922
-0.07731708,0.29906714,-0.21119311,-0.10744907,0.025900882,0.01008593,-0.16083686,-0.008941261,0.0,-0.059860177,-0.28626046,-0.4520671,0.0,0.01612542,0.0,0.07635287,0.0,-0.02436163,0.0,0.048631664,0.0,-0.04825661,0.0,-0.20385,-0.9844091,0.21945062,-0.20673831,-0.1173051,-0.14837751,0.026898278
-0.0076576965,-1.0214065,-0.34856513,0.3660148,0.12804192,-0.045748804,0.039515376,-0.0215718,0.0,0.037144653,0.34160852,0.07410859,0.0,0.094652936,0.0,-0.25728473,0.0,0.027518272,0.0,0.00967644,0.0,0.06395518,0.0,0.037934717,0.11791922,0.33838704,0.10229187,-0.012950481,0.19467047,-0.0036923462
0.018690055,0.57637656,0.24504991,-0.13384694,0.0627819,-0.018972488,0.039155476,-0.026052844,0.0,0.09022279,0.3641286,0.07981133,0.0,0.15408723,0.0,-0.20349932,0.0,-0.0051657185,0.0,0.05683048,0.0,-0.06050624,0.0,-0.07733344,0.25522518,0.39391735,0.14091803,-0.00011773541,0.15728481,-0.0064902473
0.13125466,-0.20275131,1.0688031,-0.28011665,0.013611837,-0.019182414,0.02490427,-0.03199792,0.0,0.16689819,0.37963796,0.0809999,0.0,0.06437764,0.0,0.113508046,0.0,0.018894773,0.0,0.16098575,0.0,0.08608112,0.0,0.09939496,0.2027412,0.34156176,0.13746904,0.01672868,0.2563461,-0.0145023605
-0.028235443,-0.13776188,0.063876174,-0.3836183,-7.7660254e-05,-0.028144322,-0.10095378,-0.030094752,0.0,-0.03698918,0.42557022,0.07517775,0.0,0.0787847,0.0,-0.22418639,0.0,0.03461397,0.0,0.15624408,0.0,0.08942078,0.0,-0.10098472,0.26070163,0.41453588,0.12421015,-0.003680919,-0.16589412,-0.0053621545
-0.029482214,-0.53211564,-0.22007564,-0.5616617,-0.051298767,0.051054996,0.033822864,-0.039729845,0.0,0.052418284,0.35079098,0.075679585,0.0,0.082661144,0.0,-0.19511014,0.0,-0.00036724622,0.0,0.0985787,0.0,0.075533494,0.0,-0.06757057,0.2141336,0.37067184,0.17543206,-0.02546969,0.25867242,-0.006530986
0.03258531,-1.2798,1.0239583,0.14644825,0.101406105,-0.033065163,-0.07913646,-0.018641308,0.0,0.13971199,0.40415093,0.08391122,0.0,0.07209768,0.0,0.12719198,0.0,0.0013307743,0.0,0.11328389,0.0,0.08150915,0.0,0.09628289,0.21263658,0.33564475,0.098360516,-0.022283804,-0.20694135,-0.002663623
0.012901572,0.3966276,-0.23660086,-0.42093056,-0.00855476,0.033579912,0.037085354,-0.029321296,0.0,-0.070588514,0.33447388,0.07146445,0.0,0.12203195,0.0,-0.16041166,0.0,-0.003602272,0.0,0.10917321,0.0,-0.06718144,0.0,-0.07070048,0.25126627,0.38278827,0.18608876,0.0030780262,0.18494691,-0.00452684
-0.028707363,0.6296747,0.3239128,0.09136146,0.2600848,-0.0021258362,-0.16350561,-0.020618057,0.0,-0.03637417,0.46163988,0.08532776,0.0,0.07599175,0.0,0.055720206,0.0,0.04664628,0.0,-0.28836694,0.0,0.078693956,0.0,-0.030704575,0.23056234,0.3981528,0.12302267,0.0006850195,0.0788252,-0.0038578806
-0.073407516,-0.38289952,-1.1792258,-0.4041685,0.002605981,0.17075104,0.020630987,-0.070374124,0.0,-0.041063663,-0.21165,-0.35565826,0.0,0.022045176,0.0,0.08969355,0.0,-0.0032634772,0.0,0.064107016,0.0,-0.04861072,0.0,-0.06061153,0.11013068,-1.6657871,0.04229406,-0.008944009,-0.2396384,0.010526964
-0.02427436,0.10956786,-0.47591102,-0.14367865,0.00022793427,-0.040770203,-0.02778036,-0.040197644,0.0,-0.01199997,0.38764188,0.07204258,0.0,0.034992747,0.0,0.1440179,0.0,-0.0040783216,0.0,0.06969706,0.0,-0.05563582,0.0,-0.090615384,0.27753645,0.36116457,-0.31571558,0.004324079,-0.16907303,-0.0005406976
0.12494202,0.13338415,0.39671144,0.005615184,0.03263562,0.006992451,0.0051099313,-0.0449832,0.0,-0.123191945,-0.39803475,0.12480812,0.0,0.016401151,0.0,0.031812064,0.0,-0.0047846036,0.0,0.098327,0.0,-0.05049821,0.0,-0.07405688,0.18215781,0.29177848,0.10034706,-0.0064391647,0.2695525,0.012874792
-0.028210513,-0.39834392,0.31058168,0.16861781,0.13412063,-0.0024425932,0.057680633,-0.017902713,0.0,0.1926721,0.34396443,0.0742994,0.0,0.07765239,0.0,0.035591252,0.0,0.02224431,0.0,-0.40942654,0.0,0.08402734,0.0,0.05721149,0.19338343,0.32501325,0.11270024,-0.0016273228,0.27954787,-0.005799516
-0.05169566,-0.25734082,-0.15803811,-0.3009744,0.025748618,0.07746323,0.021316975,-0.05437769,0.0,0.054655895,-0.24957065,0.06663499,0.0,-0.14801484,0.0,-0.27749604,0.0,0.033802733,0.0,0.12235318,0.0,-0.045775484,0.0,0.12911607,-0.609624,0.21434458,-0.20822129,-0.021426471,0.30418363,0.0073911366
-0.015073654,0.7450873,0.68810236,-0.27174887,0.00519452,0.034543715,0.0668145,-0.028903132,0.0,-0.051335115,0.41323984,0.0951539,0.0,0.15267362,0.0,-0.13693789,0.0,-0.003146763,0.0,0.05608401,0.0,0.06569342,0.0,-0.075611055,0.2721215,0.43365824,0.18460865,-0.0031107804,-0.08544139,0.05247166
-0.008108984,-0.6661173,-0.42809826,0.116672814,-0.03670128,0.09448288,-0.0364949,-0.015356796,0.0,0.078781374,-0.18461613,0.035703216,0.0,-0.12438133,0.0,-0.009897527,0.0,0.027733147,0.0,-0.40363503,0.0,-0.061208982,0.0,-0.038636643,0.08168765,-1.5866728,-0.08110878,0.08594826,-0.2376056,0.008568005
-0.011974611,-1.2937852,-0.6041085,0.5408337,0.050325144,0.0038864836,0.010319027,0.26353568,0.0,-0.03101286,-0.17356046,0.038716923,0.0,-0.25145996,0.0,0.058830068,0.0,0.04246641,0.0,-0.847971,0.0,0.080019616,0.0,0.047259998,0.07816748,-1.7348603,0.03957615,-0.011447484,-0.2606835,0.010273801
-0.042172663,0.3412238,-1.7354589,0.12475773,-0.04524099,-0.018364055,0.046388052,-0.025720887,0.0,-0.08346403,-0.31748998,-0.52261484,0.0,0.019355964,0.0,0.10239282,0.0,-0.027594853,0.0,0.03143303,0.0,-0.08595157,0.0,-0.1882587,-0.93968195,0.1432363,-0.3387476,0.014480083,-0.1643464,-0.018696882
-0.025483469,-1.2754395,-0.057268154,-0.33711752,0.027677953,0.039255377,0.055587366,-0.023748416,0.0,0.09567509,0.33962673,0.06493574,0.0,0.0758384,0.0,-0.14055672,0.0,0.0042287246,0.0,-0.5183794,0.0,-0.16139615,0.0,0.0481075,0.17269288,0.2577184,0.16006882,-0.024258487,0.19286224,-0.0021860027
-0.01529022,-1.0180337,-0.06481059,0.77977216,0.12402851,-0.115660794,0.046076383,-0.018453302,0.0,0.048070844,0.18367516,0.052031513,0.0,0.08451705,0.0,-0.32509747,0.0,-0.0025885701,0.0,-0.0037814684,0.0,0.048722014,0.0,0.035568174,0.07398177,-1.8585378,0.009323675,-0.009339359,-0.16274433,-0.0068777837
0.29445037,0.21555139,-0.07046095,0.07754438,-0.07187383,0.07255214,0.04245759,0.17760544,0.0,-0.14400299,-0.21811046,0.07333552,0.0,-0.07225735,0.0,0.12004125,0.0,0.008315174,0.0,-0.34839383,0.0,-0.059576914,0.0,-0.039956473,0.10362141,-2.0202498,-0.12858692,-0.003593409,-0.14430319,-0.011978869
0.111182354,-0.5461289,0.0656135,-0.7170035,-0.05307997,-0.06203959,0.03659029,-0.02119416,0.0,0.07340465,0.34160852,0.0672555,0.0,0.050118502,0.0,-0.37302113,0.0,-0.0074089514,0.0,-0.32927153,0.0,0.08123246,0.0,-0.048372097,0.20174298,0.28763223,0.124686345,-0.02275597,0.24555801,-0.01523383
-0.093273684,0.059458625,-0.39712253,-0.14328073,0.06668451,-0.051626436,-0.15792885,-0.021851603,0.0,-0.08118103,-0.26417705,-0.32263827,0.0,0.026043126,0.0,0.1269453,0.0,-0.013300088,0.0,0.053027336,0.0,0.01327184,0.0,-0.053087607,0.105750576,-1.9313432,-0.096446104,0.027020738,-0.1511906,-0.022812365
-0.027670983,0.2567681,0.6171806,-0.27638435,-0.12926131,0.06859605,-0.2013929,-0.014587716,0.0,0.06800955,0.32217157,0.08633524,0.0,0.07324157,0.0,-0.15451847,0.0,0.03520779,0.0,0.070518754,0.0,0.08563417,0.0,0.26703763,-0.73767126,0.2852002,0.22017272,-0.042785715,-0.12988964,-0.0056873583
-0.00588178,-0.67752707,-0.6637307,-0.7352938,0.024782889,0.060748063,-0.09398134,-0.047689166,0.0,0.0646946,-0.21538597,-0.3135702,0.0,0.007712232,0.0,-0.047563013,0.0,-0.0036558013,0.0,0.07284225,0.0,-0.06297011,0.0,-0.058738925,0.09713037,-1.6949812,-0.06889698,-0.009796595,-0.31429067,0.00095011713
-0.029069856,0.53772444,-0.33114278,-0.15269141,-0.010038554,-0.010980119,0.042385913,-0.019820591,0.0,-0.11611469,-0.2390657,0.11256729,0.0,-0.11216342,0.0,0.12865208,0.0,0.013747644,0.0,-0.15829492,0.0,-0.08274805,0.0,-0.15662895,-1.004347,0.22778991,-0.19620812,-0.0010306671,-0.13943832,0.007080011
-0.01444923,0.54359114,-0.22526316,-0.12549703,-0.01493082,0.0116771115,0.054095577,-0.019781953,0.0,-0.06519297,-0.39540768,0.11921439,0.0,0.06473557,0.0,0.09419972,0.0,-0.033135626,0.0,0.060530014,0.0,-0.061594058,0.0,-0.07584866,0.23135352,0.35496542,0.0907118,-0.00014024926,-0.16159122,-0.03136166
-0.05886607,-0.10654262,0.1972482,-0.19113737,0.00050502096,0.052362677,0.018097743,-0.021166788,0.0,-0.06881974,0.254947,0.049976435,0.0,-0.28196195,0.0,0.17810492,0.0,0.028693896,0.0,-0.36721623,0.0,-0.06264758,0.0,-0.22516917,-0.9251545,0.2519622,0.06560539,-0.003936334,-0.16405267,0.0069889612
-0.042537954,-0.39481354,-0.090976335,-0.21889207,-0.090143144,0.0811613,-0.12385184,-0.053501625,0.0,-0.019022238,-0.4142502,0.07356147,0.0,0.038120218,0.0,-0.24057677,0.0,-0.0061803535,0.0,0.09015471,0.0,-0.05220656,0.0,-0.098383754,0.19596708,0.28850314,-0.22314948,-0.0039243903,-0.20771892,0.009359626
-0.057628796,-0.38944492,-0.32507217,-0.48348367,0.045139253,-0.073882885,0.012855708,-0.09249461,0.0,-0.019489173,-0.26249024,0.06352446,0.0,-0.14636101,0.0,-0.0078095673,0.0,0.023217484,0.0,0.08257696,0.0,-0.095094934,0.0,-0.22589065,-0.9214821,0.20496202,-0.21844007,-0.0019766334,-0.21800248,-0.04180342
-0.093964934,1.172373,-0.749895,0.38326833,-0.021415062,0.00553659,0.048286155,-0.03969632,0.0,-0.0008831468,-0.43059334,-0.3356057,0.0,0.051044453,0.0,-0.013332064,0.0,-0.016179534,0.0,0.08303594,0.0,-0.06390797,0.0,-0.06336626,0.24059899,0.3493598,0.26720732,-0.004765413,-0.22802556,0.020520516
-0.004489021,-1.399396,-0.2924371,0.3236536,0.034169123,-0.019091263,-0.081748486,-0.017174484,0.0,0.09153278,0.18467698,0.031545818,0.0,-0.26128164,0.0,-0.08921749,0.0,0.12693179,0.0,-0.4739654,0.0,-0.026100086,0.0,-0.041344173,0.09187378,-2.100367,0.046606682,-0.020105947,-0.22568664,0.010395292
-0.011213197,-1.272173,0.04874791,-0.060399845,0.13591112,0.08625568,-0.12849405,0.13822502,0.0,-0.09699158,-0.16642062,0.038581744,0.0,-0.10933697,0.0,0.06232988,0.0,-0.018929848,0.0,-0.5862014,0.0,-0.058263298,0.0,-0.04063563,0.09809306,-1.777061,-0.15590787,0.05436263,-0.27191797,0.008546429
-0.023387782,-0.3428065,0.17220029,0.047945786,0.05062046,0.09956326,-0.06020753,-0.03038423,0.0,-0.0006092732,0.28039694,0.07823738,0.0,0.0802544,0.0,0.020533284,0.0,-0.002647434,0.0,0.1208959,0.0,-0.086885676,0.0,0.27347267,-0.7942948,0.31747708,0.1495549,-0.007042127,-0.13724343,-0.0036452198
-0.04865354,0.64363915,-0.24087073,0.0773496,0.026717395,-0.007358337,0.037073858,-0.012217037,0.0,0.12182854,-0.30016065,0.15094523,0.0,0.12891507,0.0,0.13435842,0.0,-0.0042537735,0.0,0.04163112,0.0,-0.03503355,0.0,-0.07857684,0.24924235,0.34232035,-0.14971755,-0.016750349,-0.16710167,-0.002171238
-0.028465092,0.07863192,0.14216994,-0.08355749,-0.004381363,-0.0013075869,-0.12672895,-0.036650326,0.0,0.04413348,0.4292885,0.08298157,0.0,0.07871797,0.0,0.07963812,0.0,-0.016759362,0.0,0.06570693,0.0,0.074594915,0.0,-0.06574008,0.23023002,0.36467758,0.11291675,-0.0032535302,0.16334297,-0.0037343658
0.001431427,-1.1672924,-0.37612426,-0.06732467,0.06444378,0.02652898,0.01651337,-0.031073837,0.0,0.023875931,-0.24887642,0.058667026,0.0,-0.30768296,0.0,0.026427308,0.0,0.024301887,0.0,-0.43347082,0.0,-0.14740111,0.0,0.23746395,-0.4103115,0.25465283,0.12388932,0.10041985,-0.18808657,0.009461601
-0.080045596,-0.262042,-0.2586107,-0.069279626,0.0424034,-0.080863416,-0.059268422,-0.07072008,0.0,-0.012116919,-0.26647678,0.06325734,0.0,-0.21422216,0.0,-0.049458735,0.0,0.03455257,0.0,0.08253576,0.0,0.12383811,0.0,-0.23352733,-0.67691666,0.21881898,-0.3203481,-0.023691438,-0.18531288,-0.022979638
-0.03151087,-0.2180848,0.08626503,0.2751927,-0.0070123146,0.07169705,0.020233365,-0.008161005,0.0,0.027666604,0.38178122,0.06453699,0.0,0.08428633,0.0,0.1529817,0.0,0.0014732712,0.0,-0.3712607,0.0,-0.04321997,0.0,-0.06750616,0.2669906,0.38119003,0.122510694,0.03240429,-0.19216344,-0.004347009
-0.10132845,-0.58052,0.5351125,0.17352982,-0.16548696,0.04131861,0.056719266,-0.014568923,0.0,-0.011281296,0.25042376,0.07676402,0.0,0.034825142,0.0,-0.045383733,0.0,-0.0025305385,0.0,0.10400109,0.0,0.06099348,0.0,0.22246541,-0.66705245,0.28706536,-0.27300182,0.004584669,-0.1527339,-0.0056764307
-0.048059735,0.41638905,0.13900028,-0.4072161,0.06668825,0.05245375,0.056949604,0.07377474,0.0,-0.0574644,-0.329009,0.13807312,0.0,0.0849721,0.0,-0.07242837,0.0,-0.010579332,0.0,0.08412654,0.0,-0.038329814,0.0,-0.077725336,0.22072974,0.35093465,0.16953748,-0.07662232,-0.15080242,0.0038613204
-0.06763309,0.30944824,0.022734275,0.06511863,-0.13116477,-0.0007473435,0.06452129,0.15346928,0.0,-0.12828021,-0.24447967,0.09800876,0.0,-0.15730804,0.0,-0.24771406,0.0,0.006299387,0.0,-0.36336532,0.0,-0.106084324,0.0,-0.1665297,-0.7954031,0.21777894,-0.31812292,-0.006700746,-0.14138326,-0.07689714
0.019276485,-0.54880136,0.039328407,0.27271375,0.055026937,0.04313992,0.015683603,-0.029489754,0.0,0.05478195,0.23288935,0.074645154,0.0,0.047101997,0.0,-0.13419186,0.0,0.00012716488,0.0,0.14818044,0.0,-0.098801814,0.0,0.1371789,-0.5117296,0.16384837,-0.2618957,-0.0072786375,0.16547881,-0.0020029084
-0.057226874,-0.4921931,-1.1974499,-0.46285072,0.09207844,0.0071102222,0.019232702,-0.07172883,0.0,-0.009182,-0.27070048,-0.5048165,0.0,-0.011112872,0.0,0.018573293,0.0,-0.0007863243,0.0,0.07014383,0.0,-0.08559088,0.0,-0.2242002,-0.9570974,0.14138079,-0.20536661,-0.16533643,-0.18660545,1.4925783e-05
-0.053582475,1.1311156,-0.32478377,0.13321516,0.008630724,0.016816048,-0.14810432,-0.041094534,0.0,-0.019776532,0.38516572,0.08100175,0.0,0.07621892,0.0,0.09010124,0.0,-0.012938487,0.0,0.16401932,0.0,-0.043750487,0.0,-0.055271707,0.2905263,0.42302892,0.077081434,0.008937068,-0.23692311,0.0022360676
0.0055986126,-1.5559717,0.051466424,0.2818059,-0.0017497258,0.007862594,-0.03462105,-0.022499945,0.0,0.10586933,0.21189322,0.054144945,0.0,0.13032682,0.0,0.04185129,0.0,0.12614727,0.0,0.17806576,0.0,-0.07880996,0.0,0.06961581,0.14115697,-2.1942985,0.072992735,0.011567161,-0.27713513,-0.0011572798
-0.032119706,0.1878302,-0.35524985,-0.09698134,-0.09306534,-0.00032810128,0.037259046,-0.03680195,0.0,-0.119436055,-0.24514136,0.11090947,0.0,0.022420544,0.0,-0.24589838,0.0,-0.0037580896,0.0,0.06969847,0.0,-0.07453754,0.0,-0.1937429,-0.84270126,0.22040427,-0.3989876,-0.006355369,-0.15038729,-0.0017208846
-0.097602494,0.48006698,-1.1838477,-0.4715565,-0.0764182,-0.017954787,0.049766444,-0.01910922,0.0,0.015778786,-0.41586432,-0.56827575,0.0,0.054528546,0.0,0.09934339,0.0,-0.014464155,0.0,0.05781322,0.0,-0.08558343,0.0,-0.06871773,0.25429744,0.30799204,-0.18494646,0.026233353,-0.17733052,-0.00051959977
-0.08271927,1.184971,-1.0036736,0.24214004,-0.00050342083,-0.0011567124,0.049785577,-0.019153576,0.0,0.01636263,-0.41671035,-0.31470868,0.0,0.051237237,0.0,0.062257923,0.0,-0.014464155,0.0,0.077077284,0.0,-0.07328989,0.0,-0.06260801,0.26146597,0.33820018,-0.30059147,-0.0037517757,-0.22902986,0.021604743
-0.057911463,0.23019296,-0.03757093,-0.36475542,0.10245636,-0.04615102,-0.22207187,0.14253409,0.0,-0.063102834,-0.34189016,0.13842465,0.0,0.05260196,0.0,-0.19137558,0.0,-0.026614558,0.0,0.09900874,0.0,-0.017526612,0.0,-0.07411969,0.20043166,0.33326256,0.13087596,0.008138283,0.20439152,0.005602005
-0.029710568,0.1711846,0.07337782,-0.115966424,-0.033456203,0.017625047,0.05186724,-0.03523037,0.0,-0.09386394,-0.26162803,0.11510739,0.0,0.019097112,0.0,0.11360669,0.0,-0.003581375,0.0,0.06049177,0.0,-0.082304455,0.0,-0.11095657,-0.87507683,0.21500112,-0.2856096,-0.0060276943,0.34518796,0.016598681
-0.0024294758,-1.3493745,-0.69270515,-0.6413925,0.013520808,-0.0017412473,0.0075487043,-0.064522155,0.0,0.04783425,-0.21165,-0.35841027,0.0,0.058708012,0.0,-0.09513557,0.0,0.06391168,0.0,0.13023521,0.0,-0.05640437,0.0,-0.06466357,0.16402362,-1.5592564,-0.17089537,-0.011729782,-0.32017866,-0.007941841
-0.030991657,-0.7212432,-0.34979087,-0.6897611,-0.061348774,-0.03447806,-0.0045340406,-0.07673121,0.0,-0.059816826,-0.27505866,0.07206262,0.0,0.0246183,0.0,-0.06113945,0.0,0.037199087,0.0,0.11478367,0.0,-0.07501295,0.0,-0.20275353,-0.8056665,0.2087216,-0.40592486,-0.004791268,-0.18759333,-0.0022367826
0.020405475,-1.0748068,0.43282014,0.24169157,0.07571659,0.034665816,-0.10756766,-0.023171155,0.0,-0.13119248,0.25438187,0.07390571,0.0,0.047529828,0.0,-0.16219747,0.0,0.046006177,0.0,0.093225084,0.0,0.053818513,0.0,-0.22426182,-0.8631847,0.12633611,-0.20583028,0.015482563,-0.23010398,-0.0032119974
-0.04503296,-0.44423324,-0.49273828,-0.508698,0.013911749,-0.104437105,-0.06450466,-0.049807563,0.0,-0.036805443,-0.21163544,-0.2495803,0.0,-0.003933518,0.0,0.077288486,0.0,-0.00807514,0.0,0.06424909,0.0,-0.021736339,0.0,-0.059683844,0.110376224,-1.893523,-0.09614951,-0.1413265,-0.17828439,0.01659266
-0.046727292,-0.49164099,-0.5030673,0.43861333,-0.005253278,-0.17871882,-0.07895171,-0.0506177,0.0,-0.030648567,-0.22012423,-0.2641646,0.0,0.007024754,0.0,0.21931875,0.0,-0.010006535,0.0,0.06255457,0.0,-0.013805062,0.0,-0.06018571,0.11306873,-1.8397564,-0.07628791,0.000875216,-0.15315188,0.004817849
-0.07140016,0.14138666,-0.5395701,-0.07112875,0.0139135355,-0.056776956,-0.16298552,-0.016472798,0.0,-0.06392801,-0.25606525,-0.34936893,0.0,0.03112106,0.0,0.14250408,0.0,-0.026489554,0.0,0.03627117,0.0,-0.058713786,0.0,-0.05419696,0.11444432,-2.137839,-0.07932326,-0.0019736043,-0.14809886,-0.009576857
-0.01767064,-0.6137895,0.12328011,-0.7252597,-0.012823041,-0.08160303,0.029120015,-0.037281923,0.0,0.00954623,0.38854495,0.07681436,0.0,0.075935446,0.0,-0.36491418,0.0,0.028262978,0.0,0.09571563,0.0,0.072420016,0.0,-0.08288498,0.22984317,0.25267,0.128319,-0.021732973,-0.14296089,-0.006707972
-0.08739194,0.4264454,-0.6090493,-0.5353163,-0.057610296,0.0029691914,0.046027575,0.09503312,0.0,0.009537966,-0.2859627,0.16171308,0.0,0.08753431,0.0,0.1113692,0.0,-0.015426656,0.0,0.103759274,0.0,-0.09817321,0.0,-0.06764474,0.2323749,0.3169303,-0.07723372,0.0054028304,0.16892494,-0.0018851849
-0.0018113828,-1.7893014,-0.13485718,0.19702508,0.025040606,0.013421783,-0.016358618,-0.020471405,0.0,0.15615855,-0.2078146,0.040096086,0.0,-0.25721946,0.0,0.094234474,0.0,-0.0064100744,0.0,-0.45603806,0.0,0.06992367,0.0,0.047144588,0.06868406,-1.7828193,0.041668635,0.023711631,-0.24569143,0.008919012
-0.03616403,-1.0417151,-0.20301785,0.025330786,0.06497821,0.21301322,0.05563516,-0.052523825,0.0,0.07083475,-0.20934959,0.05801932,0.0,0.078822635,0.0,0.012767737,0.0,0.025207832,0.0,0.15619121,0.0,0.053762507,0.0,0.074357286,0.08220687,-1.8285172,0.07311603,-0.008740874,-0.3323607,-0.0037765666
0.13379937,-0.4495797,0.3153633,-0.010563853,-0.05561992,-0.01651413,-0.028427025,-0.02463283,0.0,0.021086965,0.39889154,0.07393116,0.0,0.08713446,0.0,-0.17186032,0.0,-0.0016865408,0.0,0.08920249,0.0,-0.05150883,0.0,-0.10183108,0.2673654,0.39563653,0.12393409,-0.027404085,-0.189662,0.057762004
0.043373737,-1.2982625,0.6259043,0.38098732,0.107582964,0.23457977,0.0002646738,-0.037904873,0.0,0.029476125,0.1626872,0.054607365,0.0,0.1530751,0.0,-0.103535004,0.0,-0.026702452,0.0,0.24203815,0.0,0.05851252,0.0,0.061638735,0.2593526,-2.2966197,0.11492844,-0.00856071,0.33380517,-0.0036923462
-0.043595683,0.21732645,-0.110170044,-0.16248673,-0.056607004,0.019914791,-0.1656329,-0.008488375,0.0,-0.06305379,-0.4227628,0.10352643,0.0,-0.110129915,0.0,0.15363714,0.0,-0.007717234,0.0,0.051494814,0.0,-0.053932607,0.0,-0.07247219,0.22729063,0.31366292,-0.119499,-0.000102220976,-0.15744627,0.008002969
0.114866875,0.21331595,-0.18265967,-0.52999264,0.004085688,-0.0468589,0.0007991809,-0.03008818,0.0,0.07810504,0.4043337,0.07954502,0.0,0.07194314,0.0,0.0034386683,0.0,-0.0035912548,0.0,0.099131465,0.0,-0.057432543,0.0,-0.08662333,0.26139483,0.38045934,0.14458501,0.0021875927,-0.17538945,-0.013147507
-0.013180591,-1.2231187,0.8188643,0.29681283,0.068625055,0.16592605,0.022168986,-0.032056507,0.0,0.039206546,0.35314685,0.06741793,0.0,-0.32890308,0.0,0.13468562,0.0,0.06285593,0.0,0.12023632,0.0,0.09142672,0.0,0.05677556,0.16290542,0.2979269,0.08757397,-0.006430878,0.18264222,0.008621758
-0.05264551,-0.32731447,-1.1527979,-0.5806822,0.033797815,-0.0015120447,-0.06625283,-0.06725566,0.0,-0.020705154,-0.28706056,-0.5692492,0.0,-0.015790556,0.0,0.01891034,0.0,-0.006647653,0.0,0.051695663,0.0,-0.08554827,0.0,-0.22396238,-0.9434986,0.17444143,-0.1784533,-0.017803872,-0.16780949,0.0042714765
-0.027390216,0.3728495,0.03241852,-0.08565804,-0.009673153,0.0338257,0.03900143,-0.036723606,0.0,-0.046128016,0.37785915,0.07814385,0.0,-0.42744988,0.0,-0.13181624,0.0,-0.038503457,0.0,0.09519039,0.0,-0.06718144,0.0,-0.07070048,0.24548936,0.3737365,0.13947013,0.0021436722,0.17115173,0.0034626657
-0.03650503,-0.5885144,-0.44163212,-0.64091796,0.008007134,-0.040686592,0.015658394,-0.027804755,0.0,0.09656733,-0.20388716,0.05273941,0.0,0.064014286,0.0,0.18877564,0.0,0.0007609113,0.0,-0.4150819,0.0,0.033925936,0.0,0.05007838,0.070326954,-2.14846,0.07634613,-0.01857663,-0.24268405,-0.0058728247
-0.012863197,-1.4307877,-0.6709364,0.2912579,0.03422788,-0.019757317,-0.048483953,-0.036193572,0.0,0.017949587,-0.24935429,0.057375148,0.0,-0.25726193,0.0,0.06084791,0.0,0.042989586,0.0,-0.47803125,0.0,-0.16613045,0.0,-0.23695828,-0.71128243,0.23293367,0.06852986,0.08741593,-0.25885174,0.011388579
-0.033404183,-0.07802294,-0.4762859,-0.44219974,0.02151363,-0.05617732,-0.04503963,-0.06542426,0.0,-0.02382094,-0.28028202,0.06580997,0.0,-0.2312608,0.0,-0.07287757,0.0,0.053534884,0.0,0.13758525,0.0,-0.081570975,0.0,-0.2635573,-0.74911755,0.22766213,0.076673575,-0.004344636,-0.19830489,0.009539344
-0.011935458,-0.5182636,0.03643202,0.21598148,-0.13630372,-0.12535386,-0.18957202,-0.006311562,0.0,0.16952409,0.19999741,0.036553055,0.0,-0.17795229,0.0,0.3709946,0.0,0.021154242,0.0,0.006302574,0.0,0.035550736,0.0,0.031770606,0.05054712,-1.6549653,-0.0033695502,0.015417889,-0.10988831,0.009171698
-0.0016501467,-1.7647711,-0.105666,0.08890819,-0.055498224,0.014896026,-0.033311218,-0.026031805,0.0,0.12819302,-0.21038927,0.038459484,0.0,-0.2557192,0.0,0.10253167,0.0,0.00038144412,0.0,-0.4639535,0.0,0.064483605,0.0,0.048461147,0.073739454,-1.7734087,0.047176894,-0.00961092,-0.24697249,0.009620417
-0.039817773,-0.72827286,-0.16540712,-0.3743342,-0.04508073,-0.048591383,0.029065575,-0.017397245,0.0,0.106228754,0.3704555,0.06464631,0.0,0.07680503,0.0,0.016046492,0.0,0.00053540664,0.0,-0.47292963,0.0,0.08638201,0.0,-0.053394563,0.21620864,0.3804762,0.12742738,-0.008106776,0.2758117,-0.005799516
0.19863741,-0.9901009,0.54825485,0.7890722,0.08100546,0.32840213,0.043824863,-0.021044435,0.0,0.10324283,0.17498417,0.04114131,0.0,-0.30696362,0.0,0.35907245,0.0,0.024204079,0.0,-0.12525636,0.0,0.059385926,0.0,0.029801633,0.07212456,-1.2888072,0.010132335,-0.021923617,0.13573474,-0.0029446117
-0.033781618,-0.19973072,-0.118094176,-0.022545898,-0.040732574,-0.019274248,0.04147686,0.31443185,0.0,-0.0059718844,-0.3844315,0.08578369,0.0,0.05215784,0.0,0.06762722,0.0,-0.006047288,0.0,0.14700872,0.0,0.078745775,0.0,-0.093816884,0.19625293,0.32073957,0.07663833,-0.021282725,-0.19993733,0.014732257
0.10520763,0.34491435,1.3520184,0.33375567,0.008563498,-0.06314093,0.042504087,-0.036680747,0.0,0.1525575,0.42298394,0.09159746,0.0,0.06295399,0.0,0.2269838,0.0,0.011050776,0.0,0.07202963,0.0,0.0709107,0.0,0.090843864,0.21310097,0.37050354,0.12567231,0.03068116,0.09870438,-0.007707393
-0.08086897,1.1884657,-0.23411965,0.7360055,-0.007140558,-0.0017862408,0.06828673,-0.029553201,0.0,-0.0019679961,-0.41671035,-0.2898602,0.0,0.038851798,0.0,0.024211513,0.0,-0.013763722,0.0,0.08205264,0.0,-0.07697941,0.0,-0.06066485,0.25613794,0.3394798,-0.19716239,-0.002798488,-0.22802556,0.09116648
0.0030415077,-1.2030828,0.044958573,0.13232689,-0.048757326,-0.032160867,-0.028671423,-0.040432088,0.0,0.05549708,-0.19633058,0.04459178,0.0,-0.26275778,0.0,-0.0106469225,0.0,0.005520164,0.0,0.24549465,0.0,0.06395963,0.0,0.073971465,0.16702263,-1.9353404,0.04769892,0.046167802,-0.28553817,0.00844023
-0.02813884,0.63189673,0.65545547,0.10086775,0.010996022,0.043377135,0.055490926,-0.027366385,0.0,0.06156765,0.41174248,0.08530078,0.0,0.18547302,0.0,-0.3252777,0.0,-0.028383706,0.0,0.104843356,0.0,0.08377783,0.0,0.11213096,0.18614131,0.39099395,0.17434536,-0.0014983341,-0.09477505,-0.006689171
-0.045420237,0.6700828,0.101060964,0.07630029,0.0006085639,-0.0020980905,0.018626584,-0.031126767,0.0,0.04557361,0.4100296,0.07443203,0.0,-0.41686606,0.0,0.031048916,0.0,-0.0025013466,0.0,0.0667095,0.0,-0.06917067,0.0,-0.07992419,0.28259903,0.40171817,0.052062806,0.005593474,-0.119423926,-0.0057165865
-0.0066839466,-0.5777074,-0.2343903,-0.7522338,0.021329027,0.015690345,0.0032866262,-0.052177988,0.0,-0.090843886,-0.21538597,-0.23669451,0.0,0.00817216,0.0,-0.017716937,0.0,-0.05172676,0.0,0.08062242,0.0,-0.034410544,0.0,-0.059683844,0.09769029,-1.6130278,-0.06588945,0.018208995,-0.29781613,-0.030677563
0.11337452,-0.069302045,0.38796842,-0.2271003,0.004234991,0.065520816,0.038852207,-0.031923458,0.0,0.05400716,0.4109423,0.07542119,0.0,0.057098422,0.0,0.1296522,0.0,-0.00898124,0.0,0.10635516,0.0,0.085167915,0.0,0.0992493,0.20582822,0.30162376,0.11303815,-0.005331808,0.18169792,-0.00850776
0.007718986,-1.2594544,-0.18665694,-0.23414655,-0.08561436,0.08264561,0.022127505,0.22064753,0.0,-0.03509001,-0.1401184,0.05646751,0.0,0.057489064,0.0,0.21303555,0.0,0.084704354,0.0,0.17059346,0.0,-0.13654536,0.0,0.08846195,0.080573775,-2.1000137,0.1202424,0.016751606,-0.29237124,-0.010829113
-0.0022682378,-0.76959175,-0.8311953,-0.7437105,-0.019777095,0.0019247811,0.01965139,-0.05242846,0.0,0.051431973,-0.21165,-0.3272543,0.0,0.015910873,0.0,0.005596617,0.0,0.0013238,0.0,0.07872472,0.0,-0.052571278,0.0,-0.06443695,0.10154544,-1.6663402,-0.09798921,-0.011912124,-0.32118294,-0.007689154
-0.071720764,-0.29030415,-0.94817364,-0.56096876,0.021391792,-0.0011218628,-0.08280516,-0.06739848,0.0,-0.0076885656,-0.28706056,-0.5614303,0.0,0.000801431,0.0,0.018576892,0.0,-0.009217558,0.0,0.03025486,0.0,-0.0930187,0.0,-0.22396238,-0.9434986,0.17637649,-0.16960081,-0.017006282,-0.1657429,0.0050678453
-0.025871823,0.49740943,-0.24277496,-0.053781904,0.013993586,0.0014291585,0.047529522,-0.029904759,0.0,-0.070023805,-0.39540768,0.11997518,0.0,0.04922588,0.0,0.0359403,0.0,-0.030129727,0.0,0.077853315,0.0,-0.06647755,0.0,-0.07390553,0.22602548,0.34712225,0.1039871,-0.00036932208,-0.16058691,-0.026671676
0.4156871,1.3959118,-0.18707083,0.019880075,0.084140286,-0.00257312,0.03525509,0.32448304,0.0,-0.026432673,-0.32260484,0.16804865,0.0,0.017586382,0.0,0.10234768,0.0,-0.014356779,0.0,0.13595882,0.0,-0.080860786,0.0,-0.06291672,0.2487368,0.35302565,-0.085893854,0.009649727,0.2903952,-0.009572291
0.21733938,-0.313029,-0.11401376,0.20253013,0.09144949,0.0128421215,0.022165688,-0.052274305,0.0,-0.044144943,-0.19129398,0.04963577,0.0,-0.025572311,0.0,0.024195993,0.0,-3.719947e-05,0.0,0.098442785,0.0,-0.030877765,0.0,-0.06316774,0.09893801,-2.0918074,-0.16063929,-0.009817907,-0.19727501,0.09434239
0.0160472,-0.6437903,-0.629643,-0.049353678,-0.07887983,0.07828615,-0.09027588,0.14298664,0.0,-0.14769135,-0.16759948,0.04346147,0.0,0.033779662,0.0,0.052645564,0.0,0.039542332,0.0,-0.5299467,0.0,0.07499942,0.0,0.048226375,0.06776143,-1.8908376,-0.13373879,0.0047477996,-0.24613056,-0.002891876
-0.009618092,-1.5931103,-0.04450688,-0.113935016,-0.045537256,0.013679163,0.005060982,-0.020241613,0.0,-0.064268686,0.2608146,0.0568344,0.0,-0.26201496,0.0,-0.00059132767,0.0,0.06291489,0.0,0.14103018,0.0,-0.20399053,0.0,-0.19085883,-0.9671683,0.2472866,0.06546152,-0.00084426417,-0.2544951,0.00969793
-0.02174697,-0.57625234,0.3206374,-0.058804307,-0.05598632,0.07100817,-0.11860596,-0.026613163,0.0,-0.059861645,0.25663787,0.079189755,0.0,0.063595705,0.0,0.18258622,0.0,0.06952016,0.0,0.13653217,0.0,0.09462502,0.0,0.11999824,-0.71484166,0.15708518,0.15807742,-0.008070892,0.20701563,-0.0044537005
-0.027538706,-0.50797653,-0.4585768,-0.4177211,-0.002738339,-0.02540334,0.018951437,-0.06414154,0.0,-0.012524028,-0.4546793,0.08208362,0.0,0.06190603,0.0,-0.12111514,0.0,-0.0014701548,0.0,0.1348461,0.0,0.06709108,0.0,0.12045975,0.1279497,0.3238706,0.10933598,-0.004393268,-0.19241336,-0.003926219
0.14324252,0.30874383,0.12100913,-0.14151506,-0.008330004,0.029373469,0.037591126,-0.04319846,0.0,0.051999036,0.4226335,0.08949115,0.0,0.032035843,0.0,0.13046142,0.0,-0.0040525994,0.0,0.09930552,0.0,-0.057600483,0.0,0.09764969,0.22418654,0.38206187,-0.26808408,-0.0009717021,0.13949397,-0.012012558
-0.058283538,1.2056115,-0.13153005,-0.21158011,0.021380374,0.0043538595,0.043362863,-0.047004964,0.0,-0.0014300587,-0.3745442,0.15980177,0.0,0.075848326,0.0,0.0026960813,0.0,-0.016179534,0.0,0.11065889,0.0,-0.06390797,0.0,-0.06405006,0.24059899,0.36302024,0.09190456,-0.0007351376,-0.23873518,-0.050306663
-0.05091202,-0.396004,-0.43241227,-0.23738033,-0.0331406,-0.10589804,-0.12256163,-0.036503755,0.0,-0.0518849,-0.21988936,-0.32845333,0.0,0.033421617,0.0,0.12954724,0.0,-0.045665685,0.0,0.061602622,0.0,-0.034475766,0.0,-0.065009765,0.10990668,-1.7856866,0.019203156,0.010581019,-0.16845061,-0.015200224
-0.07971203,-0.55818677,0.030981813,0.0033997577,-0.09510373,0.03733041,0.024679555,0.31926763,0.0,-0.018538773,-0.31509283,0.0845079,0.0,0.05259871,0.0,-0.11898381,0.0,-0.0062463116,0.0,0.1503283,0.0,-0.051668946,0.0,-0.07649499,0.17865737,0.28880113,0.16163737,-0.039482504,0.2647212,0.0047730687
0.00076631736,-1.5452747,-0.23865087,0.23158857,-0.011310782,0.058003984,0.0018970475,-0.032899212,0.0,0.09065246,-0.19335915,0.037598938,0.0,-0.17742905,0.0,-0.061106026,0.0,-0.021442674,0.0,-0.50603247,0.0,0.04688306,0.0,0.04861861,0.075082086,-1.8218302,-0.123010814,-0.009449544,-0.20916295,0.008149085
-0.0031020062,-1.1924688,-0.78132296,-0.75665313,-0.030264491,0.01378383,-0.062419076,-0.042373598,0.0,0.043778315,-0.21538597,-0.34384876,0.0,0.061626177,0.0,-0.10513171,0.0,0.03516842,0.0,0.12633567,0.0,-0.051114872,0.0,-0.06350927,0.16710167,-1.4995733,-0.028248098,-0.011713831,-0.3326513,-0.006766196
0.00026125484,-1.1789082,-0.5679102,-0.5238862,-0.04061075,0.039641954,-0.09167075,-0.044257417,0.0,0.042337365,-0.21759641,-0.33869216,0.0,0.088146284,0.0,-0.10016611,0.0,0.03434595,0.0,0.13733603,0.0,-0.050754167,0.0,-0.0597326,0.16231115,-1.5687431,0.028617628,-0.016386501,-0.3326513,-0.0029488264
-0.037220977,-0.43299514,0.18929729,0.2121681,-0.09782221,-0.0361514,0.056267727,0.2776865,0.0,-0.009811383,-0.32603547,0.08697049,0.0,0.06240027,0.0,-0.08717659,0.0,-0.002067875,0.0,0.19738995,0.0,0.09353542,0.0,0.1046486,0.14057927,0.30551064,0.12462509,0.00963997,0.33031183,-0.0050690374
-0.013775458,-0.94812846,-0.64694434,-0.17728455,0.09932985,0.03384452,-0.11389521,0.23837121,0.0,-0.1314601,-0.18576133,0.03802742,0.0,-0.060127318,0.0,-0.017133204,0.0,-0.0009910548,0.0,-0.531714,0.0,0.080925316,0.0,0.044538956,0.07292924,-1.8860974,-0.08064629,-0.0011627283,-0.29976887,0.009618258
0.21599187,-0.26794222,0.3385709,-0.3180536,0.068281576,-0.033781193,0.065154806,-0.015263784,0.0,-0.098691694,0.35000098,0.04983072,0.0,-0.21186522,0.0,-0.37457344,0.0,0.0029834374,0.0,-0.44443256,0.0,0.00020792458,0.0,-0.04939476,0.22967319,0.36780962,0.064710364,-0.017973648,0.24230129,-0.006011011
-0.04710142,1.3406599,-0.14338908,0.1047468,-0.20247822,0.0040578106,0.06335658,-0.042679485,0.0,0.023354791,0.35954145,0.0988219,0.0,0.120405175,0.0,0.04480755,0.0,-0.01617363,0.0,0.1556484,0.0,0.05154124,0.0,0.04046277,0.20244789,0.43292165,0.101572655,0.0029377993,0.20903707,-0.005654858
-0.10173181,-0.60348487,-0.55455023,-0.4190859,0.010689543,-0.04397072,-0.0088141775,-0.07852253,0.0,0.019541707,-0.40666217,0.066495374,0.0,-0.3072158,0.0,0.0035552916,0.0,0.0002587692,0.0,0.181453,0.0,-0.054170743,0.0,0.12185654,0.12756664,0.29529676,0.07030353,-0.00688234,-0.24090631,-0.042755187
-0.038897846,-0.8466134,-0.04543528,-0.3329663,-0.008490505,0.029512128,0.023911303,-0.012259284,0.0,-0.016016973,0.4025341,0.060978603,0.0,0.10346875,0.0,-0.036410473,0.0,0.0007023959,0.0,-0.5604734,0.0,-0.06318554,0.0,-0.07019774,0.27120745,0.39038038,0.1783754,-0.007895717,-0.16671938,0.034539383
-0.02978595,-0.15703593,-0.3024507,-0.12742352,0.010024049,0.019665685,-0.05316193,-0.07780093,0.0,-0.05288814,-0.40320575,0.086279385,0.0,0.018517984,0.0,0.1144662,0.0,0.06596905,0.0,0.120807566,0.0,-0.050303128,0.0,0.08142238,0.17444848,0.29809293,-0.21011958,-0.0016918515,0.2653425,1.2873323e-05
-0.04326678,-0.679397,-0.056756545,-0.34918803,-0.009066355,0.077873714,-0.007007463,-0.037819114,0.0,0.03053298,0.3453602,0.07540941,0.0,0.07810759,0.0,0.101776324,0.0,-5.9432583e-05,0.0,0.15687452,0.0,-0.043486677,0.0,-0.07576871,0.25081748,0.363843,0.11080583,-0.00523584,0.28284007,-0.0037213047
-0.028597187,0.6905091,0.36583495,-0.3946825,-0.026982376,-0.048085175,-0.2168514,-0.029719373,0.0,0.067872815,0.3965159,0.092970006,0.0,0.09959949,0.0,-0.07820243,0.0,-0.0073013045,0.0,-0.42885393,0.0,0.07342796,0.0,0.021000955,0.19328636,0.40478364,0.1656383,0.0056725517,0.1084798,-0.005135721
-0.011803866,-1.4443742,-0.082674764,0.33714223,0.070835836,-0.023171825,-0.04684741,-0.028324576,0.0,-0.052959386,-0.40479353,0.05926492,0.0,-0.33051842,0.0,0.00051819906,0.0,-0.12707217,0.0,-0.5520218,0.0,0.099519856,0.0,0.064546354,0.09535656,0.2903766,0.05488879,0.06974973,-0.20804751,0.007491685
-0.033715162,-0.16647588,-0.09692182,-0.706639,0.046188742,0.019376907,-0.08530544,-0.05597187,0.0,-0.16956113,-0.4830624,0.07477612,0.0,0.006544266,0.0,0.11118768,0.0,-0.008577602,0.0,0.04723679,0.0,-0.048191696,0.0,-0.09310965,0.21344092,0.30129313,-0.20059732,-0.0029879403,-0.20170473,-0.00048931607
-0.02266657,-0.6955307,-0.009071974,-0.4776401,0.023803385,0.027635125,0.03189996,-0.025941957,0.0,0.14040254,0.35314685,0.084294125,0.0,0.07028297,0.0,0.094561435,0.0,0.021611493,0.0,0.09661797,0.0,0.07029942,0.0,0.08159895,0.21255814,0.35806435,0.12394634,-0.0013098537,0.3091217,-0.0052531436
-0.037228048,-0.3623659,-0.25173298,-0.15067036,-0.10877693,-0.032771397,-0.12541066,-0.032824203,0.0,-0.12232573,-0.24935429,0.06999445,0.0,0.05319154,0.0,0.034680605,0.0,0.010163956,0.0,-0.37279996,0.0,-0.071438044,0.0,-0.21203493,-0.8115205,0.21886216,0.09397437,0.005953078,-0.16555868,-0.0018674566
0.07184821,-1.818346,-0.2636356,-0.015754852,-0.022206472,0.08111553,-0.0045316685,-0.028378235,0.0,0.05766745,-0.19090177,0.038338605,0.0,-0.14481689,0.0,-0.088410236,0.0,-0.009836457,0.0,-0.6085089,0.0,-0.0570078,0.0,0.048804663,0.091973945,-1.7401367,-0.12353822,-0.030216247,-0.26038247,-5.976297e-06
-0.014111829,-1.2485241,-1.1242683,-0.79118586,0.04094706,0.008104634,0.0101314485,-0.06160157,0.0,-0.094620876,-0.28706056,-0.5451276,0.0,-0.0004950054,0.0,-0.092267774,0.0,-0.08446721,0.0,0.078206636,0.0,-0.17671905,0.0,-0.19397862,-0.9055309,0.17177989,-0.1492679,-0.010327162,-0.28563383,-9.124633e-06
0.060966216,0.66976255,-0.3780335,0.1264176,-0.24384494,-0.015960487,0.028240375,-0.034545712,0.0,0.04885707,0.36473113,0.08390781,0.0,0.11511084,0.0,0.099393986,0.0,0.13857739,0.0,0.06964107,0.0,0.0858724,0.0,-0.07248585,0.22565655,0.38241544,-0.22171989,0.00061353657,0.14513439,-0.0135311
-0.091963895,-0.560396,0.030861575,0.5508047,-0.103130735,0.0117108105,-0.124467395,0.17805445,0.0,-0.075151965,-0.366927,0.05637373,0.0,-0.11292194,0.0,0.23093814,0.0,0.0005826463,0.0,-0.51318234,0.0,-0.059775654,0.0,0.0743125,0.17274699,0.29395655,-0.17210539,-0.005727493,-0.19932225,-0.104089215
-0.024226204,-0.6386481,0.2844096,-0.22223717,-0.042751815,-0.0026396061,0.03658123,-0.02476692,0.0,0.13741724,0.35314685,0.0816523,0.0,0.072871454,0.0,0.06482741,0.0,0.021543546,0.0,0.09670428,0.0,0.071176246,0.0,0.08159895,0.21255814,0.32933363,0.14690714,-0.008092744,0.2699606,-0.0052531436
-0.053237647,-0.3526038,-0.0050278613,-0.5337856,-0.04518559,0.10348586,0.024254544,-0.0334884,0.0,-0.045186743,-0.27971587,0.05588096,0.0,-0.20278189,0.0,0.05119771,0.0,0.029357504,0.0,-0.53562325,0.0,0.11879657,0.0,0.1890813,-0.56643,0.25785363,-0.16584036,-0.0029036936,-0.13847673,-0.003550049
-0.04873647,-0.39034465,-0.5464354,-0.51521975,0.027366674,0.0179398,0.01873212,-0.07667268,0.0,0.033527344,-0.2631232,-0.6071182,0.0,-0.011856536,0.0,0.02982419,0.0,-0.003337318,0.0,0.008992265,0.0,-0.08439886,0.0,-0.13740037,-0.8926945,0.1364021,-0.107766315,-0.028217029,0.37690935,-0.005944772
-0.0944591,-0.32711625,-0.25920585,-0.09141579,0.062854804,0.082455084,-0.107992075,-0.073259786,0.0,-0.041522566,-0.4142502,0.061104696,0.0,-0.12709066,0.0,-0.036164068,0.0,-0.005206896,0.0,0.075248346,0.0,-0.056249104,0.0,-0.09644061,0.1871462,0.28853327,-0.13785702,-0.0035286068,-0.19725902,-0.040605195
-0.04290433,-0.39398745,-0.5604307,-0.24848218,-0.035515293,0.01610283,-0.13607298,-0.053706594,0.0,-0.084708706,-0.30122077,-0.5214988,0.0,0.003269066,0.0,0.11149045,0.0,-0.043415725,0.0,0.054348227,0.0,-0.08260752,0.0,-0.20117702,-0.97884184,0.13822414,-0.22056301,-0.028406955,-0.15903892,-0.006235741
-0.03726821,0.6231139,0.17549938,0.09049675,0.003376098,0.00895041,0.031690266,-0.022959571,0.0,0.0921678,0.34193185,0.08305295,0.0,0.19698626,0.0,0.11017817,0.0,-0.010860582,0.0,0.08107727,0.0,-0.013731731,0.0,-0.07647312,0.26020813,0.38900515,0.08494732,0.008059711,0.19962756,-0.0033236295
0.115209356,-0.25413352,-0.11979406,-0.5790123,-0.010341188,-0.047572434,0.013633575,-0.02888608,0.0,0.014879806,0.4105009,0.07108453,0.0,0.06697498,0.0,0.01643646,0.0,0.00018017762,0.0,0.14928582,0.0,-0.053371698,0.0,-0.09406271,0.27907097,0.38716063,0.11474598,-0.005847969,-0.1992328,-0.0071529066
0.14696936,-0.3548213,0.13263007,-0.46692297,-0.09860219,-0.02151793,0.040015716,0.3284145,0.0,-0.037007093,-0.32603547,0.085277185,0.0,0.024408597,0.0,-0.037167132,0.0,-0.0023799562,0.0,0.13451229,0.0,0.080379024,0.0,-0.0763743,0.16782282,0.3010422,0.11154321,0.010212119,0.28478548,-0.016572498
-0.041828748,0.49099037,0.041743305,-0.05398246,-0.022492714,0.019000795,0.047400285,-0.04065515,0.0,0.038017772,0.38950717,0.082185164,0.0,-0.29314363,0.0,0.069996655,0.0,-0.004681619,0.0,0.13039851,0.0,-0.05735112,0.0,0.10008003,0.20574129,0.38808072,0.06273757,0.0014657844,0.13786198,0.004292152
-0.050323654,-0.32336068,-0.60980594,-0.32559732,0.010673956,0.14199476,0.012044137,-0.059883643,0.0,0.06280677,-0.21407522,-0.36347714,0.0,0.007879198,0.0,0.108249694,0.0,-0.002492603,0.0,0.036822725,0.0,-0.038796872,0.0,-0.06466357,0.11040363,-1.6196195,-0.03393669,-0.010500332,-0.20324782,-0.0075033763
-0.04693576,-0.3580912,-0.5968956,-0.33386067,0.021946607,0.0179398,0.026647732,-0.05682844,0.0,0.12294485,-0.26877087,-0.6071182,0.0,-0.0072524985,0.0,0.061664782,0.0,-0.0017478279,0.0,0.04122155,0.0,-0.09432743,0.0,-0.14219338,-0.89815545,0.13474895,-0.102755114,-0.03543728,0.370579,-0.005944772
-0.039784987,-0.94256943,0.44597983,-0.1010846,0.012975476,-0.025162045,0.0153438095,-0.008241506,0.0,0.04589912,0.37432092,0.06525432,0.0,0.07549988,0.0,-0.22879784,0.0,-0.0075366814,0.0,-0.47334728,0.0,0.07349927,0.0,-0.067635104,0.23696145,0.2715702,0.13721742,0.053317774,-0.20315352,-0.006610316
-0.05754189,-0.47158235,0.19003919,-0.6043542,-0.04207389,0.035634898,0.022752697,-0.037130095,0.0,0.074788384,0.3511651,0.06291145,0.0,-0.26380634,0.0,0.22052,0.0,0.035068695,0.0,0.11665153,0.0,-0.08145896,0.0,0.081540756,0.17263922,0.23757437,0.08156025,-0.015987284,0.23445304,0.0072894613
-0.052787635,-0.43916723,-0.46688095,-0.4283059,-0.027945537,-0.10358155,-0.092998475,-0.0506177,0.0,-0.030238537,-0.21538597,-0.22598952,0.0,0.021685997,0.0,0.10036792,0.0,-0.011292015,0.0,0.0630906,0.0,-0.025973365,0.0,-0.06294037,0.11398278,-1.8441322,-0.07566207,0.010443569,-0.18036017,-0.032879412
-0.028002713,0.27372342,-0.51409596,-0.07962805,0.015324818,0.0027765783,0.025957644,-0.043049853,0.0,-0.086717606,-0.44251424,0.12171685,0.0,0.05771661,0.0,0.080151066,0.0,0.038025606,0.0,0.084793836,0.0,0.0774301,0.0,0.09925181,0.1448649,0.34297913,0.0872893,-0.019874267,-0.15613982,-0.0030476497
0.12320857,-0.5318009,0.17110898,0.1938875,-0.015087901,-0.016628234,0.026771162,-0.025237493,0.0,-0.0067380914,0.3952309,0.074766435,0.0,0.08387611,0.0,-0.077504136,0.0,0.0010466905,0.0,0.08798045,0.0,-0.043486677,0.0,-0.09456007,0.26505846,0.3986073,0.12558699,-0.015010094,-0.19244994,-0.007909871
0.10507539,0.59050953,0.4117574,0.034713663,0.06980701,0.0012169367,0.03719345,-0.037829388,0.0,-0.120710574,0.39739874,0.09526324,0.0,0.055095952,0.0,0.0010871668,0.0,0.039958492,0.0,0.102168165,0.0,0.080432266,0.0,0.07169683,0.20479201,0.39748338,0.122734495,0.0023454474,0.12341675,-0.0090620285
-0.090914756,1.0644594,-0.014893342,-0.17639765,0.06041041,0.0038035116,0.04527894,-0.044030666,0.0,0.00035295828,-0.3745442,0.14687924,0.0,-0.32158285,0.0,0.0059946757,0.0,-0.009166921,0.0,0.11439329,0.0,-0.06390797,0.0,-0.06405006,0.23603861,0.35702994,0.060737934,-0.0007351376,-0.17762646,-0.007552862
-0.033908866,0.62415296,0.20369977,-0.037493385,0.03292334,-0.0018731905,0.034059733,-0.038278002,0.0,-0.0049237004,0.42805254,0.092071995,0.0,0.08117766,0.0,0.014032567,0.0,-0.0048870826,0.0,0.089486055,0.0,0.091968425,0.0,0.098997585,0.21609603,0.434589,0.115643576,0.00077697734,-0.07928055,0.050793402
0.0041131815,-0.529826,-0.68907756,-0.23412749,-0.049962368,-0.045003384,0.03144689,0.21605767,0.0,-0.13143015,-0.17210463,0.036482427,0.0,-0.19912103,0.0,0.02721795,0.0,0.028632786,0.0,-0.5948274,0.0,0.06542618,0.0,0.050299928,0.06918711,-1.9889857,0.078669384,-0.015450138,-0.23816794,0.008033425
-0.04035663,-0.42323765,-0.17472544,-0.36034065,-0.083953544,0.019361865,0.03299338,0.13762634,0.0,-0.10690898,-0.1649648,0.042125348,0.0,0.04665834,0.0,0.015694657,0.0,0.0061846254,0.0,-0.4635363,0.0,-0.04032943,0.0,-0.04248501,0.097203545,-1.8161378,-0.35206294,-0.02262514,-0.16792698,-0.010944849
-0.059272032,-0.18981558,-0.36429876,-0.3661858,-0.10294034,0.109254204,0.023218023,0.14307672,0.0,-0.07083316,-0.17092577,0.035562016,0.0,-0.247664,0.0,-0.052761734,0.0,0.0045002634,0.0,-0.40978652,0.0,-0.043425765,0.0,0.055242136,0.07969201,-2.006114,0.097243786,-0.0051501766,-0.16271986,-0.044713914
-0.028227363,-0.6222278,0.45880267,-0.034087636,0.16308953,0.03488025,0.03011318,-0.010982258,0.0,-0.1931227,0.2449462,0.074149996,0.0,0.072084986,0.0,0.03771126,0.0,0.010879371,0.0,-0.47776616,0.0,0.106428884,0.0,0.19895197,-0.6356838,0.27778897,0.1162976,-0.024018252,-0.12518784,-0.005565627
-0.042518627,-0.66239953,-0.043986462,-0.22694856,0.078875855,-0.029029837,0.042213608,0.31441355,0.0,-0.030669473,-0.33669487,0.08602098,0.0,0.038866833,0.0,0.055123135,0.0,0.0009574698,0.0,0.13594183,0.0,-0.057919007,0.0,-0.09581664,0.18970941,0.31356496,0.084591895,-0.006157117,-0.25903764,-0.011674316
0.14211126,-0.7196803,-0.019632468,-0.49154413,-0.00869931,-0.048024405,0.0013822198,-0.039666522,0.0,0.037480023,0.3489317,0.07446346,0.0,0.06882204,0.0,0.04016128,0.0,0.028827451,0.0,0.1539736,0.0,-0.044690296,0.0,-0.075977005,0.25100723,0.35372102,0.12696913,-0.005687619,0.2855429,-0.006975922
4.0056417e-05,-1.1506348,-0.51817596,-0.562869,-0.011343443,0.034898333,0.008429803,-0.058873434,0.0,-0.04376637,-0.20894726,-0.27637798,0.0,0.085688055,0.0,-0.14468205,0.0,0.06231832,0.0,0.1297676,0.0,-0.043571062,0.0,-0.061831817,0.15896013,-1.6843642,0.040279277,-0.25087857,-0.3514925,0.0049611554
-0.03561766,-0.4538363,0.0573088,-0.13062108,-0.25099757,0.078069076,-0.144872,-0.029859925,0.0,0.06147385,0.25619984,0.07554801,0.0,0.059884027,0.0,-0.08750195,0.0,0.008034908,0.0,0.10514137,0.0,0.092603594,0.0,0.21433082,-0.7232823,0.26735854,-0.26341894,-0.017110808,-0.17474866,0.023514438
-0.005803085,-0.9215276,-0.39346772,-0.78575283,0.01146997,-0.007993465,0.0068900553,-0.06426848,0.0,-0.092291296,-0.21165,-0.23669451,0.0,0.007720332,0.0,-0.022621224,0.0,-0.0026152013,0.0,0.07869977,0.0,-0.050296597,0.0,-0.06061153,0.12475959,-1.6912798,-0.06913896,0.018208995,-0.32911724,-0.02301281
-0.013145618,-1.2088931,-0.22835456,-0.12822019,0.1180411,0.04874616,0.058934133,-0.038160827,0.0,-0.041144453,-0.25635496,0.07294635,0.0,0.08250603,0.0,0.04478302,0.0,0.0013327848,0.0,-0.5830228,0.0,0.11881014,0.0,0.22794823,-0.42943668,0.26883486,0.17211688,-0.029650513,-0.2064319,-0.006135293
-0.03739427,0.207499,-0.44096285,0.026685134,-0.0085234335,0.0031896434,0.037979916,-0.05590849,0.0,0.09448536,-0.42403626,0.117679514,0.0,0.0647676,0.0,0.067156635,0.0,-0.0014614938,0.0,0.039673578,0.0,-0.05967771,0.0,0.116851434,0.15411235,0.32172874,0.07876426,-0.0020896005,-0.17039941,0.0067970436
-0.09451038,0.48445344,-0.20396928,0.09526159,0.024348035,0.0011329935,0.04886941,-0.026920216,0.0,-0.054624446,-0.2920168,-0.55145365,0.0,0.028488556,0.0,-0.008290375,0.0,-0.017347805,0.0,0.05028835,0.0,-0.07666503,0.0,-0.20396172,-1.0218573,0.20254506,-0.21594042,0.03004188,-0.15264484,0.006032789
-0.035403088,-1.2132214,0.45206296,0.16203298,-0.1315852,0.18587051,0.06345365,-0.020243905,0.0,-0.008502378,0.24590516,0.057150982,0.0,-0.33408257,0.0,-0.29798687,0.0,0.05485012,0.0,-0.042809565,0.0,0.09204242,0.0,0.19111343,-0.53943026,0.2849381,0.057218883,-0.027139798,-0.04758184,-0.072034925
-0.0804305,0.5484383,-0.12798294,0.15874709,-0.008841575,0.0017625226,0.053435646,-0.016997272,0.0,-0.049670577,-0.41586432,-0.48532093,0.0,0.034878418,0.0,0.05200539,0.0,-0.018271621,0.0,0.037909098,0.0,-0.034781586,0.0,-0.06871773,0.25429744,0.31778276,-0.15437505,0.016234066,-0.16010824,-0.019317472
-0.03288945,-0.07414591,-0.8497042,-0.5302694,-0.018612733,0.016213628,0.03110216,-0.04712722,0.0,-0.084310316,-0.28861123,-0.5214988,0.0,0.0015296652,0.0,0.11318343,0.0,-0.0026484644,0.0,0.057955768,0.0,-0.08260752,0.0,-0.20141484,-0.97068113,0.1398555,-0.22129506,-0.02800478,-0.1799966,-0.0069131926
-0.005576461,-2.017997,-0.54026747,0.21394403,0.008704335,-0.015164718,-0.0025631182,-0.027660169,0.0,0.1145734,-0.18375105,0.03892778,0.0,-0.20234115,0.0,-0.098088466,0.0,-0.024899516,0.0,-0.48692328,0.0,0.060346123,0.0,0.047302052,0.066536814,-1.8250164,-0.24100524,0.06015575,-0.23381159,0.007447679
-0.0038511879,-0.4196247,0.085059695,0.25206694,-0.08002714,0.037006553,-0.01550691,-0.022900548,0.0,0.10301058,-0.19597794,0.038252108,0.0,-0.21807614,0.0,-0.095860496,0.0,-0.033700593,0.0,-0.41845807,0.0,0.043797508,0.0,0.04834295,0.061067928,-1.5532827,0.02931587,-0.030857915,-0.21161231,0.008888949
0.096344784,-0.70797646,0.11014888,-0.59898,-0.032906406,0.07559775,0.03168402,-0.027530558,0.0,0.12692094,0.38805494,0.07708334,0.0,0.04102005,0.0,0.11378738,0.0,0.016647214,0.0,0.08777846,0.0,0.07120511,0.0,0.09653726,0.22468969,0.34359732,-0.31781965,-0.011557313,-0.27660456,-0.008501652
0.1105981,-0.49736458,0.113126956,-0.12451586,0.008510069,-0.058293615,0.01319144,-0.022477478,0.0,0.0062693725,0.3942719,0.07408055,0.0,0.0763951,0.0,-0.035749894,0.0,0.025112912,0.0,0.08969514,0.0,-0.04888357,0.0,-0.095633954,0.26944938,0.3796446,0.122837566,0.033387985,-0.20050818,-0.013621722
-0.000793712,-1.0166919,-0.54095733,-0.35647848,-0.0018183027,0.022032589,-0.04909564,-0.04574467,0.0,-0.06258179,-0.21268323,-0.29297245,0.0,0.0757172,0.0,-0.13698077,0.0,0.030406952,0.0,0.13030799,0.0,-0.04186578,0.0,-0.060904138,0.15829164,-1.6871523,0.026297405,-0.25260505,-0.34624046,0.016614018
-0.0251225,-0.39936498,0.48806533,-0.44817588,-0.03073044,0.018055556,0.06757013,-0.022402856,0.0,0.016968999,0.34396443,0.07266279,0.0,0.074735455,0.0,0.1221956,0.0,0.0184701,0.0,-0.3241851,0.0,0.07631295,0.0,0.05882802,0.17509554,0.32204947,0.1462811,-0.011271052,0.26902518,-0.0052531436
-0.055078533,-1.0198253,-0.58875924,-0.506193,0.01879451,-0.050312,0.059884258,-0.033876397,0.0,0.0563471,-0.24634132,0.055738546,0.0,-0.2292295,0.0,-0.015044788,0.0,0.0022709565,0.0,-0.39978898,0.0,-0.06614935,0.0,-0.20256966,-0.7148047,0.21615161,0.063451365,0.10074568,-0.31635728,0.009148203
-0.051887535,-0.38567477,0.605537,0.33451092,0.15062813,0.055400643,0.09961531,-0.032558527,0.0,-0.006719387,0.23771703,0.066638336,0.0,-0.3391191,0.0,-0.20898114,0.0,0.009436869,0.0,0.11989506,0.0,0.09870359,0.0,0.15581442,-0.62171996,0.28208253,0.117372245,-0.006086661,0.18005604,0.005911243
-0.051626075,-0.40540716,-1.1144596,-0.71996886,0.001363663,-0.09791603,0.020619677,-0.056942318,0.0,0.11630979,-0.20789947,-0.34891564,0.0,-0.0053247088,0.0,0.096165046,0.0,-0.005665442,0.0,0.024611276,0.0,-0.018236216,0.0,-0.06386805,0.11465129,-1.9311186,-0.092004515,0.010279419,-0.16866389,-0.0073619112
0.035783917,0.70686585,0.68186426,0.22795637,-0.02670925,0.011856764,0.049827605,-0.03373986,0.0,0.14133789,0.38260525,0.08661206,0.0,0.13386796,0.0,0.09880183,0.0,0.0054628802,0.0,0.08797976,0.0,0.08467319,0.0,0.10931135,0.1884532,0.31219688,0.10650484,0.0029190308,0.08376103,-0.013714192
-0.030867107,0.6621783,0.736181,-0.4700477,-0.05619869,0.08584448,-0.008798488,-0.011530991,0.0,-0.12051744,0.33261213,0.07741963,0.0,0.036403153,0.0,0.03287336,0.0,0.021789595,0.0,-0.3216705,0.0,0.101719946,0.0,0.15997912,-0.80621403,0.2600444,-0.36260283,0.02119012,-0.12404679,-0.0044475924
-0.06566128,-0.3586085,-0.39379898,-0.29359716,0.02279827,-0.07020407,-0.084635235,-0.05366824,0.0,0.037517082,-0.2178112,-0.37225273,0.0,0.0030822093,0.0,0.11281469,0.0,-0.009639411,0.0,0.037363097,0.0,-0.028566472,0.0,-0.06373589,0.11064917,-1.8149978,-0.09034617,-0.0042091715,-0.19775313,0.009158321
-0.036907863,0.5819853,-0.53438604,-0.009026761,0.08754332,-0.009268076,0.03987588,-0.025049701,0.0,-0.061301976,-0.3781575,0.11313265,0.0,-0.09278731,0.0,0.09703473,0.0,-0.0021030572,0.0,-0.28404042,0.0,-0.05410006,0.0,0.062430646,0.19482185,0.333837,-0.11620319,-0.0014328451,-0.13165174,0.007080011
-0.022561276,-0.3868705,-0.32153666,0.26825067,0.019208584,-0.021613639,-0.15872334,-0.031748068,0.0,0.045868326,0.23969334,0.06213186,0.0,-0.2837476,0.0,-0.15917267,0.0,-0.01981767,0.0,0.14155026,0.0,-0.0855961,0.0,0.15684417,-0.59248894,0.30559403,0.08858436,-0.013631643,0.18315609,0.0073574367
-0.009100024,0.8409206,0.25546375,-0.049331702,0.12540784,0.026493795,0.046104826,-0.012111267,0.0,-0.11193016,0.36837542,0.092818916,0.0,0.122948416,0.0,-0.1440056,0.0,-0.002503247,0.0,-0.24357703,0.0,-0.06322483,0.0,0.064858116,0.22448611,0.39843738,0.18298829,-0.0038414556,0.09884005,-0.004005964
-0.048567597,0.33905882,0.044430442,-0.16991454,-0.11933169,-0.03841133,-0.22531252,0.10375257,0.0,-0.104956925,-0.2583668,0.08888723,0.0,-0.17484815,0.0,-0.28410503,0.0,0.0023780423,0.0,-0.23071013,0.0,-0.105523,0.0,-0.16484343,-0.8218249,0.22462437,-0.32627025,0.0040025474,-0.13730215,-0.042046852
-0.03736923,-1.1579868,-0.6802055,-0.051243566,0.037888724,0.20475037,-0.009442626,-0.012905264,0.0,0.15693875,0.1950895,0.04451294,0.0,0.07272976,0.0,0.013119405,0.0,0.010186171,0.0,-0.34410807,0.0,0.080339015,0.0,-0.039657786,0.10046965,-1.8943826,0.07581047,0.08514409,-0.2099757,-0.0035865814
-0.024596687,-1.2124152,-0.027248086,-0.041571833,0.17186877,-0.006453955,-0.1098776,0.24735364,0.0,-0.06427891,-0.21124934,0.058362875,0.0,-0.1580463,0.0,0.3553728,0.0,-0.06600884,0.0,-0.5357521,0.0,-0.16915451,0.0,-0.2092796,-0.6990878,0.22071919,0.11035637,-0.018676275,-0.24490234,0.0018725111
0.18687029,0.60219765,-0.25278553,-0.09901454,-0.02041786,-0.011313991,0.02824569,-0.027605658,0.0,-0.0828311,0.29910412,0.07346281,0.0,0.08795443,0.0,0.13994576,0.0,-0.022764431,0.0,0.062733054,0.0,-0.04491277,0.0,-0.07282976,0.30383176,0.3945303,-0.2608171,0.0062731933,-0.12481365,0.050824177
0.012800423,-1.360654,0.40126935,0.39509052,0.098243564,0.029783815,0.033659417,-0.020482156,0.0,0.11215825,0.2237069,0.058932386,0.0,-0.20843416,0.0,-0.098585084,0.0,-0.02056859,0.0,-0.34369877,0.0,-0.1413331,0.0,0.09296112,-0.55490696,0.25593153,-0.30225605,-0.009877905,0.23699854,0.0095797265
0.25209928,0.7481087,0.12260327,-0.030366633,0.06104201,-0.004706681,0.05174492,-0.043246083,0.0,-0.07056188,-0.32401907,0.1543233,0.0,0.0057785604,0.0,0.04816777,0.0,-0.016702004,0.0,0.07702952,0.0,-0.09037638,0.0,-0.06397218,0.24905151,0.34355476,-0.2090926,-0.0007089877,-0.16122344,0.023877261
0.0008824649,-0.7885617,0.7705578,-0.42331985,-0.036232598,0.027744016,0.04453019,-0.028451318,0.0,0.057611708,0.38656318,0.063494675,0.0,-0.2805342,0.0,-0.2410667,0.0,0.0030379882,0.0,0.12394013,0.0,-0.07213366,0.0,0.09757813,0.20164469,0.33308208,0.12779234,-0.004825045,-0.2090904,0.009472334
-0.0038743985,-0.6263231,-0.8395666,-0.66803,-0.0066962545,-0.052132554,0.021265944,-0.049219824,0.0,-0.052525375,-0.20789947,-0.3272543,0.0,0.010160771,0.0,-0.007625303,0.0,-0.0034969272,0.0,0.07243026,0.0,-0.053847387,0.0,-0.06386805,0.10127249,-1.7184654,-0.105007485,-0.0042244904,-0.31989956,-0.00794952
-0.0049040522,-0.34504423,0.8681551,-0.67284507,0.12771945,-0.029580269,-0.005316349,-0.058580942,0.0,-0.08734512,-0.21165,-0.31539196,0.0,0.0034817813,0.0,-0.02384599,0.0,-0.0026152013,0.0,0.08871897,0.0,-0.027844794,0.0,-0.06061153,0.0983588,-1.0998834,-0.082003824,0.035626605,-0.26348543,0.016478006
-0.028975802,0.28179133,1.1032999,-0.11037293,-0.011467127,-0.022915374,0.085126854,-0.025061889,0.0,0.07099767,0.41877803,0.08784229,0.0,0.07723879,0.0,-0.24522378,0.0,0.016327238,0.0,0.08488038,0.0,0.071565956,0.0,0.097276814,0.20651633,0.35300034,0.19833264,0.026012728,0.19572039,-0.005984612
-0.07113675,0.34487092,0.076114334,0.049920715,0.019784378,-0.010310129,-0.19102669,-0.013472598,0.0,-0.050969172,-0.44921067,-0.47724044,0.0,0.03197725,0.0,0.102865554,0.0,-0.02528545,0.0,0.038596623,0.0,-0.009122434,0.0,-0.06645885,0.246562,0.3192771,-0.13862783,0.01643236,-0.15485622,-0.026599033
-0.04320949,0.60642135,0.16646102,-0.11184747,0.014666883,-0.011879777,0.04899137,-0.028827457,0.0,-0.057641014,0.2981051,0.087495126,0.0,0.16255027,0.0,0.14076526,0.0,-0.012972519,0.0,0.094775945,0.0,-0.041559245,0.0,0.09707219,0.24753445,0.37179792,-0.25322768,0.0007295931,0.13814783,-0.0037046107
-0.16170944,0.078448616,-0.996881,0.67104465,-0.11552998,0.16243905,0.07221053,-0.03403733,0.0,-0.019572804,0.23771703,0.065001726,0.0,-0.20827234,0.0,-0.23427896,0.0,0.017870774,0.0,0.023769498,0.0,0.053420365,0.0,0.107209794,-0.5191071,0.2591123,0.13696584,-0.011011665,0.21660277,0.008142976
-0.0022854996,0.3537617,-0.2458481,-0.23041147,-0.0404794,0.03302177,-0.18049276,-0.03034515,0.0,-0.056593146,-0.35979784,0.10630681,0.0,-0.290779,0.0,-0.3291441,0.0,-0.026345978,0.0,0.025022974,0.0,-0.053281937,0.0,-0.07827139,0.22224978,0.33587998,-0.23396634,-0.01638939,-0.13786459,0.0072650537
0.00026588608,-0.61358976,-0.18353511,0.18223962,-0.0064421007,0.07553124,0.02215993,-0.019724982,0.0,0.12145252,-0.17648213,0.038104326,0.0,-0.22214761,0.0,-0.06341343,0.0,0.024018355,0.0,-0.51855516,0.0,0.047430318,0.0,0.04399075,0.05198347,-1.7284985,0.07566683,-0.013236341,0.5668073,0.008142976
-0.06403331,-0.409459,-0.7725447,-0.5268263,0.00071374915,-0.11564281,-0.079297945,-0.05802409,0.0,-0.04471526,-0.21759641,-0.3376672,0.0,0.018228581,0.0,0.059232876,0.0,-0.008897609,0.0,0.06509079,0.0,-0.029445749,0.0,-0.060904138,0.10558572,-1.9117208,0.0053354744,-0.014375289,-0.16347903,0.0024613594
-0.0032632423,-1.1722486,-0.78277814,-0.6396229,0.023045938,0.013412244,-0.04546646,-0.051393386,0.0,0.05255771,-0.21538597,-0.37500474,0.0,0.048737153,0.0,-0.122499615,0.0,0.036050152,0.0,0.12384489,0.0,-0.05494797,0.0,-0.06373589,0.1633551,-1.5064987,-0.03979459,-0.011531489,-0.33164698,-0.0070188837
-0.06876758,-0.23141201,0.19593415,-0.51950526,0.17018978,0.01982522,-0.14769317,0.40106916,0.0,-0.038796782,-0.19684763,0.06671768,0.0,-0.15801074,0.0,0.16747203,0.0,0.0035306984,0.0,0.18004559,0.0,0.11620081,0.0,-0.26700795,-0.68232554,0.2302827,0.12521456,0.0070943,-0.18998642,-0.00022634631
-0.030613914,0.29882923,0.091191225,-0.33503383,0.007078369,-0.046940576,0.047129452,-0.006554501,0.0,0.092485845,0.2886926,0.072513886,0.0,0.0781366,0.0,0.006520518,0.0,-0.0032735113,0.0,-0.23177835,0.0,-0.08111118,0.0,-0.19561826,-1.0181177,0.25376996,0.15865879,-0.06374485,-0.16300862,-0.0034240508
-0.0193105,-0.4732474,0.052583102,0.07440075,-0.20231871,-0.08953771,-0.2791142,-0.008283112,0.0,0.084758565,0.2465484,0.07490741,0.0,0.11193124,0.0,-0.20755903,0.0,0.014044156,0.0,-0.07110095,0.0,0.025056938,0.0,0.21345115,-0.603973,0.3457428,0.0584735,0.039779484,-0.06273184,-0.0031424048
-0.046781715,-1.1092551,0.42403588,0.009658165,-0.17121956,-0.093081914,0.048572216,-0.032889042,0.0,-0.01392815,0.23771703,0.08379879,0.0,0.067821585,0.0,-0.25090504,0.0,0.02362428,0.0,0.10089269,0.0,0.05265323,0.0,0.15622391,-0.6683726,0.29806677,0.11363888,-0.007608865,0.20940116,-0.0052338196
-0.03508102,-0.4809318,-0.77059805,-0.22626773,-0.11577812,-0.03299807,0.028542439,-0.04042258,0.0,-0.030622745,0.35314685,0.060462095,0.0,-0.29012385,0.0,0.04393944,0.0,-0.0011768263,0.0,0.10467876,0.0,0.07821197,0.0,-0.064239375,0.19949682,0.35940775,0.08934283,-0.013320584,0.2662411,0.0057831183
-0.024925858,0.45274928,0.5264246,-0.09333563,-0.017873464,0.019709595,-0.3083782,-0.022569802,0.0,-0.12365522,0.39276525,0.0876331,0.0,0.051652662,0.0,0.11314863,0.0,0.032031387,0.0,-0.47161403,0.0,0.07455524,0.0,0.014198422,0.17547736,0.3736211,-0.31454164,0.0055989223,0.09304954,-0.004221159
0.1726587,0.4759085,-0.30370542,-0.11378991,0.0094279945,-0.011313991,0.025439462,-0.027502963,0.0,-0.10672333,0.26845035,0.07654019,0.0,0.082480766,0.0,0.14622925,0.0,0.009884611,0.0,0.06627478,0.0,-0.04239672,0.0,-0.069564626,0.2756638,0.3648543,-0.2607186,0.0064872764,0.18472223,-0.005778308
-0.02864169,0.5636709,1.1886357,-0.01930242,-0.0670483,-0.022551376,0.054177754,-0.024982177,0.0,-0.10882404,0.44355828,0.091083795,0.0,0.08871323,0.0,-0.26232645,0.0,0.017046478,0.0,-0.34611988,0.0,0.07342796,0.0,0.025359182,0.18614691,0.4063444,0.16586669,0.03280956,0.11750567,-0.006058679
-0.034803547,-0.49822456,-0.14812057,-0.44013977,0.0318049,0.03366537,0.028858718,-0.041448005,0.0,-0.040925547,0.2574435,0.07880685,0.0,0.06594768,0.0,0.11131799,0.0,0.002264302,0.0,0.12775593,0.0,0.09049161,0.0,0.25898746,-0.5618368,0.33736798,0.14167131,-0.022394404,-0.14411783,-0.006048226
0.16201422,1.4213772,0.57846224,0.19034362,0.014192968,0.003972696,0.07449824,-0.031808257,0.0,-0.08453594,0.35164988,0.09717333,0.0,0.08905088,0.0,0.030700786,0.0,0.12557572,0.0,0.12458281,0.0,-0.011357198,0.0,0.07835856,0.25305122,0.41288522,0.09666049,0.0030828733,0.21489751,-0.0064364965
-0.041624058,0.5754252,0.17147808,-0.15750155,0.008518855,0.011448247,0.042833246,-0.028800437,0.0,-0.077430084,0.3523837,0.0828066,0.0,0.18587083,0.0,0.0693321,0.0,-0.000673424,0.0,0.08188417,0.0,0.061166257,0.0,-0.07166262,0.24729437,0.38882154,0.101526216,0.00368756,0.14407134,-0.0039450866
0.12938307,-1.6652379,0.12419681,0.39531156,0.08395246,-0.16153823,0.018695518,-0.024987817,0.0,0.039192136,0.18367516,0.038130376,0.0,-0.36373845,0.0,-0.3378213,0.0,-0.03506705,0.0,-0.121589914,0.0,0.05983176,0.0,0.035568174,0.08909389,-2.6635506,-0.012770811,-0.023295652,-0.16736753,-0.006866039
-0.061117314,-0.577157,-0.021184376,-0.45829734,-0.054647952,-0.04223548,-0.076154396,-0.049004063,0.0,0.05108522,-0.4192717,0.0802759,0.0,0.063779846,0.0,-0.0028523728,0.0,-0.010374262,0.0,0.085498564,0.0,-0.05017686,0.0,-0.09427106,0.2074603,0.29129326,0.1294664,-0.007064683,-0.24451189,-0.015160074
0.19715425,1.4160318,0.6088866,0.190468,-5.7759695e-05,0.00364797,0.08677087,-0.031188183,0.0,0.10279107,0.35164988,0.09717333,0.0,0.103043,0.0,0.04001748,0.0,-0.0122173745,0.0,0.1110975,0.0,-0.009004167,0.0,0.09226569,0.2532165,0.41249064,0.09709926,0.0017956817,0.22063822,-0.0050818617
-0.01837331,0.08329562,-0.036109507,-0.4151241,0.07618467,0.026878003,0.055361833,0.18969649,0.0,-0.055958696,-0.3970669,0.121475846,0.0,0.056590967,0.0,-0.132074,0.0,-0.003400235,0.0,0.09432448,0.0,-0.07296555,0.0,-0.087686405,0.19877529,0.32129857,0.17772968,-0.018700162,-0.18686007,-0.0014640451
-0.028114498,-0.24968049,0.00010345264,-0.64032936,-0.005595283,-0.036379762,0.0030977589,-0.026449231,0.0,-0.07526261,0.35532233,0.067463785,0.0,0.046933368,0.0,-0.22372061,0.0,0.031118307,0.0,0.09557257,0.0,-0.05619715,0.0,-0.07302705,0.2557267,0.36680683,-0.48577034,-0.0037520004,0.22967999,-0.0043931943
0.04320525,-1.6281754,-0.29252958,-0.1297002,-0.052005883,0.074885845,0.009539971,-0.037581466,0.0,0.053968202,0.3459633,0.073166706,0.0,0.034646947,0.0,-0.11697058,0.0,-0.08315191,0.0,0.15688728,0.0,-0.13501506,0.0,0.07081602,0.19854769,0.34238884,-0.26676396,-0.019014552,0.30658764,-0.0035443825
-0.09015535,0.26115367,-1.0841143,-0.12601413,-0.07865969,-0.0046706703,0.050806824,-0.01651078,0.0,-0.03906284,-0.42448258,-0.58929783,0.0,0.040845934,0.0,0.07988919,0.0,-0.024310231,0.0,0.04696634,0.0,-0.031904828,0.0,-0.07030114,0.21138588,0.29301074,0.051870354,0.021827273,0.226002,0.016510574
-0.055963047,0.30223224,-0.15158099,-0.40931606,-0.062352575,-0.049971007,-0.16336961,0.07618256,0.0,-0.13048083,-0.19474268,0.094071664,0.0,0.0673435,0.0,-0.25494388,0.0,-0.022503525,0.0,-0.31498086,0.0,0.0014377665,0.0,-0.038559563,0.104181156,-2.2251217,-0.2609383,0.0098529775,-0.12560348,-0.009167251
-0.038887702,0.37742501,0.053706806,-0.21797483,-0.07677795,-0.1108654,0.054467946,-0.01151589,0.0,0.07093899,0.42071974,0.07764004,0.0,0.08256062,0.0,0.019668102,0.0,-0.0022384238,0.0,-0.3136548,0.0,-0.057483926,0.0,0.07600507,0.18618453,0.3936541,0.12264571,-0.012178597,-0.13521841,-0.004918878
-0.007721217,-1.389768,-0.24640228,0.19874097,0.023480736,-0.11881678,-0.049367506,-0.025320748,0.0,0.11653854,-0.19334325,0.03988871,0.0,-0.22677244,0.0,-0.069722824,0.0,0.066466115,0.0,-0.4142046,0.0,-0.19309428,0.0,0.0456836,0.07769291,-1.8099254,0.029765861,-0.030809285,-0.23038515,0.007890268
-0.040192448,1.2909405,0.28102952,0.13353497,-0.005619864,-0.007972563,0.027335819,-0.043266606,0.0,-0.0747329,0.32364434,0.09488189,0.0,0.10193516,0.0,0.05667658,0.0,-0.013111118,0.0,0.18374044,0.0,-0.07853718,0.0,0.06495482,0.26652578,0.39628044,-0.23220505,0.0064342422,0.24447452,0.0057130754
-0.08271927,1.184971,-0.47176173,0.2877815,-0.00050342083,-0.0011567124,0.049785577,-0.019153576,0.0,0.01636263,-0.41671035,-0.31470868,0.0,0.051237237,0.0,0.062257923,0.0,-0.014464155,0.0,0.077077284,0.0,-0.07328989,0.0,-0.06260801,0.26146597,0.33820018,-0.29316536,-0.0037517757,-0.22902986,0.021604743
-0.09303403,-0.34324646,-0.17681523,-0.3200659,0.061951548,0.030084139,-0.09676922,-0.07732429,0.0,-0.019431878,-0.41646063,0.064376794,0.0,-0.245837,0.0,-0.03331621,0.0,-0.0060293674,0.0,0.08717762,0.0,-0.056238584,0.0,-0.099142,0.18532674,0.29089144,0.11602067,-0.0074757524,-0.19725902,-0.040503953
-0.0695484,1.1993212,0.047098204,0.6214432,0.00327388,-0.0011567124,0.07001013,-0.019153576,0.0,0.01636263,-0.41671035,-0.2654386,0.0,0.054528546,0.0,0.062257923,0.0,-0.014464155,0.0,0.077860616,0.0,-0.07273818,0.0,-0.06260801,0.26146597,0.33820018,-0.225247,0.015910536,-0.2449067,0.103079945
-0.041378707,-0.7905265,0.19100706,0.005353051,-0.039267298,-0.07985158,0.03272361,-0.030403145,0.0,-0.025783777,-0.24825516,0.056642033,0.0,-0.11395047,0.0,0.020101309,0.0,0.02962039,0.0,-0.5532411,0.0,0.06847357,0.0,0.18933985,-0.4827308,0.25513777,-0.3164032,-0.010526331,-0.1352668,0.0054806164
-0.0050985217,0.5654865,0.2232937,-0.13327405,0.012688561,-0.01565259,0.033131134,-0.02873562,0.0,-0.09775497,0.35716,0.079207525,0.0,0.117001526,0.0,0.13972807,0.0,-0.0034462283,0.0,0.08063642,0.0,0.092276715,0.0,-0.06914717,0.26455748,0.37615678,-0.2647007,0.0009784207,0.1578231,-0.004597745
-0.11000749,-0.14713107,0.2312301,0.55910486,0.14767562,-0.05195361,-0.13943976,-0.009211476,0.0,0.15085582,0.18092379,0.037085406,0.0,-0.21016741,0.0,-0.4071625,0.0,0.019524716,0.0,0.095583886,0.0,0.047282547,0.0,0.030704247,0.06374874,-2.1136036,0.13455732,0.02102247,-0.08011589,0.0078444835
-0.0336663,0.1750368,0.27779925,0.10575338,0.03415087,0.021604912,0.060045432,-0.03873851,0.0,0.14142789,-0.39803475,0.124471664,0.0,0.04289031,0.0,0.0708474,0.0,-0.0043831724,0.0,0.07229819,0.0,-0.048706513,0.0,-0.076043084,0.18704982,0.29561996,0.09612586,-0.007726356,0.25785238,0.02293227
-0.09182554,0.5289195,-0.46914375,-0.18075114,-0.010878701,-0.0023841057,0.046942297,-0.01642343,0.0,0.061413523,-0.41586432,-0.58485425,0.0,0.047651388,0.0,0.11206595,0.0,-0.017001007,0.0,0.014518722,0.0,-0.084343456,0.0,-0.07323052,0.25457036,0.31693932,-0.058626365,-0.006252793,-0.14258358,0.01225618
-0.17475806,-0.95152175,0.3220739,0.065449454,-0.15786803,0.0058262735,0.10389366,-0.022599706,0.0,0.019090468,0.22568868,0.06958609,0.0,0.065733746,0.0,-0.13926405,0.0,0.009343804,0.0,-0.08226597,0.0,0.08372267,0.0,0.08169454,-0.56416106,0.28947622,-0.14014785,-0.034472644,0.008413042,-0.0032565645
-0.052153423,-0.96364224,0.37159234,-0.06966764,0.07093903,-0.050381653,0.065482445,-0.03478268,0.0,0.019648457,0.35079098,0.062899455,0.0,-0.28615037,0.0,-0.2755472,0.0,-0.018975116,0.0,0.16078557,0.0,0.10428033,0.0,-0.0580416,0.22358327,0.3592348,0.07543179,-0.008529562,0.3257558,0.00789029
-0.024705853,-0.32401645,0.91540015,-0.46113628,-0.04253516,0.052550677,-0.14653277,-0.018038977,0.0,0.12939937,0.39496848,0.074988686,0.0,0.0748645,0.0,0.2071878,0.0,0.020406546,0.0,-0.30877188,0.0,0.074690565,0.0,0.071530454,0.1950972,0.35041067,0.11773785,-0.098769195,-0.22432749,-0.00495589
-0.08828449,0.36330035,-1.0759066,-0.10354458,-0.011203963,0.0138527695,0.054150794,-0.01733387,0.0,-0.048585724,-0.4504842,-0.59220165,0.0,0.034880113,0.0,-0.014689353,0.0,-0.023558263,0.0,0.03737238,0.0,-0.034972597,0.0,-0.07356627,0.23135352,0.3211245,0.12175155,-0.004624228,-0.14423141,-0.002312955
-0.03134604,0.32716686,-0.36246333,0.28113452,0.03673214,0.022919107,-0.121982925,-0.02755052,0.0,-0.14514881,-0.43585867,0.107920185,0.0,0.016260324,0.0,0.16227242,0.0,0.10600179,0.0,-0.22219737,0.0,-0.05384327,0.0,-0.049053077,0.22691101,0.3179234,-0.21183889,-0.012818796,-0.11827328,-0.00043525436
-0.03466763,-0.22351027,-0.5766406,0.050128795,-0.008866673,-0.0776123,-0.054095533,-0.020981396,0.0,0.030771593,-0.18711975,0.038236696,0.0,-0.22936098,0.0,-0.041686624,0.0,0.051023547,0.0,-0.3339827,0.0,-0.020725785,0.0,-0.045077123,0.09120399,-2.0283294,0.03551922,0.045294974,-0.18857153,0.0092141405
-0.052018646,0.7159437,-0.70786524,-0.013233554,0.069745496,0.015719058,0.033384245,-0.023268027,0.0,0.069425605,-0.36586455,0.1230249,0.0,0.13519932,0.0,0.075710855,0.0,-0.004304002,0.0,-0.26748857,0.0,0.046607357,0.0,-0.055824134,0.22211692,0.35199642,0.06604623,-0.0012476031,-0.16027854,0.012878436
0.00050614425,-1.2764633,-0.5195844,-0.5302912,-0.028415585,0.038425196,0.01926369,-0.053083755,0.0,0.05426082,-0.20894726,-0.33869216,0.0,0.087694466,0.0,-0.105196126,0.0,0.06220748,0.0,0.122566946,0.0,-0.05048746,0.0,-0.060660284,0.16297965,-1.636833,0.039338775,0.040218588,-0.32090622,-0.0043205027
0.0018122586,0.49723572,-0.57826656,-0.0038786856,0.011235832,0.004179797,0.020392658,-0.013966351,0.0,-0.06331582,0.30022314,0.06917576,0.0,0.14517467,0.0,0.060382966,0.0,-0.023681229,0.0,0.060717925,0.0,-0.0407306,0.0,-0.075225465,0.2881031,0.40430364,0.08210377,-0.094003424,-0.12771556,-0.0019015669
-0.01154376,0.7837303,0.3493853,0.15534721,0.032238167,-0.023600813,-0.17757474,-0.028724581,0.0,0.089766756,0.39782646,0.07857731,0.0,0.1671749,0.0,-0.36332044,0.0,-0.011239407,0.0,0.035183992,0.0,0.09828706,0.0,-0.082486466,0.25922546,0.41352448,-0.38745326,-0.0024682628,-0.070931315,0.05532711
-0.031662643,-0.81196517,0.058920544,-0.22746019,0.009426217,0.08433212,0.015461885,-0.03100416,0.0,0.04700391,0.36483806,0.07222422,0.0,0.051280063,0.0,-0.2194456,0.0,0.024315689,0.0,0.13849296,0.0,-0.058184776,0.0,-0.07513593,0.22933647,0.36511663,-0.27766976,-0.008054697,0.25512752,-0.0048415484
-0.04164964,-0.3996085,-0.5312305,-0.38503972,-0.033458848,0.033739924,-0.08914387,-0.053884853,0.0,-0.1021861,-0.28435782,-0.48520675,0.0,0.027523436,0.0,0.010438577,0.0,-0.009332264,0.0,0.007529636,0.0,-0.079457015,0.0,-0.23006013,-0.91163534,0.1616638,0.07727887,0.079464436,-0.16757019,0.005534796
0.11777109,-0.49743962,-0.044862423,-0.59808904,0.0079233935,-0.04723357,0.010947339,-0.033041243,0.0,0.045739226,0.3697424,0.07610007,0.0,0.07237958,0.0,0.01820064,0.0,0.00033741572,0.0,0.1472408,0.0,-0.05761293,0.0,-0.07748571,0.25293157,0.36493593,0.12170443,-0.0055052773,0.27353913,-0.01297052
0.14377365,-0.33624738,-0.100674056,0.29095677,-0.04887374,0.07283518,0.01850221,0.3452705,0.0,-0.013751889,-0.33821246,0.07671407,0.0,-0.0068640094,0.0,-0.039710343,0.0,0.032811143,0.0,0.16392614,0.0,0.069248535,0.0,0.11874464,0.13728873,0.3098767,-0.2628418,-0.070795074,-0.18937805,-0.00867758
-0.032550544,-0.5580033,-0.22436327,-0.054867517,-0.07073216,0.08983318,-0.09129123,-0.05319051,0.0,-0.009034664,-0.27731022,0.08028807,0.0,0.044296846,0.0,-0.007807836,0.0,0.060700256,0.0,0.13114397,0.0,-0.07668907,0.0,-0.2319166,-0.8936481,0.22420809,0.11632802,-0.00828361,-0.28537992,-0.0006872695
-0.067345746,-0.63272715,-0.5046182,-0.7665054,0.04926166,0.047505446,-0.0722976,-0.06080092,0.0,0.07748306,-0.289271,-0.59529305,0.0,0.013693532,0.0,-0.02972007,0.0,-0.0077489116,0.0,0.037480578,0.0,-0.09472349,0.0,-0.25774667,-0.86375374,0.18436162,0.066591404,-0.02011448,-0.25272292,0.010970632
-0.040982973,0.011727551,-0.0337641,0.12193364,0.021549027,0.015014362,-0.13324118,-0.051032953,0.0,-0.08939823,-0.30122077,-0.31827047,0.0,0.019542672,0.0,0.07895874,0.0,-0.030334359,0.0,0.07915739,0.0,-0.10328649,0.0,-0.2226045,-0.8703816,0.20145194,-0.19409817,0.035259444,-0.18187419,-0.036167767
0.10695563,-0.7378856,0.10254487,-0.24491498,0.00575419,-0.02322724,0.03100658,-0.025863282,0.0,0.04901534,0.34880918,0.07869442,0.0,0.0773348,0.0,-0.39223534,0.0,0.03242353,0.0,0.10591082,0.0,-0.056875195,0.0,0.08221931,0.1880693,0.23999916,0.13325343,-0.018422242,0.2246992,-0.0077328854
-0.1064996,0.4261162,0.05946275,-0.06205578,0.089251034,-0.0012777641,0.06276087,0.17055246,0.0,-0.062398285,-0.35000455,0.12301736,0.0,-0.13268337,0.0,0.116259046,0.0,0.00082393177,0.0,0.08639624,0.0,-0.04606252,0.0,-0.07452657,0.23847747,0.33664528,-0.12654062,0.011139039,-0.16013429,-0.06782142
0.1331518,0.045023285,-0.52034694,-0.17308319,-0.03898141,0.052803237,0.026545135,-0.05402117,0.0,-0.12239839,-0.39715338,0.11543698,0.0,0.032157626,0.0,-0.14315024,0.0,0.044797108,0.0,0.09676508,0.0,-0.04632752,0.0,-0.07401666,0.18659304,0.29799,0.16506009,-0.0060099848,0.23011236,-0.0057640104
0.0035705154,-0.8799263,-0.457156,-0.565887,-0.06068018,0.020973982,0.030648913,0.1718388,0.0,-0.1258446,-0.35781908,0.06791413,0.0,0.05336602,0.0,-0.013900862,0.0,-0.0008676443,0.0,-0.53908646,0.0,0.098213226,0.0,0.07929866,0.11605023,0.30521035,0.109542176,-0.018355465,-0.34261203,-0.0032664598
-0.02738876,0.13285308,-0.120885774,-0.22954172,-0.00722592,-0.027970908,0.0144008845,-0.024433656,0.0,-0.014737008,0.3947464,0.0739339,0.0,0.049781483,0.0,-0.3458629,0.0,-0.003593402,0.0,0.083850965,0.0,-0.05563582,0.0,-0.0821334,0.25786757,0.36456636,-0.5266231,0.0015854109,-0.14572199,-0.0036055627
-0.038305003,-0.31455895,0.18591842,-0.45154956,-0.08385693,-0.04371866,0.043939643,-0.04622151,0.0,-0.0239343,-0.25337288,0.066595316,0.0,-0.20161243,0.0,0.021595998,0.0,-0.00065811526,0.0,0.08449758,0.0,-0.08995878,0.0,-0.14172849,-0.8395824,0.20598502,0.10111436,-0.008643284,0.43340415,0.019584278
0.2723992,-0.62271386,0.4511039,0.073146515,0.16160183,0.045489915,0.050866034,0.36146516,0.0,-0.010988946,-0.32603547,0.0692081,0.0,-0.0491561,0.0,0.15659238,0.0,0.008707044,0.0,0.21322541,0.0,0.0795695,0.0,-0.07757898,0.15480855,0.27874234,0.12775525,-0.00030590998,0.42616025,-0.0052812304
-0.043712046,-0.23110515,-0.06211788,0.50439286,-0.0603692,0.038399816,0.038886473,-0.031029701,0.0,-0.027490634,-0.41126674,0.067668915,0.0,-0.1797666,0.0,0.18919875,0.0,-0.0048388895,0.0,0.11950246,0.0,-0.045917768,0.0,-0.073068365,0.18258695,0.27660146,0.055299573,-0.0022951297,0.23571783,0.01103583
0.15509556,-0.69851685,-0.11315922,-0.018046288,0.026766054,0.12587273,0.010414626,-0.034914944,0.0,-0.020989217,0.2508891,0.06322867,0.0,-0.11522517,0.0,-0.004432773,0.0,0.03174263,0.0,0.15934835,0.0,-0.09745539,0.0,0.24733007,-0.8127389,0.29874066,-0.23450722,-0.008811125,-0.14334533,-0.011319827
-0.03437214,0.16559614,-0.06472135,-0.5649111,-0.0041476456,0.100314446,-0.019692069,-0.022238128,0.0,0.06307325,0.38439757,0.06591689,0.0,-0.18656503,0.0,0.12302331,0.0,-0.0043594367,0.0,0.08782446,0.0,-0.05320184,0.0,-0.07306732,0.25118294,0.34378445,-0.20192496,0.00017989188,0.25793487,0.0080444245
-0.08001095,0.3290843,-0.10262492,-0.10281816,0.0081074005,-0.008229235,-0.19679281,-0.024769023,0.0,0.04725184,-0.44921067,-0.55261654,0.0,0.061939456,0.0,0.12267314,0.0,-0.023814138,0.0,0.03235504,0.0,-0.03778283,0.0,-0.06966182,0.2415069,0.31152877,-0.17389876,-0.005763391,-0.13632725,-0.029694231
-0.03202073,0.7182212,0.08271638,0.007271884,0.07485189,0.028448187,0.04500888,-0.024939945,0.0,-0.092113405,-0.41143152,0.119027674,0.0,-0.2072547,0.0,0.106611356,0.0,0.032999136,0.0,-0.2847293,0.0,0.07922375,0.0,0.062634505,0.17161241,0.35727125,-0.097465135,-0.0018335443,-0.09502518,0.0032147754
-0.10846331,-1.2222342,-0.9379162,0.2812348,-0.07665382,-0.090925194,0.02265684,-0.037534233,0.0,0.01218658,0.1626872,0.041320853,0.0,-0.31747094,0.0,-0.24338876,0.0,-0.018778827,0.0,0.13511002,0.0,0.03607471,0.0,0.021147002,0.13609281,-2.5574276,0.0027428241,-0.0072401934,0.3298045,0.008142976
-0.10158483,0.5640209,-0.4063152,0.16341771,0.05104991,0.0029588672,0.04630668,0.17682344,0.0,-0.05335883,-0.31009173,0.16129105,0.0,0.04632878,0.0,0.10376724,0.0,-0.017281987,0.0,0.07619091,0.0,-0.096222095,0.0,-0.07211455,0.2470145,0.3523809,-0.0689177,0.017322626,-0.16020103,-0.02845972
-0.026462624,-0.05166375,-0.76675814,-0.33743712,-0.02357964,-0.09823697,-0.103893526,-0.015874924,0.0,0.10201376,-0.21404839,-0.37433818,0.0,0.031145236,0.0,0.13917552,0.0,-0.009988875,0.0,0.012125804,0.0,-0.025100864,0.0,-0.06952255,0.10436188,-1.9656814,-0.024719581,0.073184825,-0.1770429,-0.0053170985
-0.054905053,-0.8226061,1.010589,0.14313926,0.08579253,-0.032753207,-0.07548256,-0.014591245,0.0,0.1805291,0.40415093,0.08424767,0.0,0.056147996,0.0,0.12763567,0.0,-0.009361789,0.0,0.12211704,0.0,0.09072011,0.0,0.096594356,0.1949312,0.3361115,0.09822136,-0.022283804,-0.20480086,-0.0056720767
-0.02966098,0.03006165,-0.38699365,-0.16977194,-0.0034261525,-0.0052894494,-0.11451315,-0.047294263,0.0,-0.011077966,-0.41105813,0.11462369,0.0,0.0395803,0.0,0.108139135,0.0,-0.011082784,0.0,0.13341556,0.0,0.06929398,0.0,0.09587108,0.14443494,0.31264448,-0.24479546,-0.016519299,-0.1547743,-0.0021191735
0.14287938,0.34983277,0.120681256,-0.1304982,-0.009376588,0.018263068,0.0378151,-0.04339048,0.0,0.050558086,0.44050765,0.09501887,0.0,0.064741105,0.0,0.095599696,0.0,-0.0043550194,0.0,0.100576505,0.0,-0.05735112,0.0,0.10039151,0.20790571,0.39485103,0.10879753,0.0014657844,0.13949397,-0.0121956505
-0.06913454,-0.37116477,-1.1485432,-0.5642944,0.0136995455,-0.0011218628,-0.09389154,-0.05851504,0.0,-0.08845805,-0.43739936,-0.5614303,0.0,0.005944659,0.0,0.07569965,0.0,-0.007851451,0.0,0.029865392,0.0,-0.06388541,0.0,-0.08762434,0.21772899,0.25620013,-0.13480677,-0.02842094,-0.17914678,0.0050678453
-0.0032632423,-1.2157065,-0.7572772,-0.56287056,0.022368595,0.012928269,-0.04546646,-0.041388813,0.0,0.06513817,-0.21163544,-0.37500474,0.0,0.048737153,0.0,-0.12524118,0.0,0.036050152,0.0,0.11794623,0.0,-0.05490001,0.0,-0.06373589,0.1633551,-1.5300788,-0.048959207,0.030478533,-0.33137026,-0.0074676024
-0.023367992,-0.2995888,-0.39820674,-0.038443647,0.0038274569,-0.053345315,0.016225977,-0.038852103,0.0,0.00067124807,0.38739216,0.07035234,0.0,0.06684553,0.0,-0.04837991,0.0,-0.0006128822,0.0,0.09498461,0.0,-0.06723486,0.0,-0.09137363,0.27071086,0.3775795,0.10731537,0.009727169,-0.2069031,-0.0026834996
0.10317069,0.2225997,0.26818043,-0.50543684,0.014367077,0.036453754,-0.0086824605,-0.017762752,0.0,0.14674722,0.43343297,0.088695675,0.0,0.06253319,0.0,0.095523305,0.0,0.017007943,0.0,0.092056066,0.0,0.084746085,0.0,0.11676362,0.18497542,0.35789272,0.116181955,-0.040545803,-0.1986105,-0.015128067
-0.01907086,0.4959078,-0.40625262,-0.39604765,-0.020392029,-0.020441975,0.04531814,-0.032727066,0.0,-0.10586824,-0.23818433,0.11244505,0.0,-0.11892959,0.0,-0.29286587,0.0,0.014163841,0.0,-0.15411022,0.0,-0.08274805,0.0,-0.15712631,-0.87632793,0.23184681,-0.31098765,-0.0037693344,-0.1355444,0.006348543
-0.027098233,0.6746274,0.718756,-0.048934616,-0.09323998,0.02878198,0.040084384,-0.01958207,0.0,-0.07047264,0.4582132,0.08712868,0.0,0.06533283,0.0,0.07862588,0.0,-0.012161162,0.0,-0.3415258,0.0,0.078873985,0.0,0.025673538,0.18080498,0.31620342,0.13161589,-0.0364994,-0.014487988,-0.005952915
0.0026619816,-1.0049245,-0.5777294,-0.11859191,0.07424827,-0.0037624743,0.042728204,0.2432599,0.0,-0.12462134,-0.17210463,0.03811903,0.0,-0.15605994,0.0,0.02028638,0.0,0.011513143,0.0,-0.5218103,0.0,0.080380015,0.0,0.0478439,0.0676769,-1.9920553,0.07145386,-0.014677948,-0.28623247,0.007780738
-0.06871575,-0.42697978,-1.4967426,-0.41290122,0.016581025,-0.07112384,0.020458728,-0.064440176,0.0,0.004723127,-0.21165,-0.37972036,0.0,-0.002236565,0.0,0.08258481,0.0,-0.0045489585,0.0,0.061447576,0.0,-0.02841137,0.0,-0.056620687,0.111044735,-1.3508497,-0.2103177,0.013212998,-0.14160359,-0.00564536
-0.048841678,0.15408866,0.2030034,0.1394874,-0.08320813,0.011746624,0.0639467,0.27487597,0.0,-0.06770475,-0.38597298,0.10715378,0.0,-0.2260501,0.0,0.059841514,0.0,-0.0041053407,0.0,0.12987937,0.0,0.10831865,0.0,-0.07381111,0.17467296,0.29578188,0.069861144,0.00912656,0.24648261,0.026491879
-0.03296599,-0.64563686,0.24447563,0.028303493,-0.10943264,0.03435027,0.045039173,-0.031681255,0.0,0.05257428,0.23573525,0.07589444,0.0,0.06790072,0.0,-0.16003826,0.0,0.017995197,0.0,0.13860025,0.0,-0.07809124,0.0,0.15337439,-0.71000874,0.14359204,0.17052887,-0.010795876,0.2420771,-0.003495161
-0.016757976,0.48529723,-0.08062456,-0.048353128,0.0036041597,-0.01489806,0.029525733,-0.029872518,0.0,0.10261263,0.36356363,0.08258551,0.0,0.077437595,0.0,0.15983371,0.0,-0.0014139817,0.0,0.076908164,0.0,-0.06982348,0.0,-0.0772228,0.30269837,0.390813,-0.24163298,0.0036977148,-0.15393439,0.031294294
-0.04904568,1.2804936,0.19599016,0.16606443,-0.004020282,0.00010704488,0.04186082,-0.031641755,0.0,0.061375123,0.3415185,0.093584925,0.0,0.14456895,0.0,0.043706886,0.0,-0.012074372,0.0,0.16238,0.0,-0.035843804,0.0,-0.06072138,0.28181595,0.40375125,0.09728455,0.0072298385,0.27997538,0.0061998693
-0.027044201,-0.49579883,0.07715853,-0.1343484,-0.012869001,0.12629494,-0.083976276,-0.020685315,0.0,0.042709023,0.4111944,0.071581535,0.0,0.04598252,0.0,0.08618306,0.0,-0.0028456238,0.0,0.11592161,0.0,-0.053562403,0.0,0.11606504,0.2332667,0.38597068,-0.246677,0.036296774,-0.16417481,-0.0032664528
-0.016139034,-1.040882,-0.75911605,0.33716112,0.07909217,0.05043561,0.0120717045,-0.048169825,0.0,0.073749654,-0.20458949,0.042575378,0.0,-0.13128805,0.0,-0.00258597,0.0,0.04866596,0.0,0.043352894,0.0,0.08455681,0.0,-0.05535687,0.1153408,-1.4991632,-0.07579695,0.018035704,-0.3527588,0.010796798
-0.03220866,-0.75970703,0.18613765,0.011888331,0.111286506,-0.061250668,0.028938347,-0.034395617,0.0,0.074820936,0.39474088,0.07006783,0.0,0.044345003,0.0,0.11514516,0.0,0.0031627056,0.0,0.120963655,0.0,-0.093027234,0.0,0.10152163,0.22721925,0.37116313,-0.23236306,-0.00724085,-0.25623217,-0.004235275
0.1688683,-0.6271733,0.31376174,-0.11656104,0.026440477,-0.017792892,-0.10424513,-0.031608693,0.0,-0.029543892,0.39250305,0.0779887,0.0,0.08655304,0.0,-0.23049185,0.0,-0.012207747,0.0,0.121770985,0.0,0.09893413,0.0,0.087674655,0.16927756,0.303552,0.123496786,-0.013874324,-0.131914,0.1391126
-0.039662633,1.2780359,0.2694798,0.103839,0.009373461,-2.0202657e-05,0.0292832,-0.031347707,0.0,-0.06184356,0.3415185,0.09409807,0.0,0.13294889,0.0,0.035273984,0.0,-0.012951851,0.0,0.1702861,0.0,-0.037359357,0.0,0.07700119,0.25458562,0.40769893,0.099666625,0.008517029,0.24527092,0.0060763545
0.15431434,-0.35702044,-0.10823017,-0.29093385,0.08717304,-0.030683815,0.025251767,0.14589268,0.0,-0.103414215,-0.34300253,0.07270928,0.0,0.046163827,0.0,-0.1098075,0.0,0.016628088,0.0,-0.40947136,0.0,0.06568592,0.0,-0.05354224,0.157401,0.30785787,0.10801117,0.0018587864,0.25948194,-0.014229571
-0.05228776,-0.21808611,-0.46190464,-0.27641824,0.030067759,0.03715851,-0.06451257,-0.03952932,0.0,0.0879411,-0.279616,0.07096218,0.0,0.05792886,0.0,0.015511766,0.0,0.008643349,0.0,-0.26517123,0.0,-0.08724011,0.0,-0.23171523,-0.83849216,0.22201426,0.113468766,-0.007400463,-0.23931411,0.011419594
0.117574245,0.21203588,0.71077657,-0.115324356,-0.03758367,0.057918653,0.096553415,-0.02605441,0.0,0.016649466,0.41877803,0.08800045,0.0,0.075856335,0.0,-0.20349582,0.0,0.022898542,0.0,0.081794135,0.0,0.085149385,0.0,0.09909627,0.18677105,0.35170993,0.19948818,-2.60573e-05,0.18265224,-0.009239228
0.21666004,0.6634464,0.1729252,-0.05471822,0.010119918,0.010236209,0.0456631,-0.037566986,0.0,0.07491868,0.33443663,0.08957172,0.0,0.14737992,0.0,0.08016447,0.0,-0.012663713,0.0,0.047328714,0.0,0.056049142,0.0,-0.07635243,0.24651365,0.3928564,0.10296975,0.0023397477,0.14621389,-0.00510471
-0.058807198,-0.5725549,-0.37941802,-0.1831471,0.021210272,0.0820226,-0.010982,-0.06304307,0.0,0.0491471,-0.37679654,0.07969957,0.0,0.024726823,0.0,-0.18888411,0.0,-0.015328469,0.0,0.1692165,0.0,-0.04615911,0.0,0.09764637,0.14567007,0.277175,-0.30080318,-0.008142771,0.2887566,-0.0015596969
-0.033068117,0.6786814,0.19612323,0.19007881,0.11363033,0.0012856128,0.048316896,-0.014923085,0.0,0.16483714,0.38468552,0.08794055,0.0,0.07736876,0.0,0.05189184,0.0,-0.0034467797,0.0,-0.3129086,0.0,-0.05183064,0.0,0.06346265,0.20550904,0.4084696,0.10261111,-0.0009882057,0.124812506,-0.0031509812
-0.0020215125,0.5342653,-0.00024970286,0.12174646,0.0096843885,0.012317044,-0.22588797,-0.007931561,0.0,-0.11912717,-0.40465003,0.11287693,0.0,0.09052714,0.0,0.10353578,0.0,-0.022469094,0.0,-0.20158583,0.0,-0.061594058,0.0,-0.04962168,0.22865808,0.3488297,0.09079743,-0.0012725801,-0.13105117,-0.04782875
-0.07560889,1.01711,-0.41124648,0.68659186,-0.009161058,0.015669717,-0.17994918,-0.035984058,0.0,-0.007319322,-0.31110233,-0.39793536,0.0,0.05645764,0.0,0.055290043,0.0,-0.03207045,0.0,0.08436296,0.0,-0.103671,0.0,-0.14373487,-0.9580091,0.24628924,0.2955025,-0.004099551,0.3752602,-0.12541637
0.15522966,-0.124112815,-0.0777472,-0.33963567,0.0052501108,0.028671708,0.02759636,-0.03454972,0.0,0.0769029,0.37728205,0.075837746,0.0,0.07477232,0.0,-0.09114347,0.0,-0.0008502273,0.0,0.13162972,0.0,0.07492061,0.0,-0.07768536,0.22335005,0.38201904,0.17293286,-0.011353524,0.2516649,-0.01523383
-0.04904568,1.1470157,-0.15497679,0.14246598,-0.004020282,0.00010704488,0.04158213,-0.031641755,0.0,0.061375123,0.33794695,0.08400594,0.0,0.10904743,0.0,0.043651674,0.0,-0.011591952,0.0,0.16238,0.0,-0.035843804,0.0,-0.06072138,0.28181595,0.4009847,0.09763089,0.0072298385,0.27997538,0.0061998693
-0.02697395,-0.31550246,-0.04519136,-0.29439718,0.023291975,-0.07813528,0.029117562,-0.031445622,0.0,-0.044441115,0.37679204,0.071020216,0.0,0.044701874,0.0,0.08552055,0.0,-0.001140034,0.0,0.16860329,0.0,0.09445982,0.0,0.10009075,0.22909926,0.3637926,-0.2777071,-0.0025665902,0.21491568,-0.005193565
-0.035054673,0.24242397,-0.6816626,-0.09633114,-0.04332392,0.004705972,0.028550012,-0.03227102,0.0,0.019653678,-0.39882565,0.11212881,0.0,0.07038333,0.0,0.075641684,0.0,-0.003956429,0.0,-0.36313644,0.0,0.06186582,0.0,-0.062532194,0.18472563,0.326525,0.09068816,0.0036827265,-0.18728529,-0.0031017112
-0.0078928275,-0.5135763,-0.324719,0.38488698,0.018957753,-0.041494824,-0.04402765,-0.037609685,0.0,0.07785064,-0.18859124,0.04502637,0.0,-0.23916508,0.0,0.031442575,0.0,0.03192551,0.0,0.15015756,0.0,-0.1064002,0.0,0.074310906,0.0701581,-1.818554,0.08103144,0.059953947,-0.2745261,0.008132223
0.031986404,0.5776019,0.2264481,0.07265298,0.0011078814,0.020365005,0.03238107,-0.030535482,0.0,0.103056125,0.37503412,0.08052946,0.0,0.15584382,0.0,0.097398095,0.0,-0.007561147,0.0,0.05952149,0.0,0.08477664,0.0,-0.07635243,0.2476494,0.39757004,0.082872465,0.002852148,0.16326813,-0.0077195917
-0.013672689,0.2515682,-0.21803562,-0.37772688,0.07129213,-0.014459519,0.023553146,-0.027502963,0.0,-0.10672333,0.33290982,0.08599935,0.0,0.07635814,0.0,0.13169914,0.0,0.034258112,0.0,0.08170124,0.0,-0.06415436,0.0,-0.069653176,0.2744472,0.36130583,-0.26622728,0.005653807,0.18876673,-0.0073470944
-0.02694646,0.32155207,-0.53725237,-0.22762467,0.0094780205,-0.05010794,-0.0020206873,-0.023015657,0.0,0.1113641,-0.28152153,-0.40401226,0.0,0.03558248,0.0,0.11562508,0.0,-0.009107148,0.0,0.028952226,0.0,-0.03740809,0.0,-0.06974917,0.09888266,-2.0803688,0.033218052,-0.028964065,-0.17155634,0.010963101
-0.061566066,1.065022,-0.5846482,-0.23853938,0.085417196,0.08041506,0.041392993,-0.047004964,0.0,-0.0021130352,-0.37366283,0.15605706,0.0,0.07158898,0.0,-0.010460226,0.0,-0.016087072,0.0,0.094744354,0.0,-0.06390797,0.0,-0.06454742,0.23725818,0.366369,0.12946084,-0.0046720835,-0.16777708,0.017781544
-0.029534878,0.020020744,-0.4469767,-0.033282384,0.049910665,0.011490295,0.044920277,0.18683682,0.0,-0.066159464,-0.39794827,0.114159405,0.0,0.040184595,0.0,0.06277734,0.0,-0.032645732,0.0,0.0884321,0.0,-0.064943396,0.0,-0.09200005,0.2021161,0.31829476,0.095601454,0.016036648,-0.18041381,-0.00082789327
-0.066871904,1.0952138,-0.08230666,0.21575935,-0.015492333,-0.007441408,0.042195685,-0.032941204,0.0,-0.01931731,0.35072663,0.06923816,0.0,-0.32189792,0.0,0.07015348,0.0,-0.01158067,0.0,0.14111817,0.0,-0.077088155,0.0,-0.05677235,0.3096785,0.40309864,-0.149106,0.0060378164,-0.20666759,0.053769827
0.119914554,-0.26176894,-0.5569954,-0.30903545,-0.0027589276,0.06821187,0.0007837923,-0.03934025,0.0,-0.04932878,0.36617085,0.07535013,0.0,0.05223854,0.0,0.071164876,0.0,-0.0009954029,0.0,0.15082607,0.0,-0.059101544,0.0,-0.07343368,0.24436396,0.37251177,0.08240383,-0.00051933783,0.27859008,-0.01199176
-0.07561347,-0.34880212,-0.28835294,-0.055362325,-0.07759608,0.033833545,0.03428085,-0.044822942,0.0,-0.09092304,-0.2512545,0.05430537,0.0,-0.25608373,0.0,0.08260893,0.0,0.011986243,0.0,-0.38797852,0.0,-0.08036919,0.0,-0.20476392,-0.77346736,0.20972635,0.11837086,-0.02821968,-0.17285432,-0.046919547
-0.030930452,-0.48597878,0.14892517,0.15192655,0.01085016,0.026891435,0.025756575,-0.029270725,0.0,0.011305811,0.3574769,0.075110115,0.0,0.085628964,0.0,0.039601013,0.0,0.00036997802,0.0,0.09740548,0.0,-0.048370194,0.0,-0.07780605,0.23415394,0.36665934,0.17820022,-0.018070202,0.26101315,-0.0050246418
-0.029020326,0.2229001,0.0988923,0.15250354,-0.0137445135,-0.010021715,0.05275729,-0.035810813,0.0,-0.08621569,-0.41015327,0.112841524,0.0,0.017215665,0.0,0.16574691,0.0,-0.03795873,0.0,0.05443581,0.0,-0.054574896,0.0,-0.07333321,0.22875309,0.30843404,-0.24867141,-0.0063863364,-0.16165997,0.016052898
0.07524209,-0.65185755,0.017551705,-0.49996445,0.01948234,-0.0413407,0.04579595,-0.013129709,0.0,0.056332354,0.3793625,0.059087303,0.0,-0.32731444,0.0,-0.2694404,0.0,0.0019230696,0.0,-0.28320047,0.0,0.07014976,0.0,-0.0649491,0.23738138,0.35987833,0.075085536,-0.018023241,-0.29784012,-0.0063914955
0.22165953,0.4816849,0.15205428,0.2395333,0.039477207,0.017983764,0.0431669,0.23340838,0.0,-0.09056922,-0.29984576,0.15960942,0.0,0.03720147,0.0,-0.049949173,0.0,0.20318994,0.0,0.1618284,0.0,-0.04347095,0.0,0.10173509,0.17505136,0.33318678,0.10609769,0.028433928,0.22095099,0.0070990548
-0.036913686,0.007357892,0.02346001,-0.51656866,-0.16811967,0.012989481,0.04532567,0.2520221,0.0,-0.038146634,-0.20823637,0.055953875,0.0,-0.2257281,0.0,0.12423209,0.0,0.003845564,0.0,-0.2991699,0.0,-0.09768132,0.0,-0.20521003,-0.78053653,0.21705984,0.11538021,-0.011760628,-0.17887937,0.0008252305
-0.029169496,-1.2912017,0.15869455,0.50431883,0.12021562,-0.07788725,-0.10862088,-0.020585658,0.0,0.11705352,0.18274175,0.037085406,0.0,-0.24939363,0.0,-0.29488286,0.0,-0.012243981,0.0,-0.006696986,0.0,0.04962771,0.0,0.030704247,0.09028574,-2.5784574,0.058347,-0.02290768,-0.10644842,0.008819356
-0.01380124,-0.8462787,-0.53283745,0.23385723,0.067849234,0.035190087,-0.04340584,-0.018751305,0.0,0.1052441,-0.20150909,0.040096086,0.0,-0.23239505,0.0,0.040207032,0.0,0.004901545,0.0,-0.37191656,0.0,0.08248662,0.0,0.04838,0.066697136,-1.6287371,0.030949429,0.0571317,-0.24594142,0.008686727
-0.02438424,0.11763505,-0.485831,-0.1349056,-0.0027442453,0.039074704,-0.03673414,-0.03507945,0.0,-0.016585127,0.40551603,0.07945325,0.0,0.060631424,0.0,0.1201689,0.0,-0.0043346942,0.0,0.086255886,0.0,-0.058581956,0.0,-0.09137363,0.25633875,0.38207337,0.107006595,0.0071422034,-0.16806872,-0.001270165
-0.13958709,-0.2562234,-0.6483446,0.1709508,0.1729507,-0.22355935,-0.16977392,-0.023495723,0.0,0.07074947,0.25573087,0.065131284,0.0,-0.3439645,0.0,-0.27946463,0.0,0.026526421,0.0,0.020929204,0.0,0.09754008,0.0,0.23218377,-0.48077694,0.26636583,0.07066257,0.026598712,-0.1466272,0.0076613897
-0.039406985,1.280684,0.23706026,0.17761298,-0.0009389706,0.03079006,0.041892633,-0.033809178,0.0,-0.0488209,0.33303326,0.092978485,0.0,0.11375232,0.0,0.15270005,0.0,-0.013654588,0.0,0.16510132,0.0,0.10376651,0.0,-0.05320951,0.28332043,0.40637928,-0.15947928,0.0066767856,0.2726385,0.005787002
0.06982037,-1.69619,0.3821756,0.39425334,-0.07848187,0.30743042,0.034575306,-0.014946481,0.0,0.037975304,0.1803603,0.036731165,0.0,-0.30107403,0.0,-0.2991262,0.0,-0.03161021,0.0,-0.13186897,0.0,0.037003685,0.0,0.036884733,0.09264042,-2.4041245,0.030525073,0.05167132,-0.16816388,-0.002834805
0.017353078,-1.2405663,-0.36283842,0.025671098,-0.10654848,0.08181474,0.029923813,0.3883908,0.0,-0.08427093,-0.16989419,0.04346147,0.0,0.07887599,0.0,0.041721955,0.0,-0.030945089,0.0,-0.7195796,0.0,0.08650434,0.0,0.049064502,0.093785934,-1.8510183,-0.21412164,-0.011502993,-0.2873399,-0.003366115
-0.031233177,-0.42621306,0.3655045,0.46572673,0.13754252,0.0491852,0.056799956,-0.031675197,0.0,0.08424916,0.35079098,0.08263541,0.0,0.094837815,0.0,-0.08706788,0.0,0.004365189,0.0,0.11813067,0.0,0.08402734,0.0,0.08149471,0.20626622,0.3476865,0.154746,-0.010368634,0.25143865,-0.0062256055
-0.0676621,-0.6032566,-0.97632414,-0.70208967,0.02917159,-0.054935627,-0.04021629,-0.049370848,0.0,0.100155026,-0.21759641,-0.41735137,0.0,0.012513816,0.0,0.022946417,0.0,-0.0091764005,0.0,0.03882044,0.0,-0.03772425,0.0,-0.06495617,0.10494461,-1.8591373,-0.040303353,-0.016922353,-0.2486351,0.010970632
-0.042925227,-0.6180946,-1.3294821,-0.47919726,-0.083767936,0.016287554,0.039268527,-0.044517934,0.0,-0.06307522,-0.45607817,-0.5362654,0.0,0.040971432,0.0,0.09227233,0.0,-0.0036943187,0.0,0.064489305,0.0,-0.061345413,0.0,-0.0925067,0.2091245,0.22320704,0.05684248,-0.0020491946,-0.21615078,-0.008764751
-0.0032632423,-1.2145773,-0.686815,-0.5631642,0.022564974,0.012928269,-0.04546646,-0.043226052,0.0,0.06513817,-0.21163544,-0.37500474,0.0,0.048737153,0.0,-0.12524118,0.0,0.036050152,0.0,0.11794623,0.0,-0.05490001,0.0,-0.06373589,0.1633551,-1.5313308,-0.14416717,0.030478533,-0.33137026,-0.0074676024
-0.08347139,0.31646255,-0.62651694,-0.4151665,-0.070768975,0.006040984,-0.17586465,-0.018623706,0.0,0.008167172,-0.4163553,-0.6039873,0.0,0.08023524,0.0,0.03695658,0.0,-0.032994267,0.0,0.069876075,0.0,-0.06944423,0.0,-0.06030466,0.21846041,0.29754838,0.0919044,0.025599722,0.239885,0.023650305
-0.022159835,0.29724216,-0.21594092,-0.16529244,-0.003861799,0.021528412,-0.18752927,0.05682564,0.0,-0.13804136,-0.23411214,0.09126077,0.0,0.033065576,0.0,0.10538053,0.0,0.0018251836,0.0,-0.16641918,0.0,-0.08546722,0.0,-0.15683724,-0.9135889,0.22589068,-0.25804645,-0.014571648,-0.14032935,0.016969407
0.18615437,1.2766429,1.6071834e-05,-0.13269855,0.02309975,-0.0028551575,0.035943296,-0.049189705,0.0,-0.029022366,-0.33465964,0.1606054,0.0,0.017247448,0.0,0.025528675,0.0,-0.014146242,0.0,0.12122515,0.0,-0.075015076,0.0,-0.058260556,0.25069168,0.34442532,-0.19901538,-0.0004949057,0.31258678,0.019007843
0.16301121,1.2563115,-0.37165636,0.29120094,0.0005654293,0.0048309965,0.03591588,-0.037206095,0.0,-0.028674982,0.33794695,0.0824491,0.0,0.05293197,0.0,0.027140817,0.0,-0.010505211,0.0,0.162603,0.0,-0.0376355,0.0,-0.056385625,0.2816251,0.39820454,0.08109981,0.008517029,0.31522533,0.0066092946
-0.007375921,-1.0393696,-0.16790278,0.24051514,-0.013678427,0.011242666,0.019167187,-0.027806396,0.0,-0.06406732,-0.17294548,0.03785439,0.0,-0.25981936,0.0,-0.01877681,0.0,0.017567871,0.0,-0.79296815,0.0,-0.06233843,0.0,0.04061188,0.09017764,-1.4075148,0.047431037,-0.026097415,0.6156866,0.011205797
-0.08174982,1.1278325,-0.22450404,0.6394526,-0.0033032328,-0.0018970382,-0.25058037,-0.028336799,0.0,-0.0023663833,-0.4293199,-0.2898602,0.0,0.04057787,0.0,0.029261356,0.0,-0.019881561,0.0,0.07927383,0.0,-0.07697941,0.0,-0.058405966,0.2558075,0.33717343,-0.19632876,-0.002798488,-0.22277354,0.06303826
-0.02571238,-0.39745897,-0.36250588,0.2891813,-0.04800908,-0.032708496,0.022406787,-0.06158259,0.0,-0.04355224,-0.25178108,0.08359068,0.0,0.060275223,0.0,-0.22974488,0.0,0.0353435,0.0,0.15725286,0.0,-0.07198995,0.0,0.17486224,-0.603168,0.24052185,0.12680423,-0.023580253,0.25447154,-0.0021647108
-0.028933365,-1.1314862,-0.039157428,0.2992168,-0.119294524,-0.15887336,-0.1638797,-0.018098054,0.0,0.10111547,0.18558766,0.036345683,0.0,-0.29110444,0.0,-0.28088912,0.0,-0.0055043413,0.0,-0.060908522,0.0,0.03607471,0.0,0.033256225,0.09228421,-2.631624,-0.007817204,-0.023261951,-0.10745274,0.008888949
-0.08403963,-0.5296725,-0.58784515,-0.30539832,0.0042505343,-0.10087566,-0.036854908,-0.05311536,0.0,-0.13744742,-0.2070087,-0.37225273,0.0,-0.014914184,0.0,0.08514251,0.0,-0.009055555,0.0,0.09208334,0.0,-0.03831538,0.0,-0.059683844,0.110376224,-1.9078158,-0.16392103,-0.019142987,-0.15564214,0.0124169625
0.15356937,-0.7122463,0.5292826,0.09006242,0.005914043,-0.035433028,0.019919895,-0.027723333,0.0,-0.091821134,0.34708247,0.082950085,0.0,0.07069371,0.0,-0.16015016,0.0,0.051888905,0.0,0.15707268,0.0,-0.056349587,0.0,0.09970387,0.19750547,0.26094607,0.14526702,-0.013004132,0.25616717,-0.013727486
0.10049999,-1.4370042,-0.60062444,0.50185704,0.038548533,-0.0047079325,0.011601522,0.22410958,0.0,-0.04316009,-0.16719145,0.0397003,0.0,-0.1957362,0.0,0.075907506,0.0,0.017278679,0.0,-0.7754818,0.0,0.081353895,0.0,0.048233815,0.08531818,-1.9061997,0.042247757,0.0031704428,-0.2780942,-0.002938844
-0.025171231,-0.37073088,0.26131126,0.18309246,0.03196367,-0.0716593,0.021786148,-0.030616453,0.0,0.031843733,0.2571097,0.068075344,0.0,0.05184652,0.0,-0.2225692,0.0,0.0016477486,0.0,0.08329837,0.0,-0.07866262,0.0,-0.22047096,-0.8808983,0.2601506,-0.42630696,0.08212899,-0.19099514,-0.005467253
-0.04358839,0.45226806,-0.5009955,0.0029308056,-0.0029443689,-0.005477816,0.018457513,-0.04309474,0.0,-0.121091805,0.36356363,0.07746325,0.0,0.043323617,0.0,0.068003654,0.0,-0.0025875173,0.0,0.104511954,0.0,-0.075856395,0.0,-0.06991775,0.29709736,0.39208862,-0.24800456,0.0048790053,-0.12691924,0.012438794
-0.028862715,-0.26339272,-0.38196534,-0.44807282,0.04687976,0.06823762,-0.042555537,-0.060561396,0.0,-0.060984094,-0.27239704,0.06792855,0.0,-0.23406538,0.0,0.045889616,0.0,0.055172525,0.0,0.11841749,0.0,-0.08545359,0.0,0.2750765,-0.56182027,0.26626837,0.09673055,-0.0059567513,-0.17753711,0.009822094
-0.029043198,-0.75625104,0.020115275,-0.43328816,0.006076284,-0.04779936,0.008136925,-0.03204278,0.0,0.040783536,0.37003985,0.07576361,0.0,0.07804286,0.0,0.022929285,0.0,0.026877642,0.0,0.14295398,0.0,-0.058174256,0.0,-0.077339955,0.25123295,0.36510685,0.121197745,-0.0062647914,0.266215,-0.0042931736
-0.06527359,0.74509996,-0.20648211,0.026409365,-0.015238524,0.0042933943,0.0378601,-0.01611401,0.0,-0.108399495,-0.33453488,0.14454526,0.0,0.10337426,0.0,0.054029662,0.0,-0.0061476575,0.0,-0.2699594,0.0,-0.039213825,0.0,-0.049665917,0.23106548,0.34983113,0.0821479,-9.4736926e-05,-0.1379488,0.013382719
-0.028783686,-0.21955515,0.39565784,0.06783205,0.039678365,0.07044186,-0.16668905,-0.033754017,0.0,-0.05630487,0.26701212,0.07891392,0.0,0.07114625,0.0,0.16565576,0.0,0.0629812,0.0,0.12513952,0.0,0.041911315,0.0,-0.14887328,-0.8156833,0.27878836,0.113852166,-0.008899707,0.3594931,-0.005000073
0.1987212,1.1536111,-0.20696779,0.24564631,0.0060550924,-0.00040867034,0.03841008,-0.045623958,0.0,0.09270666,0.33794695,0.08611805,0.0,0.06399664,0.0,0.025429968,0.0,-0.0112916585,0.0,0.1728672,0.0,-0.04008503,0.0,-0.062438384,0.27656993,0.40148824,0.09685034,0.0074121812,0.28076753,-0.00036406872
-0.011096972,-1.3791845,-0.78190666,-0.69300073,0.013327942,0.076627515,0.0063832346,-0.06239344,0.0,0.059971128,-0.21165,-0.3505914,0.0,0.012428256,0.0,-0.009115816,0.0,-0.09260927,0.0,0.052781057,0.0,-0.12718178,0.0,-0.034679804,0.100518785,-1.6717315,-0.10904646,-0.011836156,-0.29349363,0.007332766
-0.005385159,0.6789956,0.2729294,0.027428018,0.0012468369,0.020182516,-0.11577496,-0.026840128,0.0,-0.058030333,0.42119,0.07719916,0.0,0.1908107,0.0,0.098870106,0.0,-0.01698622,0.0,0.07376628,0.0,0.10160393,0.0,-0.07266887,0.27776927,0.42588857,0.09788376,0.00930677,-0.11797023,0.054083798
-0.03252308,-1.2777207,0.5406173,0.18290228,0.15112707,-0.06383911,0.03335612,-0.03213617,0.0,-0.005402597,0.23771703,0.0854354,0.0,0.0766435,0.0,-0.17903556,0.0,0.0500448,0.0,0.10062314,0.0,0.10741003,0.0,0.1627521,-0.61036545,0.31932807,0.1081174,-0.0055265813,0.22213437,-0.006700799
-0.028888708,0.138666,-0.3546079,-0.40100372,0.003943271,0.0057496773,0.03179469,-0.05178496,0.0,0.1136785,-0.39803475,0.12053431,0.0,0.04595261,0.0,0.06913274,0.0,0.03462707,0.0,0.09893828,0.0,-0.046051376,0.0,0.1012176,0.16289437,0.29807824,0.10393775,-0.0005356854,0.22617823,-0.00054680614
-0.038115617,-0.4421905,-0.13322517,-0.38770255,-0.001429108,-0.06513287,0.018738944,-0.033886727,0.0,0.06643186,-0.4312269,0.057770148,0.0,-0.18079141,0.0,-0.24761105,0.0,0.025197592,0.0,-0.51511526,0.0,-0.02510983,0.0,0.08290154,0.11858162,0.28874752,-0.30215204,-0.010312691,-0.21355407,0.0065641007
-0.0009117867,-1.3496003,0.14576726,0.18700409,0.024234025,0.043713763,-0.011445162,-0.025955644,0.0,0.10846643,-0.18375105,0.039525673,0.0,-0.18491887,0.0,-0.070972025,0.0,-0.021170197,0.0,-0.48438734,0.0,0.06682646,0.0,0.041693818,0.06758679,-1.7788233,-0.09250023,0.024236303,-0.1935079,0.007447679
-0.0150088,0.39195287,0.14897913,0.21961436,0.01785123,-0.0150253065,0.02935362,-0.030379811,0.0,-0.110931754,0.36256453,0.0951281,0.0,0.075990036,0.0,0.13347195,0.0,0.13228092,0.0,0.083411545,0.0,-0.063878216,0.0,0.098837934,0.2464255,0.3678005,-0.25926417,-0.00018252776,0.1392621,-0.0030914021
0.0053969175,0.30611953,0.5298191,5.2290037e-05,0.02184198,-0.009210749,0.058124464,-0.026511177,0.0,-0.09465398,-0.38629484,0.11525052,0.0,0.009916923,0.0,0.1299213,0.0,-0.0023672269,0.0,0.0742645,0.0,-0.05858289,0.0,-0.07139006,0.22342505,0.31020743,-0.26517394,0.0012897892,-0.17608458,0.021997351
-0.044722542,-0.7802607,0.07988612,-0.45355442,0.008033312,-0.04779936,-0.006421674,-0.04368024,0.0,0.09148367,0.3492292,0.07761507,0.0,0.07594323,0.0,0.04930674,0.0,0.0003440667,0.0,0.15524252,0.0,-0.04809405,0.0,0.10448788,0.20711903,0.3584099,0.12534246,-0.0062647914,0.2521691,-0.0042931736
0.16835725,-1.0849551,0.3849825,-0.19709858,-0.05068819,0.060006388,0.05109034,-0.018188544,0.0,-0.06029732,0.2237069,0.051843032,0.0,-0.077615745,0.0,-0.16079623,0.0,0.046609014,0.0,-0.4519822,0.0,-0.08316332,0.0,-0.072565064,-0.72898597,0.12840223,-0.14341319,-0.020756433,0.38476673,-0.000519664
-0.012566348,-0.80888826,-0.2430251,0.4621644,0.061108995,0.044684827,0.0017824175,-0.029832983,0.0,-0.11788191,-0.20762314,0.039491963,0.0,-0.21303512,0.0,0.010719456,0.0,-0.04043052,0.0,-0.56370974,0.0,0.06667296,0.0,0.03539878,0.06160876,-1.5881113,0.028414525,-0.016088348,-0.21451904,0.008671872
-0.050284173,0.6531562,-0.44109774,-0.13810712,0.003668313,-0.058421154,-0.14471498,-0.042541005,0.0,-0.05238523,-0.3487823,0.14966133,0.0,0.078200616,0.0,0.10394101,0.0,-0.019664092,0.0,0.08848227,0.0,0.017574456,0.0,0.07800655,0.19473498,0.35797915,-0.1779803,0.0010709107,-0.14393386,0.016098443
0.25021186,0.7962192,-0.051153395,0.3354938,0.053133234,-0.00088477787,0.037952885,-0.043278363,0.0,-0.06998437,-0.32401907,0.15239352,0.0,0.009305363,0.0,0.031896148,0.0,0.17841257,0.0,0.11521191,0.0,-0.040135857,0.0,-0.06410084,0.24915916,0.34310588,-0.20678885,0.0008283664,-0.16217831,0.07877988
-0.052277178,0.5652567,0.023401545,0.30078605,-0.076583415,-0.007386359,0.06400291,0.21493672,0.0,-0.021089498,-0.29984576,0.15780236,0.0,0.09557514,0.0,0.113516,0.0,-0.017949073,0.0,0.10573216,0.0,-0.08363164,0.0,0.093237445,0.18987855,0.34117538,0.08410598,0.012414672,0.2546444,0.0501789
0.16889998,-0.45605886,-0.16581465,0.1437072,-0.09374563,0.031744674,0.03056987,0.16266382,0.0,-0.093848586,-0.34300253,0.06771718,0.0,0.024472188,0.0,0.07087388,0.0,0.020451805,0.0,-0.5644074,0.0,0.09557675,0.0,-0.05206607,0.16522878,0.29669145,0.17292926,-0.0009811529,0.32849944,-0.0081567895
-0.026628949,-0.514173,0.22545338,-0.16075402,0.014192496,0.0010215128,-0.08373414,-0.030633885,0.0,0.042457294,0.40548402,0.060294036,0.0,-0.27670866,0.0,0.17691758,0.0,0.042772725,0.0,0.12145335,0.0,-0.056660976,0.0,0.09710079,0.17281353,0.22603944,0.1169828,-0.013242645,-0.1326537,0.0080354335
0.17842558,-0.119838,-0.08648731,-0.26089406,0.056421876,0.047148276,0.023562072,-0.034122948,0.0,0.06896934,0.24678408,0.06614507,0.0,-0.2501023,0.0,0.09185698,0.0,0.00017188868,0.0,0.15281211,0.0,-0.097514205,0.0,0.19945838,-0.7777437,0.28343922,0.09099807,-0.0067091347,0.23809093,-0.009971298
-0.034968063,-0.94389135,-0.6625329,-0.66784376,-0.07571315,-0.07046261,0.029223833,0.16069993,0.0,-0.112418815,-0.1808465,0.034724366,0.0,-0.16427022,0.0,-0.03899338,0.0,0.004267158,0.0,-0.5527681,0.0,-0.0712957,0.0,-0.042388223,0.096610844,-1.9027203,-0.15908426,-0.018140497,-0.29879728,-0.057165198
0.11431347,0.17570183,-0.11021569,0.0704129,-0.0061402703,0.06416862,0.035054956,-0.030634407,0.0,-0.03267682,0.3814012,0.07961978,0.0,0.080432855,0.0,-0.29618788,0.0,-0.003925028,0.0,0.07955775,0.0,-0.054531034,0.0,-0.06160486,0.2631091,0.38687596,0.18909958,-0.065820016,-0.14608179,-0.008723112
0.099558696,-0.35268652,0.053397823,-0.58103484,-0.0039988635,-0.0782209,0.015695354,-0.033808056,0.0,-0.02289986,0.42091292,0.06455747,0.0,0.03243541,0.0,0.07604296,0.0,2.5293091e-05,0.0,0.120538116,0.0,0.08193773,0.0,-0.0904947,0.26773906,0.38438857,-0.27366734,-0.0017066023,-0.17182596,-0.009856288
-0.055103928,-0.2889581,0.123505786,0.020788109,-0.1501469,-0.031012138,0.036413055,-0.026413053,0.0,0.12831177,-0.2556031,0.0572378,0.0,-0.28801033,0.0,0.058707517,0.0,0.031410046,0.0,-0.405644,0.0,0.09664542,0.0,0.21576948,-0.5130613,0.25671825,0.090988904,0.021919616,-0.17811288,0.0057555772
-0.0397425,1.1401908,-0.2636935,0.18574621,0.0064212205,0.016816048,-0.1564249,-0.040991843,0.0,-0.027138934,0.35451192,0.083856545,0.0,0.08471562,0.0,0.09833346,0.0,-0.022934942,0.0,0.16603394,0.0,-0.04123444,0.0,-0.04641612,0.27679774,0.40772948,0.07689562,0.009151151,0.3067116,0.008786336
-0.033741206,0.09264222,-0.18763146,0.110461995,0.033354983,0.009514673,0.037143257,-0.042854775,0.0,0.17807893,-0.3841517,0.11547901,0.0,0.022439538,0.0,0.12229941,0.0,-0.0035031992,0.0,0.06388613,0.0,-0.049067218,0.0,-0.07271849,0.19936894,0.2831783,-0.20292975,-0.001533255,0.257059,-0.00078657025
0.0058176215,-0.8657545,0.38022947,0.20108081,0.09130671,-0.030200986,-0.077053845,-0.029780347,0.0,0.0828394,0.185174,0.0493818,0.0,0.04876239,0.0,-0.3161728,0.0,0.013532931,0.0,0.035689104,0.0,0.036120825,0.0,0.064207405,0.11608276,-2.0138898,-0.14084776,-0.0050366637,-0.17058085,-0.0027632788
0.002528504,-0.46647218,0.4922346,1.099379,0.13881007,-0.002176773,0.073137544,-0.014400633,0.0,0.0022701998,0.24305926,0.05932388,0.0,-0.2367556,0.0,-0.09610987,0.0,0.00627789,0.0,-0.0098516885,0.0,0.072954595,0.0,0.20088653,-0.49904227,0.3500124,0.038036276,-0.023276351,-0.054618303,0.007896397
-0.031214196,-0.5504894,0.9019585,0.08943243,0.21949248,0.08509403,0.03880723,-0.017534405,0.0,0.24502802,0.22804457,0.07141351,0.0,0.04035256,0.0,0.105735034,0.0,0.033544037,0.0,-0.3368184,0.0,0.11567702,0.0,0.10531799,-0.7168899,0.25655675,-0.29103035,0.00064776995,0.21892962,-0.0033039362
-0.08003298,0.11209313,-0.11534923,0.033372868,0.007230214,0.00639139,0.05634722,-0.029096374,0.0,0.09799096,-0.48250362,-0.6364984,0.0,0.028176935,0.0,0.07486138,0.0,-0.010349884,0.0,0.029056584,0.0,-0.034906078,0.0,-0.0763539,0.19129798,0.28166023,0.06268819,-0.0054604295,0.20543458,-0.004248574
-0.0029186045,-1.0282531,-0.5640765,-0.75453156,-0.018131468,-0.002080107,0.014049944,-0.054990996,0.0,0.043131195,-0.19256255,-0.38171777,0.0,0.07162103,0.0,-0.050194796,0.0,0.062277984,0.0,0.19601151,0.0,-0.052571278,0.0,-0.063771866,0.16367792,-1.2731028,-0.06414094,-0.011751777,0.8003277,-0.006052367
-0.010985204,-0.8202648,-0.054449297,-0.5938213,-0.009680671,0.011044372,-0.049795195,0.5056977,0.0,-0.05665398,-0.13730678,0.04566677,0.0,-0.072115324,0.0,-0.12168822,0.0,0.12121038,0.0,0.2871679,0.0,0.06847907,0.0,0.055548113,0.07284398,-1.852205,-0.082927994,0.0032742827,0.6376479,0.009063776
-0.019567303,-1.4824578,0.535509,0.93532676,0.15460694,-0.076482154,0.04165357,-0.026837442,0.0,-0.009415476,0.24590516,0.07654402,0.0,0.13115957,0.0,-0.17696644,0.0,-0.03185135,0.0,0.043673534,0.0,0.044976577,0.0,0.23075308,-0.5579145,0.35534894,0.06854074,-0.023557948,-0.07238581,-0.003869332
-0.047520753,-0.3348605,-0.54998815,-0.4309221,-0.004984668,-0.13533755,0.008431234,-0.068921626,0.0,-0.033053335,-0.44190693,0.07463386,0.0,0.050017,0.0,0.055674147,0.0,0.029211324,0.0,0.1549665,0.0,-0.058967557,0.0,0.108459435,0.15256153,0.29597792,-0.24603352,-0.0019453024,-0.21833912,0.012851387
-0.070624344,0.3778017,-0.39276698,0.08820068,-0.0116137285,0.0138527695,0.056222208,-0.017062088,0.0,-0.048585724,-0.4504842,-0.61784554,0.0,0.04062335,0.0,-0.022979362,0.0,-0.023558263,0.0,0.038256228,0.0,-0.034972597,0.0,-0.07141912,0.23135352,0.3211245,0.070895165,-0.004624228,-0.13563274,0.008122462
-0.06949996,-0.27031007,-0.660518,-0.31783766,0.0051138825,0.16228911,-0.07740632,-0.055366684,0.0,-0.14731541,-0.21538597,-0.35565826,0.0,0.028517779,0.0,0.09080345,0.0,-0.009055555,0.0,0.045356303,0.0,-0.04704945,0.0,-0.059683844,0.110376224,-1.7046933,-0.10089205,-0.01934128,-0.16251215,0.0050678453
-0.054936003,0.986397,-0.5893917,-0.43087968,0.043013997,0.0039183367,-0.15499899,-0.044343047,0.0,-0.0027310266,-0.36115223,0.15905288,0.0,0.08008824,0.0,0.010574285,0.0,-0.031430494,0.0,0.08007575,0.0,-0.059600238,0.0,-0.060931507,0.23501317,0.35056588,0.07768253,-0.00027089228,0.24167112,-0.0017770452
-0.029031962,-0.0916785,0.027492251,0.32636604,0.057254262,0.09607489,-0.1016117,-0.032631677,0.0,-0.06622662,-0.25448287,0.06706592,0.0,0.033305224,0.0,0.062271517,0.0,0.025203576,0.0,-0.45927486,0.0,0.11177961,0.0,0.10490726,-0.5919563,0.2417549,-0.3593037,-0.009965616,0.19655293,-0.004791483
0.18615437,1.286324,-0.11795031,-0.060833186,0.02068184,-0.0028551575,0.036883466,-0.054590806,0.0,-0.029022366,-0.33465964,0.1606054,0.0,0.017247448,0.0,0.024284823,0.0,-0.014146242,0.0,0.121594,0.0,-0.075015076,0.0,-0.058260556,0.25069168,0.34442532,-0.1859315,-0.0004949057,0.31258678,0.012068301
-0.057035103,-0.41729167,-1.0772018,-0.4330893,-0.012703173,0.020684866,0.031920746,-0.06505674,0.0,-0.1189526,-0.42478982,-0.51367986,0.0,0.015370587,0.0,0.10530373,0.0,-0.0028718477,0.0,0.042149074,0.0,-0.06028647,0.0,-0.08895619,0.22338748,0.2214341,-0.13730174,-0.028801573,-0.18540311,0.008042613
-0.06196119,-0.30277434,-0.547027,0.006734665,-0.01104943,0.08626609,0.02246857,-0.042050853,0.0,0.011342624,-0.39938286,0.056478266,0.0,-0.15599485,0.0,-0.16210243,0.0,0.001957859,0.0,-0.3719209,0.0,-0.046435256,0.0,-0.06960523,0.18389732,0.2837626,-0.13040137,-0.028486645,-0.22221747,0.008922994
-0.026562076,-0.47176945,0.13195917,0.17789516,0.009085163,0.035063203,0.019985018,-0.021829052,0.0,-0.0008860321,0.3886078,0.073603064,0.0,0.09062542,0.0,0.067891754,0.0,0.026260253,0.0,0.106751084,0.0,-0.050675265,0.0,-0.09190226,0.26120713,0.3906855,0.1844207,0.028059468,-0.17559241,-0.0057483646
-0.03729023,-0.39073706,0.5006043,0.07312487,0.111213475,0.077263825,-0.15257636,-0.025902307,0.0,0.07487871,0.23710251,0.06633935,0.0,-0.21410793,0.0,-0.18091872,0.0,-0.017559223,0.0,0.10896818,0.0,0.086101405,0.0,0.17152338,-0.6199455,0.294078,-0.18402615,-0.017828833,0.1970898,0.006157702
0.22371419,-0.41283658,-0.5458899,-0.79956794,-0.016701076,-0.09026469,0.002275246,-0.04644975,0.0,0.10852905,-0.20789947,-0.34642836,0.0,-0.03139926,0.0,0.04937677,0.0,-0.003004883,0.0,0.08719917,0.0,-0.025962997,0.0,-0.064613976,0.11409227,-1.7981001,-0.094445415,0.027503315,-0.25573257,-0.011624956
-0.016791739,-0.053393304,-0.42500865,-0.29953873,-0.004600077,0.0010508859,0.02926182,-0.037527,0.0,-0.091668814,-0.4501172,-0.43998623,0.0,-0.0041218717,0.0,0.13159305,0.0,-0.0019901218,0.0,0.0803555,0.0,-0.05858289,0.0,-0.087862164,0.21137144,0.27567655,-0.19011234,0.03059832,-0.20025432,-0.007908284
-0.08441117,0.24116242,0.26431647,-0.42145798,-0.02840533,-0.045164667,-0.24470225,-0.038024582,0.0,-0.1467523,0.3316301,0.07669767,0.0,-0.6373085,0.0,0.10788464,0.0,-0.018553033,0.0,0.075422704,0.0,0.020480072,0.0,0.032975778,0.22988409,0.3712295,-0.20903923,0.0016327774,0.11215797,-0.00548705
-0.065769166,1.1867503,-0.26550746,0.21595412,0.006508351,-0.0006846078,0.049719617,-0.012489393,0.0,0.0129980445,-0.39285192,-0.33637506,0.0,0.06300123,0.0,0.059097063,0.0,-0.014464155,0.0,0.076689735,0.0,-0.06977015,0.0,-0.06260801,0.26146597,0.33885035,-0.21587472,-0.24803384,-0.2518586,-0.25521556
-0.020205732,-1.5612336,-0.4646572,0.11701202,0.011603468,-0.021039858,-0.030809257,-0.0318571,0.0,0.10166343,-0.18882935,0.039587267,0.0,-0.32125592,0.0,-0.08973957,0.0,-0.00091963913,0.0,-0.5032695,0.0,0.06919144,0.0,0.04863021,0.06530851,-1.9121777,0.041051384,-0.020587793,-0.23453435,-0.07034594
-0.040475845,-0.0075609204,-0.007911004,-0.5118859,-0.16921648,-0.09581642,0.044431105,0.25191867,0.0,-0.039231487,-0.20602593,0.054713294,0.0,-0.12644662,0.0,0.040633008,0.0,0.008899223,0.0,-0.27336085,0.0,-0.09804202,0.0,-0.1754778,-0.78308415,0.20924759,-0.2951036,-0.008622117,-0.17887937,0.0010083239
0.11765413,0.46098325,-0.15832359,0.14031589,-0.0033737551,0.019502975,0.028190697,-0.037267543,0.0,0.10829708,0.35078394,0.09008536,0.0,0.06728949,0.0,0.118861035,0.0,-0.037321247,0.0,0.10553983,0.0,-0.06474746,0.0,-0.078376055,0.2537456,0.3840832,0.08654881,0.0067825625,0.20041975,-0.012170154
-0.044790164,0.70508766,0.14154649,-0.15270682,0.0696126,0.01044712,0.06047763,-0.03505142,0.0,-0.05443567,0.33293927,0.09118879,0.0,0.18118857,0.0,0.061567433,0.0,-0.01627076,0.0,0.068913184,0.0,0.059254237,0.0,0.09976364,0.20489556,0.39960155,0.11483529,0.0023251935,0.12109357,-0.004360151
-0.03685066,0.21917742,-0.24523798,-0.1947523,-0.020609558,0.010395509,-0.17597614,-0.030350802,0.0,-0.060371876,-0.4089177,0.09870445,0.0,-0.110523134,0.0,-0.33002403,0.0,0.008392015,0.0,-0.2687767,0.0,-0.045776714,0.0,-0.065788,0.19449528,0.30128735,-0.22068845,-0.0034886901,-0.13866201,0.011233427
-0.0075020352,-0.31739467,-0.35074618,-0.60320026,0.04810565,0.01036964,-0.108672254,-0.06469819,0.0,-0.056855615,-0.19496025,0.04389241,0.0,-0.13148275,0.0,-0.06883528,0.0,-0.005064956,0.0,0.11286075,0.0,-0.05052544,0.0,-0.054506447,0.08066421,-1.8317732,0.033707924,-0.018306775,-0.30225205,0.010210039
-0.047208373,1.2574071,-0.13323613,-0.19827236,-0.023530168,-0.0023394427,0.04486229,-0.034262247,0.0,0.015815716,-0.3606612,0.15464352,0.0,0.07204725,0.0,0.06701518,0.0,-0.014464155,0.0,0.10470022,0.0,-0.07328989,0.0,-0.06329182,0.26146597,0.35186058,-0.19864666,-0.0008913302,-0.23973949,-0.055097893
-0.04753437,-0.47893277,-0.004588701,-0.21011275,-0.055591635,0.015146901,0.04293058,0.30180392,0.0,-0.015894365,-0.32285145,0.085156664,0.0,0.025003454,0.0,0.116006024,0.0,-0.005423841,0.0,0.12675548,0.0,-0.05202965,0.0,-0.07829319,0.20413843,0.24232161,-0.18562038,-0.031608902,0.2740931,-0.00036371208
-0.094039835,1.1741154,-0.8679311,0.21796887,-0.014243855,-0.0017862408,0.048062176,-0.029553201,0.0,-0.0019679961,-0.41671035,-0.34586465,0.0,0.03556049,0.0,0.024211513,0.0,-0.013763722,0.0,0.08205264,0.0,-0.07753113,0.0,-0.06066485,0.25613794,0.3394798,-0.2725069,-0.003569433,-0.22802556,0.02629473
-0.061252758,0.7315917,-0.59701884,0.025716634,-0.07993566,-0.045023635,0.041057844,-0.03205286,0.0,-0.009962975,-0.4033129,0.11425061,0.0,-0.3011952,0.0,-0.09524565,0.0,-0.0030111275,0.0,-0.3729814,0.0,0.09020987,0.0,-0.050051507,0.19829072,0.3516616,0.08374547,-0.0035445443,-0.12459929,-0.0052682776
-0.022677578,-0.6852165,-0.8042151,-0.6623765,-0.030371172,-0.13039725,-0.12052119,-0.04238018,0.0,0.0559152,-0.21538597,-0.3360299,0.0,0.016605537,0.0,-0.018967288,0.0,-0.0051858053,0.0,0.05122861,0.0,-0.03477145,0.0,-0.06350927,0.11326371,-1.7481495,-0.057487164,-0.011820206,-0.2892459,0.0046837186
0.014692406,-1.2386951,0.6818175,0.18507437,-0.113447964,-0.15940626,0.046184093,-0.018670332,0.0,0.04412353,0.18367516,0.05023675,0.0,0.058117427,0.0,-0.4130725,0.0,-0.09703491,0.0,-0.3591311,0.0,0.04189778,0.0,0.027983945,0.06991983,-2.3022282,0.06262353,-0.0094120335,-0.13907228,-0.0036166445
-0.026167884,0.21901591,0.09956444,-0.28102234,0.002068947,0.08594661,-0.26667073,-0.02176259,0.0,-0.08846113,0.44963932,0.07144226,0.0,-0.16999467,0.0,0.047067363,0.0,0.033402123,0.0,0.08685964,0.0,0.086985365,0.0,0.07948591,0.22363263,0.34551015,-0.2286943,-0.005215136,-0.1637007,0.0071350425
0.015899869,-1.1935725,1.3012598,0.11229779,0.044459008,-0.08189125,-0.01795268,-0.021259625,0.0,-0.06652238,0.18379436,0.053167928,0.0,0.12758368,0.0,-0.19851181,0.0,0.124659404,0.0,0.24394594,0.0,-0.041327324,0.0,0.06841359,0.18923374,-1.4471228,0.078852065,0.01423926,-0.19147588,-0.001636062
-0.08075381,-0.39353955,-0.8116063,-0.61152655,-0.047649622,-0.012439944,-0.0503352,-0.053887106,0.0,-0.0646267,-0.2808937,-0.58043987,0.0,0.028845679,0.0,0.057340194,0.0,-0.009332264,0.0,0.05515438,0.0,-0.08765532,0.0,-0.23090924,-0.91163534,0.18405987,0.093210764,-0.034828976,-0.16893965,-2.2992957e-05
0.0025563114,-0.5607941,0.4137369,1.0649997,0.13055132,0.16678032,0.07755455,-0.0068011857,0.0,0.012715021,0.24259031,0.059622865,0.0,-0.34642562,0.0,-0.16285743,0.0,0.009560688,0.0,-0.05106055,0.0,0.04569025,0.0,0.23075308,-0.49143678,0.34194762,0.046687365,0.05242631,-0.0571186,0.007264585
0.14876403,-0.3671064,-0.20339623,-0.27216724,-0.16016161,-0.047851007,0.019045176,0.21198072,0.0,-0.034570675,-0.1863561,0.06692307,0.0,-0.18076241,0.0,-0.093857996,0.0,0.03798503,0.0,0.12511738,0.0,-0.074347064,0.0,0.26402828,-0.57536054,0.2712766,0.08751676,-0.04862782,-0.15911637,-0.0043296134
0.10990552,-0.32331622,0.06631673,0.13461153,0.0072629075,-0.060882784,0.006467622,-0.03532281,0.0,-0.050683968,0.3531179,0.069212936,0.0,0.0025914628,0.0,0.1631871,0.0,0.027588744,0.0,0.1331975,0.0,-0.05137603,0.0,-0.06082579,0.25431958,0.34344852,-0.36202586,-0.008583902,0.25147498,-0.014063883
0.004997487,-0.77768165,-0.39588383,0.33783013,0.07780366,0.086137,-0.048062272,-0.018571703,0.0,0.07204073,-0.1883301,0.04777184,0.0,0.048193324,0.0,-0.01920692,0.0,0.019322585,0.0,-0.337733,0.0,0.08455681,0.0,-0.038565554,0.084373534,-1.5530287,-0.13661656,0.084934205,-0.23666802,-0.0034442819
0.036262363,-1.6349727,0.8752909,0.16844663,-0.13532723,-0.03015596,0.025167087,-0.029477162,0.0,-0.028552618,0.25412863,0.064359695,0.0,-0.26055127,0.0,0.05411117,0.0,-0.022121286,0.0,0.11069391,0.0,0.033015464,0.0,0.251762,-0.92187476,0.32235205,0.11136636,-0.0016799441,-0.16448198,0.00824874
-0.093964934,1.172373,-0.749895,0.38326833,-0.021415062,0.00553659,0.048286155,-0.03969632,0.0,-0.0008831468,-0.43059334,-0.3356057,0.0,0.051044453,0.0,-0.013332064,0.0,-0.016179534,0.0,0.08303594,0.0,-0.06390797,0.0,-0.06336626,0.24059899,0.3493598,0.26720732,-0.004765413,-0.22802556,0.020520516
0.1286162,-0.6378611,0.7251829,-0.55936384,0.017147293,0.00025165937,0.04025035,-0.026767949,0.0,0.15508768,0.35314685,0.06874823,0.0,-0.28396043,0.0,0.18805495,0.0,-4.54971e-05,0.0,0.114277855,0.0,0.070954666,0.0,0.081656195,0.2077383,0.32173538,0.105488844,0.009822814,0.30166396,-0.0054830424
-0.043429818,-0.15522754,0.8186921,-0.22176221,0.081172235,-0.004413769,-0.13063882,-0.028268727,0.0,-0.052113213,0.28172183,0.08293491,0.0,0.095241986,0.0,-0.2369186,0.0,0.01219257,0.0,0.1364377,0.0,0.1186531,0.0,0.25465086,-0.6931745,0.3284188,0.124226704,0.030452844,-0.14823528,0.0570942
-0.042989977,0.6342049,-0.50980234,0.09877544,0.039038133,-0.04505576,-0.13059166,-0.029029883,0.0,-0.03171778,-0.26723403,0.1234236,0.0,0.07670386,0.0,-0.08024432,0.0,-0.00695564,0.0,-0.23367898,0.0,0.1280802,0.0,-0.19383183,-0.82101864,0.2631406,0.12460816,-0.0036172192,-0.11268234,0.026673825
-0.09304467,1.173121,-0.14775899,0.009680871,0.056252785,0.0070106164,-0.1901809,0.16155851,0.0,0.0005766022,-0.35422176,0.0955405,0.0,0.05877198,0.0,0.033054978,0.0,-0.020013023,0.0,0.1220717,0.0,-0.084019125,0.0,-0.06374594,0.25385255,0.3490681,-0.19657943,0.009237348,-0.23960996,0.01576703
-0.11622635,-0.97704786,0.08202568,0.4848765,0.09997013,-0.27923357,-0.13525283,-0.019555569,0.0,0.18233523,0.17989208,0.03850559,0.0,-0.29800072,0.0,0.3467345,0.0,0.07209095,0.0,-0.029422088,0.0,0.0792531,0.0,0.0062265843,0.058876712,-1.8139763,-0.0011623008,-0.021471838,0.012433284,0.009544715
-0.02484092,-1.4588002,-0.33140346,0.16217813,-0.010915111,-0.039764702,-0.046362955,-0.025306033,0.0,-0.04989549,-0.1905771,0.0368127,0.0,-0.26086813,0.0,0.006515759,0.0,0.07763849,0.0,-0.54935086,0.0,-0.14284778,0.0,0.045286644,0.08266084,-1.8883203,0.038111594,-0.026364138,-0.21601352,-0.06918051
-0.08705881,0.18439348,-1.664764,-0.06320699,-0.020489154,0.031202478,-0.18192801,-0.019508105,0.0,-0.03280684,-0.4771094,-0.62774265,0.0,0.04340772,0.0,0.10061831,0.0,-0.029676102,0.0,0.03867367,0.0,-0.0042961324,0.0,-0.06731654,0.21288368,0.25696364,0.27798253,0.010042092,-0.15189044,-0.014919536
-0.07286131,1.1706483,-0.27350494,0.33629894,0.01866773,0.015048573,-0.20278499,-0.01432119,0.0,0.010806697,-0.41720134,-0.39135882,0.0,0.07637728,0.0,0.10945464,0.0,-0.032994267,0.0,0.084154494,0.0,-0.056508422,0.0,-0.054194923,0.24006826,0.34749123,0.118065074,-0.0042818943,0.29911336,-0.028830338
-0.006704904,-1.3880847,-0.06447452,-0.11923233,-0.14514646,-0.08216227,0.00529214,-0.04563683,0.0,-0.045037176,-0.21032469,-0.31409952,0.0,0.0059481096,0.0,0.052293025,0.0,-0.09831173,0.0,0.06437164,0.0,-0.09338153,0.0,-0.033884283,0.103992395,-1.5712408,-0.04815771,-0.20923568,-0.29265088,0.0005598864
-0.086459756,0.63662666,-0.14782594,0.09758065,0.043753125,0.0035123737,0.036857888,-0.03718089,0.0,-0.089968644,-0.3052472,0.1389347,0.0,-0.37556377,0.0,0.003817148,0.0,0.0026784497,0.0,-0.7946175,0.0,-0.0326599,0.0,-0.042353414,0.2281453,0.34884202,0.03843936,-0.000116031966,0.2235016,0.0011545925
-0.025757909,-1.0648264,0.8665446,-0.21277688,-0.11628592,-0.043253057,-0.22328334,-0.009111377,0.0,0.11018459,0.24456662,0.07490741,0.0,0.068485856,0.0,-0.21025299,0.0,0.0021596693,0.0,-0.35071212,0.0,-0.08196766,0.0,0.21455377,-0.68945915,0.29278085,0.11189575,0.026332043,-0.15163247,-0.001636062
-0.048687395,-0.42380184,-0.4054801,-0.049200967,0.011857663,-0.064264536,0.021530809,-0.071611494,0.0,0.036090206,-0.40045172,-0.6237127,0.0,-0.014669924,0.0,0.15151888,0.0,-0.0033259443,0.0,0.037214607,0.0,-0.04611435,0.0,-0.07019347,0.20103824,0.23925,-0.13554214,-0.01930622,0.31524214,-0.0058665914
-0.076531366,0.12543677,-0.24764189,-0.03350558,-0.0013557826,-0.0050128233,-0.19606574,-0.014609411,0.0,-0.09450546,-0.44305187,-0.5126264,0.0,0.011170485,0.0,0.12936132,0.0,-0.012095983,0.0,0.05279238,0.0,-0.036825247,0.0,-0.066662855,0.2230946,0.29125386,-0.17628314,-0.010457711,-0.1297356,-0.006778481
-0.08469387,-0.51999867,-0.47758064,-0.24457107,-0.08099699,-0.0016080458,-0.006090042,-0.0570421,0.0,-0.03297711,-0.18291672,0.039988633,0.0,-0.059339054,0.0,-0.15581891,0.0,-0.0011724953,0.0,0.08865335,0.0,-0.027756592,0.0,-0.06562403,0.10193052,-1.9303678,-0.2781995,-0.0044225976,-0.19267702,0.009345853
-0.090914756,1.2320648,-0.013909038,-0.08962216,0.06041041,0.0038035116,0.047955915,-0.044030666,0.0,0.00035295828,-0.3745442,0.14777526,0.0,-0.29925177,0.0,0.0017100557,0.0,-0.009074461,0.0,0.12927845,0.0,-0.06390797,0.0,-0.05753059,0.23603861,0.35702994,0.052942343,0.00080221635,-0.23133317,0.047349766
-0.0075608823,0.6891736,1.1710433,0.26499164,0.026980402,0.030503357,0.057769254,-0.024699444,0.0,0.09748595,0.38260525,0.08510302,0.0,0.18295658,0.0,0.14369075,0.0,-0.0211981,0.0,0.07439879,0.0,0.08262451,0.0,0.10910843,0.22806756,0.3569849,0.11292901,0.0028059916,0.15372404,-0.0052343444
-0.064688206,-0.062171347,-0.07415683,-0.42600617,-0.019580154,-0.0073837815,-0.06555538,-0.023902336,0.0,-0.06305416,-0.20524506,0.040096086,0.0,-0.2232153,0.0,0.19317748,0.0,0.035950135,0.0,-0.36427882,0.0,0.0076973476,0.0,0.0370026,0.06926711,-2.080311,0.042507455,0.0007806639,-0.14379193,0.005982354
0.19359845,-0.73835284,0.13340898,0.26461634,0.1600131,-0.08389739,0.06732209,-0.017777,0.0,0.015361354,0.2285346,0.07690857,0.0,0.17672764,0.0,-0.17854397,0.0,-0.0034243716,0.0,-0.21485695,0.0,0.0720489,0.0,0.13836628,-0.54363835,0.3269216,0.058572885,-0.023397598,0.16992722,-0.006700799
-0.029252619,-0.3935606,-0.82407254,-0.6489355,-0.017179504,0.16621122,0.029647965,-0.047642704,0.0,0.06401243,-0.20789947,-0.3272543,0.0,0.020477487,0.0,0.0012073183,0.0,-0.003374328,0.0,0.037247792,0.0,-0.03469707,0.0,-0.06443695,0.11393222,-1.4387016,-0.016820114,0.03213223,-0.2948571,-0.008137872
-0.047226075,-0.15810472,-0.55464387,-0.1898909,0.012169237,-0.12997659,-0.085458964,-0.04234399,0.0,0.14194159,-0.21392839,-0.3800716,0.0,-9.714661e-05,0.0,0.091946736,0.0,-0.008284678,0.0,0.054705765,0.0,-0.023181394,0.0,-0.068528876,0.111363575,-1.8673056,-0.08335722,0.06268868,-0.1620616,-0.0071073174
0.13734981,-0.436068,-0.045838453,-0.34712943,-0.058467228,0.03397496,0.021631157,0.5053378,0.0,-0.047836255,-0.32603547,0.081107,0.0,0.060287178,0.0,-0.049961634,0.0,0.0397505,0.0,0.17960002,0.0,0.0807246,0.0,0.104117796,0.14024188,0.29295304,0.15546362,0.004902123,0.25388893,-0.008234969
-0.1029692,0.5227803,-0.16393341,-0.17328298,0.014450244,-0.005087253,0.054360658,-0.02130543,0.0,0.068389855,-0.4297473,-0.635742,0.0,0.04689194,0.0,0.06577259,0.0,-0.018716386,0.0,0.03247103,0.0,-0.07431925,0.0,-0.07747189,0.23370342,0.3377551,0.06536086,-0.005277297,-0.14197253,0.01654531
0.1368277,0.24993026,-0.14976308,0.34676492,-0.034482513,0.033912346,0.027501686,-0.036704488,0.0,0.0077875727,0.40702298,0.07910381,0.0,0.075306565,0.0,0.13063154,0.0,-0.0038696742,0.0,0.083757296,0.0,-0.06121347,0.0,-0.082328714,0.26672292,0.38130623,0.13149653,0.0018988766,-0.17632501,0.05435062
-0.032739773,-1.6291326,0.65266657,0.20364946,0.10690659,-0.13027845,-0.15242766,-0.017473102,0.0,-0.14051253,0.19999741,0.04142327,0.0,-0.23137675,0.0,0.25730586,0.0,-0.01908216,0.0,-0.47113657,0.0,0.058772452,0.0,0.009625312,0.13647933,-2.1809366,0.05371733,-0.013742224,-0.13836844,-0.0029791107
-0.06052359,0.69607687,-0.31465384,0.12510891,-0.095605984,0.028964635,0.04206925,-0.029585078,0.0,0.050492343,-0.3231377,0.15122111,0.0,0.070183106,0.0,-0.3145797,0.0,-0.016340198,0.0,0.03755833,0.0,-0.07892488,0.0,-0.07012525,0.23375101,0.3380893,-0.36958903,-0.0033798344,-0.15839782,0.011675668
0.0010204911,-1.7241465,-0.13061327,-0.12577035,-0.053706974,0.028084809,0.006790894,-0.009345673,0.0,0.11998621,0.25163215,0.06453699,0.0,0.070970625,0.0,0.0075235963,0.0,-0.0635237,0.0,-0.4036317,0.0,-0.16267215,0.0,-0.17088053,-0.95320064,0.24620287,0.09958596,0.05605761,-0.22740115,-0.0031569288
-0.008605557,-0.09082049,-0.08451982,-0.34106374,0.016837012,0.018802488,-0.1296455,-0.03583582,0.0,0.09297765,-0.49607095,-0.5897345,0.0,0.024245514,0.0,0.078523345,0.0,-0.007903044,0.0,0.031932645,0.0,-0.05643049,0.0,-0.09832164,0.19757125,0.24626158,0.07503001,0.10199484,-0.19201906,-0.005863471
-0.07362317,1.1741006,-0.43136162,0.75247604,0.02928549,0.006166118,0.04994359,-0.0206632,0.0,0.016790146,-0.43059334,-0.35357764,0.0,0.075193875,0.0,0.025251128,0.0,-0.016879966,0.0,0.07806059,0.0,-0.05659899,0.0,-0.06530939,0.245927,0.34808022,0.28683695,-0.0048940224,-0.2362585,-0.20522378
-0.0056933793,-0.39677608,0.059624996,-0.07844666,0.04697342,-0.00089231174,-0.0912528,-0.031322237,0.0,0.036695056,0.26743817,0.058712363,0.0,-0.2911226,0.0,-0.09908819,0.0,0.010152736,0.0,0.13868923,0.0,-0.12248339,0.0,-0.25692832,-0.82288593,0.26373005,0.043133527,-0.008713953,-0.25497982,0.010142604
-0.054767285,0.33767423,-0.3374421,0.0018868991,-0.027113331,-0.0042735664,0.042725675,-0.033298094,0.0,-0.15192741,-0.2665139,0.0977466,0.0,-0.13696928,0.0,0.09378336,0.0,0.012158154,0.0,-0.25159046,0.0,-0.08281298,0.0,-0.16555497,-0.88553363,0.21286517,-0.17932789,-0.0016650334,-0.13670148,-0.04870657
-0.03383135,0.49941966,-0.09918958,-0.06861684,-0.011007412,0.020358529,0.053057708,0.122609794,0.0,-0.13862221,-0.38131902,0.106459856,0.0,0.017670544,0.0,0.07705301,0.0,-0.011329686,0.0,-0.32655886,0.0,0.10413731,0.0,-0.050260764,0.22370665,0.34791985,-0.22706228,0.018415043,-0.13754088,-0.009147359
-0.047346074,1.3948123,-0.11329329,-0.42414552,-0.081338964,0.08374524,0.049451675,-0.032491684,0.0,0.0069589876,-0.33377832,0.15706742,0.0,0.08181325,0.0,-0.23349957,0.0,-0.015216121,0.0,0.11749956,0.0,-0.07077385,0.0,-0.060524046,0.23511827,0.33898732,-0.30921876,-0.0018785613,0.23050125,0.010165366
-0.070099324,-0.35802913,-0.02026215,-0.044443123,-0.15179206,-0.02270369,-0.14071733,-0.036544837,0.0,-0.07121002,-0.26185584,0.057301525,0.0,-0.3422231,0.0,-0.10720164,0.0,0.034341503,0.0,-0.5564582,0.0,0.12095264,0.0,0.21916567,-0.4620851,0.27093992,0.057326913,-0.0046884394,-0.1169209,-0.029986128
-0.080711536,0.2913135,-0.37566486,-0.059127092,-0.007859101,0.009834657,0.051039837,-0.023333795,0.0,-0.03394342,-0.32121882,-0.43839833,0.0,0.03177023,0.0,0.11777947,0.0,-0.018944224,0.0,0.031155547,0.0,-0.037494283,0.0,-0.1824744,-0.97991663,0.21288256,-0.1972483,-0.0025471598,-0.13839781,-0.004371034
0.0028301938,0.48507935,-0.45697558,0.20401455,-0.013998526,0.0015139051,0.024836268,-0.043062177,0.0,-0.0937292,-0.36082304,0.12003613,0.0,0.104190454,0.0,0.07012742,0.0,0.1580181,0.0,0.11017252,0.0,0.08012661,0.0,0.09150498,0.15967086,0.3372378,0.09741536,0.0015516818,0.21308362,-0.002526047
-0.066805,-0.42900166,-0.31942302,-0.22770625,0.07839355,0.17075104,0.020630987,-0.06672881,0.0,-0.006685852,-0.21165,-0.30067074,0.0,0.028255211,0.0,0.08969355,0.0,-0.0032634772,0.0,0.06489035,0.0,-0.034394376,0.0,-0.06061153,0.11013068,-1.4296353,0.037369914,0.023885373,-0.24373446,-0.004650264
-0.0018742715,-1.0271927,-0.5092586,-0.81704813,-0.019247172,0.012000668,0.028569171,-0.052983202,0.0,0.043121316,-0.21165,-0.34384876,0.0,0.00023334248,0.0,-0.023334794,0.0,0.0013238,0.0,0.06113583,0.0,-0.051114872,0.0,-0.06443695,0.1287791,-1.576271,-0.06122585,-0.011713831,-0.32157618,-0.007689154
-0.08362925,0.81558394,-0.42711493,-0.29026088,0.057968803,-0.0035193204,0.044150658,-0.04305991,0.0,-0.006074084,-0.33465964,0.14882718,0.0,-0.2623394,0.0,0.047485836,0.0,-0.007410613,0.0,0.103977755,0.0,-0.075015076,0.0,-0.05808353,0.24947764,0.34352404,-0.1185205,0.0010424483,0.24249922,-0.00934921
-0.05100584,0.46090236,0.029498717,0.15448779,0.082720466,-0.003525105,0.052065387,0.22306648,0.0,-0.06161617,-0.21091272,0.12420903,0.0,-0.163249,0.0,0.08092788,0.0,0.26531297,0.0,0.13116881,0.0,-0.08426607,0.0,-0.21184237,-0.9693312,0.23511893,-0.23439306,0.02488229,-0.15598103,-0.06642133
-0.05953441,-1.4479134,-0.16077183,0.017779145,0.06264181,-0.02867482,-0.14782618,-0.021552904,0.0,-0.07631319,0.25825572,0.06576552,0.0,0.091280594,0.0,-0.010303876,0.0,0.02346707,0.0,-0.556136,0.0,-0.17306484,0.0,-0.23310356,-0.88953996,0.2526667,0.08340423,-0.016619584,-0.1973832,0.0066486145
-0.010635088,-0.8983923,0.028514307,-0.010873154,0.1116445,0.10354746,-0.07442323,0.26485386,0.0,-0.02856488,-0.14052646,0.043470163,0.0,-0.11715663,0.0,0.34863693,0.0,0.014085821,0.0,0.28511256,0.0,-0.058263298,0.0,-0.06736686,0.17456937,-1.8002865,-0.14969008,-0.01739604,-0.33836824,0.0016068863
-0.05544992,0.51847154,0.08567939,-0.33734056,-0.005139835,-0.0014345022,0.015268016,-0.045451798,0.0,0.13036619,0.46103007,0.072885565,0.0,-0.3006575,0.0,0.060307413,0.0,0.03818917,0.0,0.10507847,0.0,-0.06780771,0.0,-0.07265042,0.27462766,0.40216434,0.070170105,0.007063007,-0.104367994,0.0007457109
-0.036705337,-0.36774892,-0.3352076,0.180374,-0.044408366,0.08631275,0.026069876,-0.06821292,0.0,-0.010588844,-0.26346382,0.074704446,0.0,0.038656507,0.0,0.03516069,0.0,0.00026270666,0.0,0.046696212,0.0,0.09851689,0.0,-0.20299344,-0.7251612,0.22841944,-0.24259974,-0.014304803,-0.2123616,-0.0036196108
-0.041866235,-0.6561587,0.024684118,-0.125241,-0.005433037,-0.08313219,0.008088746,-0.03321557,0.0,0.023186157,0.24853323,0.057278577,0.0,-0.14153676,0.0,-0.0321626,0.0,0.031359002,0.0,0.13269223,0.0,-0.08593696,0.0,-0.23044002,-0.80001354,0.2743864,-0.30857125,-0.020123607,-0.19651245,0.0065641007
-0.06798038,-0.35258487,-0.22381173,-0.056442887,-0.045190595,0.09529927,-0.11415828,-0.05049069,0.0,-0.056402255,-0.41358417,0.05504904,0.0,-0.09947024,0.0,0.011552274,0.0,0.014776521,0.0,-0.3614905,0.0,-0.043985724,0.0,-0.06676116,0.21719922,0.2865986,-0.099921696,-0.008990702,-0.19873051,0.01107846
-0.100894794,0.3397929,-0.840058,-0.10961077,-0.010538752,0.010569903,-0.18597007,-0.020835577,0.0,-0.0567002,-0.44921067,-0.6077796,0.0,0.023751287,0.0,0.1116415,0.0,-0.024585016,0.0,0.053786118,0.0,-0.013363658,0.0,-0.066662855,0.24123396,0.3205567,-0.17532241,-0.0031357624,-0.13797508,-0.007345803
-0.051332977,0.35004398,-0.67915595,-0.119561255,0.09760606,-0.02552979,0.031121772,-0.027724525,0.0,-0.074503675,-0.21920405,0.07399655,0.0,-0.11282766,0.0,0.10740638,0.0,-0.0033071607,0.0,-0.2596895,0.0,-0.035252567,0.0,0.0503164,0.09467725,-2.322737,-0.08217304,-0.00097225595,-0.1345988,-0.029363314
-0.029310634,-0.46554807,0.29029408,0.37094733,0.1423833,0.023530278,0.037369903,-0.02307021,0.0,0.065387905,0.25412863,0.07880685,0.0,0.06261738,0.0,0.13348642,0.0,0.0024229086,0.0,0.13605471,0.0,0.0968208,0.0,0.26428872,-0.6375826,0.22356115,0.11550842,0.008327005,-0.095665716,-0.005442112
-0.02913267,0.39952877,0.044688154,0.13463482,-0.00082471693,0.01481799,0.029683484,-0.032820452,0.0,0.14319204,0.37937576,0.09187106,0.0,0.08557215,0.0,0.032174706,0.0,-0.004292708,0.0,0.12834913,0.0,-0.057432543,0.0,-0.07340603,0.2536635,0.37890318,0.099558316,0.006042542,0.19883116,-0.0036718573
-0.029399676,0.509884,-0.026347978,0.09629887,-0.059434883,0.023839206,-0.19155651,0.0051738485,0.0,-0.061455745,-0.39413416,0.10543096,0.0,-0.18733105,0.0,0.15156713,0.0,-0.025592187,0.0,0.056894094,0.0,-0.06195476,0.0,-0.070265196,0.24543001,0.3399904,-0.11284798,0.0012101327,-0.15737751,-0.030139485
0.14008352,-0.41336864,-0.48594454,-0.583512,-0.00841278,-0.0284209,-0.009181209,-0.06889139,0.0,-0.070131086,-0.4425256,0.0686448,0.0,-0.2456121,0.0,-0.14248101,0.0,-0.004192513,0.0,0.16464157,0.0,-0.04908898,0.0,0.11151702,0.11734695,0.31299746,0.106906235,-0.0043133055,-0.18668316,-0.009875495
0.14110497,-1.293884,-0.30515707,-0.28438187,-0.029010335,0.06972744,0.033775922,-0.022136452,0.0,0.118884675,0.33678085,0.060091168,0.0,0.019632872,0.0,-0.08067542,0.0,0.020578913,0.0,-0.49290964,0.0,-0.07696209,0.0,-0.040598404,0.19969176,0.34594148,-0.27160746,-0.031316634,0.30640972,-0.0035443825
-0.024946105,0.4516709,-0.13237263,0.19213197,0.0111520775,-0.0024830853,0.025308307,-0.030716438,0.0,-0.07671405,0.35078394,0.08786595,0.0,0.06754973,0.0,0.09203915,0.0,0.13387261,0.0,0.08829765,0.0,-0.063501544,0.0,-0.07217754,0.25882626,0.37396196,0.1081327,0.007435629,0.18313363,-0.0032489994
-0.030039605,-0.34140456,-0.58460236,-0.4272504,-0.021432392,0.06774482,0.0068235556,-0.046656866,0.0,-0.024967365,-0.3982719,0.07227769,0.0,0.06996338,0.0,0.06426867,0.0,0.03017689,0.0,-0.4070057,0.0,-0.04781137,0.0,0.07447531,0.13025174,0.30678406,0.08303191,-0.0022818246,-0.19367878,-0.0026834996
0.00027000555,-1.33991,-0.4195293,-0.48013708,0.0127059175,0.061819054,0.015492834,-0.058176,0.0,0.06448118,-0.20789947,-0.3213891,0.0,0.048285328,0.0,-0.12689738,0.0,0.06391168,0.0,0.119616255,0.0,-0.05490001,0.0,-0.059666608,0.16402362,-1.5392222,-0.14329663,0.025553226,-0.3366223,-0.0058170366
-0.11708085,-0.6054888,-0.07587373,-0.20643002,0.13939136,0.0045361733,0.003298141,-0.073534355,0.0,-0.08752706,-0.26607373,-0.51436013,0.0,-0.019600263,0.0,0.07635282,0.0,-0.03667267,0.0,0.07218116,0.0,-0.10161819,0.0,-0.22504932,-0.9570974,0.12873098,-0.26331773,0.004498397,-0.1884387,-0.0034397263
-0.031369902,-0.20309871,-0.0763605,-0.0587564,-0.017698402,0.12521142,-0.10250634,-0.02254314,0.0,0.0064161695,-0.38707316,0.05536497,0.0,-0.14573784,0.0,0.05633566,0.0,0.028540382,0.0,-0.35839033,0.0,0.0599364,0.0,-0.043522216,0.1890102,0.28648847,-0.10092872,-0.01336409,0.29820076,0.0074610393
-0.16316812,-0.29634774,-0.8273873,0.1444167,0.15241422,-0.08135353,-0.18617177,-0.029777732,0.0,0.0670353,0.24167512,0.06723623,0.0,-0.35884953,0.0,-0.22778238,0.0,0.049199987,0.0,0.046157327,0.0,0.044976577,0.0,0.13426726,-0.50685537,0.32279763,0.028461553,-0.02138611,0.032986324,0.008813247
0.00045226334,-0.71958447,-0.62899584,0.13793735,-0.12883669,-0.09089298,0.044457916,-0.019737516,0.0,0.04335858,0.18367516,0.05023675,0.0,0.06080855,0.0,-0.43224302,0.0,0.030524746,0.0,0.053129,0.0,0.045285672,0.0,0.03316349,0.044103246,-1.9177082,0.064156644,-0.0094120335,-0.1432498,-0.0036166445
-0.020049289,-0.5068385,0.06655802,-0.047642224,-0.014421237,-0.009761164,-0.14801164,-0.028722482,0.0,-0.04032025,0.36512333,0.07662382,0.0,0.08031596,0.0,-0.19581233,0.0,-0.020190384,0.0,0.12447219,0.0,0.08093175,0.0,-0.07708002,0.22773945,0.38040638,0.12182843,-0.013680275,0.21773645,-0.0051851687
-0.035118155,0.13313963,-0.14836562,-0.032000836,0.098309346,0.005453394,0.027869709,0.32737234,0.0,-0.11808998,-0.24956629,0.11733046,0.0,0.013217066,0.0,0.08010276,0.0,0.033924337,0.0,0.15408804,0.0,0.13931994,0.0,0.16542694,-0.6456962,0.23669726,-0.32183433,0.016091848,0.21162516,-0.0024164277
-0.04790962,-0.39096603,-0.5004909,-0.36392608,0.017367925,0.030030044,0.020472586,-0.078877114,0.0,0.016920105,-0.42700025,-0.6011138,0.0,0.0066899667,0.0,0.017071,0.0,-0.0036312072,0.0,0.017307904,0.0,-0.04639594,0.0,-0.093766466,0.2024627,0.2311637,0.049023565,-0.0351448,-0.1909981,-0.006337711
0.010873185,-0.7599725,0.38127956,0.13929479,0.04556702,-0.10909205,0.020297207,-0.017103951,0.0,0.1230661,0.18276447,0.04939806,0.0,0.06638634,0.0,-0.34502408,0.0,-0.010615598,0.0,-0.33544767,0.0,-0.085659996,0.0,0.042979605,0.062261153,-2.1036599,0.059018724,-0.005393917,-0.16426261,-0.0023629884
-0.04230936,0.31630877,-0.4828776,0.065788,0.1003747,0.021284759,-0.1691239,-0.029287413,0.0,-0.08929143,-0.33009952,-0.42758843,0.0,0.027492646,0.0,0.07766754,0.0,-0.030999875,0.0,0.04950131,0.0,-0.10328649,0.0,-0.21362513,-0.8962009,0.19724609,-0.20428677,0.029824056,-0.16043036,-0.020676557
-0.08014832,-1.2187499,-0.30740917,0.46667504,0.075965576,-0.16136308,0.023368234,-0.024278425,0.0,0.047677983,0.16025497,0.038188685,0.0,-0.35270208,0.0,-0.2483925,0.0,-0.02530912,0.0,-0.06369303,0.0,0.048722014,0.0,0.02598364,0.083142884,-2.5913322,-0.01615486,-0.023028929,0.1273896,0.00789029
-0.05240695,-0.8238152,-0.12542202,-0.4997608,-0.0031217318,-0.048789605,0.003748771,-0.009934713,0.0,-0.08446382,0.24273506,0.048250426,0.0,-0.28393993,0.0,-0.063719265,0.0,0.032413628,0.0,-0.54185426,0.0,-0.08421892,0.0,-0.20429783,-1.0341635,0.24332167,0.07091192,-0.0040145675,-0.17526,0.007086615
-0.07521206,-0.66329944,-0.12193529,-0.14730462,0.03687331,0.14202717,0.008687919,-0.059447464,0.0,0.03659709,-0.37537536,0.079050116,0.0,-0.016927104,0.0,0.06778195,0.0,-0.0034682401,0.0,0.08414976,0.0,-0.04611435,0.0,-0.075230494,0.20103824,0.27931955,-0.26983908,-0.0060144444,0.35722739,-0.0017511868
-0.08971856,0.55553144,-0.3313018,-0.07551324,0.030220443,0.0041448595,-0.15527248,-0.018213062,0.0,-0.08057534,-0.34714442,0.13366322,0.0,-0.49362388,0.0,0.0831688,0.0,-0.005257631,0.0,-0.1279348,0.0,-0.03448181,0.0,-0.04935018,0.22914186,0.34029886,0.045295693,-0.0002770794,-0.12234313,0.016567595
-0.06013882,0.6567353,0.069616884,-0.036445983,0.0141106425,-0.007505715,0.060391754,-0.02971274,0.0,-0.09034869,-0.34319496,0.13248192,0.0,0.10569708,0.0,0.10351033,0.0,-0.005082152,0.0,0.074392885,0.0,-0.039574526,0.0,-0.071204126,0.24896942,0.34378058,-0.20939864,-0.0003835365,-0.16058691,-0.02592342
-0.12358586,-0.27067062,-1.0686667,0.4250402,0.14323917,0.063998185,-0.023966549,-0.03537811,0.0,0.037448388,0.1861074,0.05310032,0.0,0.08276211,0.0,-0.34684494,0.0,0.013501909,0.0,-0.020318544,0.0,0.05876684,0.0,0.025693735,0.019372955,-1.7164904,0.10080468,-0.010381169,-0.15166946,-0.0043954854
0.12803108,-0.2891622,-0.05901477,-0.5234013,-0.035596624,-0.07831788,0.028760372,-0.03837847,0.0,-0.064645596,0.37679204,0.07063453,0.0,0.031698138,0.0,0.07696577,0.0,-0.0013445948,0.0,0.16108102,0.0,0.09605796,0.0,0.09109765,0.20435905,0.3660273,-0.29420176,-0.0023697016,0.21570787,-0.015673904
0.17331277,0.6173018,-0.57981133,0.12233693,0.0072044428,0.0072833784,0.020544022,-0.03577246,0.0,-0.06661373,0.3169783,0.07722484,0.0,0.053627852,0.0,-0.021168668,0.0,-0.013060972,0.0,0.06879503,0.0,-0.04118258,0.0,-0.067993514,0.28818518,0.40401176,0.08954141,0.008356679,-0.12392754,-0.004045722
-0.05258353,-0.37854668,-1.213233,-0.6921635,0.03841906,0.030243976,-0.07219122,-0.07002194,0.0,-0.0063608494,-0.289271,-0.6011138,0.0,0.0043343655,0.0,-0.010518464,0.0,-0.010040028,0.0,0.031415306,0.0,-0.08582984,0.0,-0.25369465,-0.88175297,0.1537339,0.04614475,-0.023865622,-0.16637883,0.005437142
-0.04911066,0.6608767,-0.2731828,-0.28233486,-0.070988156,-0.0019799192,0.04202942,-0.003386659,0.0,-0.04397955,-0.29927927,0.14839523,0.0,0.11484717,0.0,-0.3784078,0.0,-0.01817916,0.0,0.056336585,0.0,-0.032365266,0.0,-0.07302144,0.23347807,0.3389988,-0.39222333,-0.0121772485,-0.15257218,-0.002479848
-0.054162174,-0.10744658,-0.0072249416,0.03966753,-0.03329971,-0.07264085,0.023282282,-0.02575475,0.0,-0.017788738,-0.24529353,0.05529166,0.0,-0.15265843,0.0,-0.22275862,0.0,0.03065753,0.0,-0.31787598,0.0,-0.07301832,0.0,0.18449835,-0.5702486,0.23720402,-0.38675156,0.067415744,-0.12044559,0.006563737
0.00245579,-1.6259859,-0.20695336,0.022684228,0.055774115,0.07945617,-0.009585479,-0.02880843,0.0,0.09762663,-0.1937675,0.038511604,0.0,-0.19290236,0.0,-0.11102417,0.0,0.0021403097,0.0,-0.5182831,0.0,0.0789583,0.0,-0.040250078,0.09099485,-1.740659,-0.097203515,-0.030240893,-0.25068337,0.008819356
-0.062342394,-0.45591253,-1.2555102,-0.4192791,-0.098935105,0.0059093526,0.0289066,-0.06642811,0.0,-0.082050696,-0.27445102,-0.48346496,0.0,0.020527415,0.0,0.050877426,0.0,-0.002648464,0.0,0.007546474,0.0,-0.088106595,0.0,-0.20141484,-0.98697966,0.12890048,-0.1927921,0.004027811,-0.18771435,-0.008267146
-0.05440174,0.62191224,0.20736556,-0.06398669,0.027204452,-0.0011153833,0.053493857,-0.029980987,0.0,0.067229286,0.3250477,0.09094767,0.0,0.19303042,0.0,0.084829085,0.0,-0.012420541,0.0,0.065729626,0.0,-0.039548304,0.0,0.11476704,0.23002504,0.3887151,0.10528532,0.0021131542,0.1387018,-0.0037641902
-0.073855884,-0.41865295,-0.65717745,-0.4390285,-0.03592442,-0.10833164,-0.02847655,-0.04601582,0.0,0.012427126,-0.20921914,-0.39126226,0.0,0.027643356,0.0,0.08786565,0.0,-0.011578365,0.0,0.06915484,0.0,-0.024372678,0.0,-0.06472956,0.10946522,-1.9194379,0.041863207,-0.03321228,-0.16359729,0.0062731183
-0.032163788,-0.7865593,-0.2527649,-0.49929294,-0.017350536,0.08996742,0.00040133856,-0.029386397,0.0,-0.18517788,-0.39246368,0.06486395,0.0,0.019503154,0.0,0.10726289,0.0,-0.013309252,0.0,-0.42432803,0.0,-0.045998827,0.0,-0.048913285,0.20544268,0.28677,-0.22620147,-0.0026638617,0.3201631,-0.0013283289
-0.0335911,-1.2756984,0.3328265,0.32002684,0.07781819,-0.046418697,0.03154787,-0.021200517,0.0,0.0653334,0.38171837,0.06042814,0.0,-0.33534947,0.0,0.1765294,0.0,0.059162658,0.0,0.01989128,0.0,0.090549886,0.0,0.046203602,0.123021096,0.3171286,0.014678746,-0.008150937,-0.11513039,0.008444772
-0.0032130359,0.7486936,0.66658354,0.31377178,0.030036492,0.027790086,0.056611415,-0.027132701,0.0,0.13615446,0.3420807,0.08689249,0.0,0.16275577,0.0,0.16228686,0.0,-0.000981873,0.0,0.06036875,0.0,0.08377032,0.0,0.10636662,0.22237264,0.29460144,-0.2343362,0.00073915476,0.08296885,-0.00505125
-0.0477301,0.6418518,0.07438009,-0.012108339,-0.030703714,-0.006986984,-0.23049735,-0.018469388,0.0,-0.08501604,-0.3558045,0.13032563,0.0,0.09139708,0.0,0.16349684,0.0,-0.011900428,0.0,0.057941634,0.0,-0.035333302,0.0,-0.07088839,0.253967,0.34019452,-0.21023525,-0.000565879,-0.15633918,-0.051866367
-0.023394318,-0.6539992,-0.27283856,0.1502476,0.10000214,-0.021834018,-0.16144896,-0.025867455,0.0,0.02757091,0.3527673,0.078536265,0.0,0.07576421,0.0,-0.22020331,0.0,-0.019425169,0.0,0.11894613,0.0,-0.05189704,0.0,0.09488849,0.1925958,0.3813099,0.12767781,-0.018316817,0.20960903,-0.0035553114
-0.06803617,-0.7487489,-0.33553004,0.23131701,-0.054220293,-0.057105917,0.030735148,-0.04575975,0.0,-0.12184693,-0.2468853,0.05445114,0.0,-0.090442605,0.0,0.0056730844,0.0,-0.01939902,0.0,-0.4282012,0.0,-0.077226646,0.0,-0.1745656,-0.833341,0.19668992,-0.2864891,0.026945017,-0.24315874,0.009706782
-0.03883971,-0.24634132,-0.72527176,-0.19109376,-0.013487053,-0.031756137,0.019277936,-0.03683564,0.0,0.057690457,-0.25772804,0.06692201,0.0,0.06715246,0.0,-0.011798681,0.0,-0.0033845813,0.0,-0.46095768,0.0,0.1084667,0.0,-0.14130084,-0.5984517,0.23520122,0.14605422,-0.012911563,0.4400038,-0.004172092
-0.026256878,0.35887733,0.75461435,0.1375249,-0.026363077,0.063057676,0.09499715,-0.037465695,0.0,-0.039680082,0.46923742,0.08097788,0.0,-0.33402404,0.0,-0.5204358,0.0,0.031903077,0.0,0.12572502,0.0,0.07452638,0.0,0.027454035,0.1547163,0.3672671,0.15381655,0.0045494465,0.13439299,0.0019308263
-0.039889015,1.2669691,0.27259314,0.08575201,0.0011050338,-0.00029877847,0.0211777,-0.04419957,0.0,-0.05592492,0.35090742,0.095221534,0.0,0.12562051,0.0,0.019473292,0.0,-0.0133010615,0.0,0.1778259,0.0,0.05433009,0.0,-0.053967744,0.25974962,0.41130298,0.069148436,0.008816297,0.25039804,0.005057535
-0.029355427,-0.59668535,-1.0850914,-0.6460453,0.0022356794,0.028303875,0.03416897,-0.04456229,0.0,-0.06419004,-0.45607817,-0.56995785,0.0,0.020100169,0.0,0.092809096,0.0,-0.0036943187,0.0,0.06370597,0.0,-0.053874977,0.0,-0.0925067,0.2091245,0.23299775,0.051441226,-0.034772202,-0.20153536,-0.0056693475
-0.006408897,-1.5764152,-0.19506134,-0.19990794,0.06892594,0.052141476,-0.032451965,-0.024759294,0.0,0.088561505,0.26736283,0.07327913,0.0,0.04195595,0.0,-0.01909419,0.0,0.06608707,0.0,0.125772,0.0,-0.2337865,0.0,0.23315622,-0.6661073,0.29999986,-0.28535333,0.047948577,-0.23293768,-0.000974186
-0.024040328,0.07188569,-0.31698158,0.026362412,-0.0056457035,0.09508802,0.036009572,-0.014620714,0.0,-0.11565234,-0.23658268,-0.25340587,0.0,0.025606912,0.0,0.12856829,0.0,-0.027613793,0.0,0.05101485,0.0,-0.039487466,0.0,-0.058765847,0.10459442,-1.9109845,-0.12038167,-0.16342895,-0.1745409,0.020642966
-0.02817892,-0.2739722,0.4494407,-0.30123955,-0.0035390884,-0.013968199,0.03178194,-0.03189847,0.0,0.06204799,0.37963796,0.07818454,0.0,0.068658106,0.0,0.116492085,0.0,-0.008905986,0.0,0.15010764,0.0,0.08631008,0.0,0.09882928,0.18165757,0.29114747,0.13630475,-0.0058351257,0.18240613,-0.005799516
-0.032599818,-0.3209708,0.046834163,0.1976709,0.014035712,-0.06132133,0.011609282,-0.03524001,0.0,0.020531794,0.39087188,0.064824626,0.0,0.038141433,0.0,0.15506926,0.0,0.003360127,0.0,0.1253924,0.0,-0.030100182,0.0,-0.0827865,0.27899405,0.3629953,-0.322924,-0.013352507,-0.19947127,-0.004183389
0.11323126,-0.6278678,0.69444746,0.09213652,-0.19286779,0.084736906,0.02599933,-0.02993314,0.0,0.16143093,0.35030097,0.07910286,0.0,0.013789539,0.0,0.1405102,0.0,-0.0023901602,0.0,0.12612306,0.0,0.07553167,0.0,0.0791686,0.23901434,0.33662236,-0.3008769,0.0016584178,0.24733125,-0.0073415586
-0.029420622,-0.7798735,0.7919427,-0.14311638,-0.13576996,0.058732066,0.070207775,-0.019090211,0.0,-0.061142605,0.25177276,0.063494675,0.0,-0.25781703,0.0,-0.08593171,0.0,0.030939955,0.0,0.11219539,0.0,0.093025036,0.0,0.21636616,-0.69443744,0.2609099,0.13930558,-0.018222898,-0.16445635,0.0074601183
0.41166607,-0.75773954,0.35968804,0.59730655,0.09990826,-0.33407176,0.05292868,-0.018761702,0.0,0.08330725,0.16025497,0.05223791,0.0,0.14719836,0.0,-0.29375228,0.0,0.0077543613,0.0,-0.09609295,0.0,0.051740795,0.0,0.029704886,0.051028952,-2.2215447,0.018217325,-0.023028929,0.23516376,-0.006700799
0.0076526077,0.4318828,-0.06577642,-0.35299215,0.0649959,0.035797887,-0.16722089,-0.031475294,0.0,-0.06628619,-0.37153774,0.13406244,0.0,0.04176111,0.0,-0.17959163,0.0,-0.018955026,0.0,0.08678579,0.0,-0.058455415,0.0,-0.07300424,0.20238659,0.32126096,0.16640048,-0.0055394005,0.22277965,-0.0012704853
-0.04150302,-0.45917568,-0.32456642,-0.6833144,-0.057118583,0.06110379,-0.09014578,-0.05350031,0.0,0.0640828,-0.28435782,-0.51663387,0.0,0.01192131,0.0,-0.007865226,0.0,-0.0075809723,0.0,0.036685456,0.0,-0.069617555,0.0,-0.22563206,-0.9118375,0.19299445,0.07372226,0.037311055,-0.20241788,-0.0036300127
0.011822727,-1.5777501,0.16230184,0.051097553,-0.019630002,-0.051735763,-0.049402226,-0.013439449,0.0,0.032951605,0.24456662,0.048931073,0.0,-0.25912467,0.0,-0.21572915,0.0,-0.01930882,0.0,-0.3642943,0.0,-0.02486551,0.0,-0.20665821,-0.80953324,0.14128768,0.070020735,0.022306256,-0.116912305,0.0099465735
-0.028714912,-0.27946153,0.096048504,-0.3985219,0.007356777,-0.032842744,0.036220554,-0.032238893,0.0,0.06407495,0.3717464,0.078123555,0.0,0.078367166,0.0,0.04930674,0.0,-0.00013122876,0.0,0.15524252,0.0,-0.033112522,0.0,0.10448788,0.21447912,0.369829,0.12179745,-0.0062647914,0.23813908,-0.0042931736
-0.0365537,0.37380892,-0.25959706,-0.07590755,-0.024271535,-0.012976912,0.03631385,-0.033383545,0.0,-0.012039891,-0.27866763,0.10617285,0.0,0.045442156,0.0,0.081385076,0.0,-0.0029360778,0.0,-0.34544116,0.0,0.113014705,0.0,0.16933697,-0.6746001,0.25516856,-0.35126582,-0.0027256315,-0.12375272,0.04891985
-0.102204874,-1.6156305,-0.29046968,0.39035174,-0.10929309,0.29369295,0.039086234,-0.023004215,0.0,0.034843884,0.16025497,0.047801334,0.0,0.16417986,0.0,-0.32240978,0.0,-0.027506735,0.0,-0.12126621,0.0,0.037527658,0.0,0.027300201,0.088003404,-2.3733604,0.064977795,-0.026504401,0.13793233,-0.0034396588
0.0014991919,-1.0230215,-0.34342113,0.034611315,0.07956898,0.07648949,-0.04856185,-0.038280517,0.0,0.014088119,-0.25459212,0.058368042,0.0,-0.19085407,0.0,-0.028698035,0.0,0.026201945,0.0,-0.39459282,0.0,-0.147557,0.0,0.21337938,-0.4565838,0.23778598,-0.15768653,-0.030402575,-0.19037634,0.011016373
-0.03576773,0.21604832,-0.3186237,0.09261797,-0.027849237,0.050312266,0.04296869,-0.02913147,0.0,-0.1836875,-0.3937862,0.11028586,0.0,0.05212418,0.0,-0.16516383,0.0,0.00865967,0.0,-0.20629035,0.0,-0.0537234,0.0,-0.04817811,0.18732549,0.30571207,0.15530953,-0.006979888,0.17987399,-0.0016470714
-0.062191926,1.0320069,-0.2445622,-0.2082027,0.013961255,0.003951925,-0.124242745,-0.034460604,0.0,-0.05536425,-0.34385827,0.14594597,0.0,0.072840795,0.0,0.0017576916,0.0,-0.00705539,0.0,-0.28580242,0.0,-0.06390797,0.0,-0.04483789,0.23790352,0.35285702,0.07811587,-0.00033011416,-0.11788427,0.015623268
-0.061770584,-0.48495862,-1.1791198,-0.51278603,-0.03816481,0.0188382,0.02827853,-0.072583325,0.0,-0.015529196,-0.27445102,-0.51367986,0.0,0.01517446,0.0,0.041007686,0.0,-0.0027177166,0.0,0.06038175,0.0,-0.08400657,0.0,-0.20056573,-0.9687782,0.13799828,-0.043401524,-0.018404301,-0.24433725,0.00583698
-0.028577024,-0.35443512,-0.14340208,0.077149265,-0.104352504,-0.031163923,0.031389788,0.27589193,0.0,-0.10317102,-0.20588855,0.07055981,0.0,0.05329322,0.0,0.017410172,0.0,0.011414567,0.0,-0.5527917,0.0,0.10692332,0.0,0.2194132,-0.52242106,0.28218314,0.123394206,0.003834566,-0.12904924,-0.004296757
-0.03426903,-0.07100132,-1.0497955,-0.5488237,0.0024291773,0.016552487,0.03168984,-0.0543416,0.0,-0.08809962,-0.28861123,-0.5448358,0.0,0.0033018882,0.0,0.08640315,0.0,-0.0017667379,0.0,0.07575075,0.0,-0.10414127,0.0,-0.22504932,-0.9407989,0.14237837,-0.22313957,-0.027928812,-0.18695502,0.012732599
-0.023802688,-0.29350212,-0.1498048,-0.5106224,-0.025205709,0.044487484,0.02876166,-0.036963772,0.0,0.042395096,-0.25381985,0.06947009,0.0,0.07747733,0.0,-0.17320284,0.0,0.032333475,0.0,-0.38249794,0.0,0.06386075,0.0,-0.20230322,-0.69939655,0.22459096,0.1759651,-0.026256738,-0.2482514,-0.0060579204
-0.0011999959,-0.6987709,-0.8019624,-0.454002,-0.0849918,-0.052132554,0.021265944,-0.0455745,0.0,-0.026620138,-0.20789947,-0.2876509,0.0,0.0163708,0.0,-0.007625303,0.0,-0.0034969272,0.0,0.0732136,0.0,-0.039631046,0.0,-0.06386805,0.10127249,-1.4619998,-0.101705015,-0.2084779,-0.32399562,-0.0031643081
0.00072060106,0.55973417,0.25094947,0.119708374,-0.008492942,-0.0032234802,0.032450397,-0.03125737,0.0,-0.08316113,0.37503412,0.081444226,0.0,0.18313858,0.0,0.06315033,0.0,-0.008438063,0.0,0.108780295,0.0,0.09230275,0.0,-0.06971947,0.23926252,0.39016822,0.10117167,0.0038005994,0.14327493,-0.0059042317
-0.0073815202,-1.3304158,-0.38682687,-0.13197978,0.048410926,-0.0070218835,0.0048322184,-0.020585645,0.0,0.13144724,-0.19194712,0.04585395,0.0,0.04980716,0.0,-0.14801426,0.0,0.072863966,0.0,-0.3776857,0.0,0.104533084,0.0,0.03880947,0.06336193,-1.8987036,-0.26523086,0.06285408,-0.20297414,-0.0041349554
-0.039412703,-0.90206397,-0.07090999,0.002346114,-0.025640983,-0.050326604,0.0072723283,-0.02489051,0.0,0.1400701,0.34857425,0.07612458,0.0,0.018357683,0.0,0.046975546,0.0,0.019049544,0.0,0.12852238,0.0,0.073028244,0.0,0.09645025,0.22936976,0.31521574,-0.48589495,-0.007847189,0.2730538,-0.0050700502
-0.04484813,-0.25068665,-0.043887842,-0.33819807,0.008244927,-0.077584274,0.010361202,-0.03291308,0.0,0.015483296,0.407655,0.06579911,0.0,0.057315905,0.0,0.07671466,0.0,0.0015057459,0.0,0.14929786,0.0,-0.066627085,0.0,-0.09272427,0.28591892,0.37568334,-0.27524176,-0.0056005428,-0.1975232,0.03639687
-0.09170492,-0.5089656,-1.1193427,-0.51831,0.017021038,-0.0017199371,-0.0018455477,-0.06284919,0.0,-0.092364416,-0.2623232,-0.5692492,0.0,-0.04062137,0.0,0.03504467,0.0,-0.0017667379,0.0,0.07007768,0.0,-0.09345752,0.0,-0.22504932,-0.9570974,0.18846066,-0.27715033,0.06526906,-0.17354655,-0.007908284
-0.103562854,0.4650495,-1.0787255,-0.47459254,0.0034705126,-0.006567993,0.048214354,-0.029553201,0.0,-0.003009326,-0.41586432,-0.6160102,0.0,0.03556049,0.0,0.061296973,0.0,-0.013763722,0.0,0.06200524,0.0,-0.09037638,0.0,-0.066774584,0.24896942,0.3190624,-0.26631486,-0.003569433,-0.16107486,0.00683388
-0.047490936,-0.4115889,-0.08436156,-0.50236523,0.15329824,0.027271094,-0.0704406,-0.061292443,0.0,-0.06801332,-0.289271,-0.57250494,0.0,0.010767829,0.0,0.012069987,0.0,-0.008450537,0.0,0.026865125,0.0,-0.09259306,0.0,-0.25454375,-0.88175297,0.17506102,0.039197948,0.0019392362,-0.18209395,0.02956594
1.2247125e-05,-0.80873924,-0.41066602,-0.3646783,-0.017826011,0.04401487,0.01671749,-0.056101147,0.0,-0.06326825,-0.20789947,-0.24451342,0.0,-0.007051057,0.0,-0.059517164,0.0,-0.0026152013,0.0,-0.010857572,0.0,-0.042226486,0.0,-0.06061153,0.12475959,-1.7161119,-0.07553206,-0.15738444,-0.33477214,0.0037173089
-0.057475653,-0.041079488,1.0808591,-0.07773589,0.0031140186,-0.0073424913,0.09317668,-0.013497963,0.0,-0.062580265,0.3704555,0.060146168,0.0,-0.35089242,0.0,0.105798,0.0,0.021239305,0.0,-0.50680697,0.0,0.073302194,0.0,0.031016478,0.14410613,0.33368266,0.09545041,-0.009419899,0.16971198,0.005659604
-0.053723793,-0.7918092,0.13589342,-0.1009757,-0.09356791,0.07233052,-0.11754722,-0.013175418,0.0,-0.098213226,0.40496927,0.048339833,0.0,-0.306288,0.0,0.083545744,0.0,0.029728074,0.0,-0.5688972,0.0,-0.058952942,0.0,-0.066896714,0.26382756,0.36766186,0.040834375,-0.0037509499,-0.21233259,0.0094414
-0.015665526,-0.01579771,-0.13307412,-0.17343277,-0.08731402,0.025716485,0.06451217,0.13284884,0.0,-0.06306994,-0.37293792,0.10591954,0.0,0.060934078,0.0,-0.21178074,0.0,-0.031792667,0.0,0.08388275,0.0,-0.068768285,0.0,-0.07526936,0.1868092,0.30231902,0.1739808,0.0007272442,0.23368825,0.00521534
-0.011005054,-0.6909378,0.13659859,-0.7320269,0.020160943,0.060964268,0.034561027,-0.022623062,0.0,-0.034552533,0.3852301,0.07438739,0.0,0.07442454,0.0,-0.19220847,0.0,-0.0088781025,0.0,0.10858536,0.0,0.07726519,0.0,0.07557308,0.18048054,0.2722412,0.18882953,0.02222451,-0.1539298,-0.006733831
-0.024523802,0.19821255,0.016483903,-0.07407605,0.011723077,-0.013313263,0.02923299,-0.033777427,0.0,-0.013719102,0.41505137,0.0772858,0.0,0.050881654,0.0,0.11987031,0.0,-0.0041173687,0.0,0.09945413,0.0,-0.055359676,0.0,0.09630615,0.24012616,0.37936807,-0.29395187,0.004112513,-0.12680718,-0.0032428908
0.03121871,-0.4294279,0.48617324,0.2253067,0.12974338,-0.049507383,0.044831224,-0.017059945,0.0,-0.097339995,0.2285346,0.07675042,0.0,0.07823275,0.0,0.045995343,0.0,0.03837224,0.0,-0.44525066,0.0,0.032897767,0.0,0.10284825,-0.58784467,0.30650777,0.10687807,-0.0048239944,0.23482141,-0.0037494996
-0.1185801,-1.1888944,-0.08181542,0.13291706,0.11720305,-0.101152904,0.042211227,-0.021123245,0.0,0.037839334,0.34160852,0.07675042,0.0,0.13902698,0.0,-0.25363344,0.0,0.055315707,0.0,0.010459883,0.0,0.090549886,0.0,0.021378987,0.12834905,0.37567782,0.0688875,-0.023397598,-0.00020550471,-0.0036923462
-0.039509002,1.2915665,0.22471751,0.20936082,-0.00054076966,-0.006992083,0.041936778,-0.036633417,0.0,-0.047920696,0.33303326,0.09273214,0.0,0.114088774,0.0,0.07315785,0.0,-0.013654588,0.0,0.16518763,0.0,0.104643345,0.0,-0.05320951,0.28332043,0.39669415,-0.1701273,0.006478493,0.2726385,0.005787002
0.040220123,-1.350344,0.48622862,0.259777,0.14685915,0.045001075,-0.0982056,-0.03131549,0.0,0.08439298,0.23882923,0.07964097,0.0,0.044787053,0.0,-0.19319762,0.0,-0.11890273,0.0,0.13301046,0.0,0.10313505,0.0,0.12325399,-0.6306585,0.28978652,-0.24600796,-0.0032851093,0.23819888,-0.0055947476
-0.09214027,0.49317458,-1.1268178,-0.4975814,-0.005679571,0.026885813,0.049893606,-0.014806704,0.0,0.014421096,-0.41586432,-0.58640164,0.0,0.05067057,0.0,0.14187178,0.0,-0.014464155,0.0,0.05685274,0.0,-0.085492864,0.0,-0.06871773,0.25429744,0.32812178,-0.2574769,-0.0035534825,-0.16207917,0.002143896
-0.011968123,-0.81731844,-0.17059858,0.033600077,-0.07472199,-0.15591052,-0.15508401,-0.0201942,0.0,-0.059209507,-0.19083372,0.052143183,0.0,0.065687895,0.0,0.017701903,0.0,0.002269536,0.0,-0.5109119,0.0,0.04099307,0.0,0.047396958,0.076550454,-2.1085522,0.05656694,0.068994746,-0.2024745,-0.0038382625
0.14662169,0.43019992,-0.46032456,-0.2579889,-0.0070237443,0.021471951,0.028786544,-0.05244657,0.0,-0.07922926,-0.39367837,0.122329734,0.0,-0.08354262,0.0,0.15124579,0.0,-0.0027944674,0.0,0.083517365,0.0,0.080005825,0.0,-0.07064618,0.22326115,0.3469882,-0.11775452,0.00019704789,-0.15294169,-0.010425589
-0.032830954,-0.37449062,0.058303904,-0.23462702,-0.055741284,0.09235397,0.020963838,-0.062355224,0.0,0.042163495,-0.2675907,0.08008868,0.0,0.046374176,0.0,0.13299721,0.0,0.025260981,0.0,0.13346736,0.0,0.094677545,0.0,0.21720071,-0.6257244,0.2533652,-0.35643038,-0.007832744,-0.21903026,-0.005143359
-0.031155383,0.58269125,0.11388866,0.027674977,-0.00066703674,0.034122527,0.03700305,-0.030213011,0.0,0.062890634,0.40851295,0.093319155,0.0,0.08828544,0.0,-0.18080387,0.0,-0.03693945,0.0,0.0772843,0.0,-0.061148528,0.0,-0.08042155,0.28381854,0.41037518,0.16017635,0.00051378954,-0.1308382,-0.0040339385
0.18956214,-0.48968473,-0.08895133,-0.21071015,0.008266007,0.07712272,0.002823649,-0.043635987,0.0,0.04583974,0.3453602,0.077382475,0.0,0.06590629,0.0,0.075191535,0.0,0.00042215397,0.0,0.15469627,0.0,-0.04772791,0.0,-0.07748571,0.24557152,0.3643466,0.119918086,-0.0050534974,0.28363225,-0.01297052
-0.060190216,-0.39033487,-0.53628963,-0.42804006,0.012948586,0.02102373,0.0245736,-0.08252834,0.0,-0.12064216,-0.27445102,-0.46008477,0.0,0.007638397,0.0,0.02567546,0.0,-0.0033562281,0.0,0.029771514,0.0,-0.11078193,0.0,-0.2242002,-0.9570974,0.14318654,-0.18900499,-0.028110618,-0.17099492,0.012732599
-0.05481028,-1.0857209,-0.42923313,-0.46933454,0.021454629,-0.084521204,-0.15116757,-0.048014153,0.0,0.064934835,-0.21538597,-0.37500474,0.0,-0.011869764,0.0,-0.032589298,0.0,-0.00835393,0.0,0.053321425,0.0,-0.030062802,0.0,-0.06373589,0.10951716,-1.7525707,-0.07093116,-0.011531489,-0.28927076,-0.0070188837
-0.012558474,0.41162053,0.14817177,-0.11021192,0.020629361,-0.011291088,0.06264563,-0.009081055,0.0,-0.16326754,-0.35215592,0.105178304,0.0,0.019775778,0.0,0.17503832,0.0,0.0051120063,0.0,-0.24664582,0.0,-0.054574896,0.0,-0.046099972,0.22455983,0.32076418,-0.2658668,-0.00033814105,0.20948319,0.023169428
-0.07145005,0.38299417,-1.0067921,-0.09016384,-0.06994603,0.049917288,0.0480506,-0.014793249,0.0,-0.05077063,-0.43660113,-0.55198836,0.0,0.05756398,0.0,0.1353877,0.0,-0.01916761,0.0,0.03470597,0.0,-0.006606383,0.0,-0.070864886,0.24689245,0.3117928,-0.13876382,0.023061197,-0.16011868,0.013418569
-0.045853615,-0.38041663,0.27600172,-0.063597545,-0.22586499,-0.04569762,-0.24145791,-0.017300604,0.0,0.064084426,0.25573087,0.06409257,0.0,-0.2716593,0.0,-0.24149527,0.0,0.007425853,0.0,0.11164742,0.0,0.08006418,0.0,0.25619864,-0.6876587,0.28805265,0.07917142,0.002548443,-0.12725498,0.008207763
0.0015427293,-1.6252816,0.036897615,-0.09249749,-0.037996873,-0.009732533,0.013343332,-0.030587282,0.0,0.037069336,0.3952309,0.07460828,0.0,0.07657212,0.0,-0.08804561,0.0,-0.082009174,0.0,0.1331556,0.0,-0.1422198,0.0,-0.053253498,0.25328597,0.38402522,0.11149192,-0.018476358,-0.23725843,-0.002110302
-0.041877884,0.51652664,-1.2646036,-0.6411081,-0.023856258,0.010447052,0.0034575695,-0.022117393,0.0,-0.08541735,-0.33009952,-0.56408846,0.0,0.02586378,0.0,0.11440805,0.0,-0.008509793,0.0,0.02984877,0.0,-0.09032661,0.0,-0.20117702,-0.92140883,0.17719042,-0.20617399,-0.026927974,-0.17685561,0.0003778576
-0.061994597,0.19770035,-0.546067,-0.37018576,0.03562569,0.028628223,-0.021372622,-0.046323802,0.0,-0.02111816,-0.28910893,0.10577463,0.0,-0.20527342,0.0,-0.2755929,0.0,-0.0038037822,0.0,0.107433185,0.0,-0.09540616,0.0,0.24702294,-0.53307843,0.2637099,-0.3032183,-0.0029217794,-0.13910967,-0.042338327
-0.032981694,-0.025473407,1.0395,-0.36566582,0.01849906,-0.015167957,0.045090456,-0.025853487,0.0,-0.04662556,0.37778163,0.06462062,0.0,-0.2731786,0.0,0.11851027,0.0,-0.14516304,0.0,0.12345507,0.0,0.08673491,0.0,0.075538985,0.22386785,0.28875133,0.097674504,-0.0012807585,0.2274692,0.006205976
-0.050920606,0.10023677,-0.14294712,0.14347632,0.040937856,-0.01876159,-0.11953865,0.1525908,0.0,-0.13797814,-0.2045547,0.074315354,0.0,-0.044370513,0.0,-0.29984966,0.0,0.1107353,0.0,-0.30302387,0.0,-0.033256877,0.0,0.047894977,0.08031168,-2.1934626,-0.15413246,-0.055145733,-0.11466676,0.006276411
0.005669525,-0.95211315,-0.20323922,-0.060853474,0.09860436,-5.667098e-05,0.03004995,0.46402535,0.0,0.06701394,-0.1912693,0.08337915,0.0,0.04994525,0.0,0.3383031,0.0,0.035148483,0.0,0.17622648,0.0,-0.105691254,0.0,-0.26006594,-0.75348526,0.23056374,0.12851611,-0.0024733753,-0.30628088,-0.010633082
-0.06840254,-0.46775588,-0.43743947,-0.031615045,0.036602482,0.033403903,-0.011643117,-0.063718416,0.0,0.15970124,-0.27868327,-0.55265474,0.0,-0.02263027,0.0,0.041742504,0.0,-0.008446679,0.0,0.07263303,0.0,-0.08439886,0.0,-0.2280144,-0.9437008,0.14072992,-0.23675132,-0.03588587,-0.16692342,-0.0066585992
0.15495077,-0.3198404,-0.5507215,-0.07411355,-0.03472046,-0.010294883,0.009696727,-0.07514088,0.0,0.020283936,-0.4465426,0.07875592,0.0,0.05676977,0.0,0.07062969,0.0,-0.0036488448,0.0,0.08829162,0.0,-0.0517205,0.0,0.12227657,0.140538,0.3053237,0.11415678,-0.0070333523,-0.23538022,0.029752128
-0.048593692,1.0917698,-0.16901478,0.15180118,0.006976803,0.025612801,0.037817653,-0.039809145,0.0,0.06260938,0.36860076,0.08386937,0.0,0.1013586,0.0,0.09719298,0.0,-0.010742858,0.0,0.16659053,0.0,-0.039442744,0.0,-0.0655265,0.29021642,0.4260036,0.09351594,0.0077036116,-0.21234997,0.00547651
0.12676579,-0.267685,0.53935796,-0.20009549,0.034395833,0.023002466,0.034142245,-0.028319702,0.0,0.047728967,0.36789313,0.07369385,0.0,0.06868102,0.0,-0.13723297,0.0,0.03242353,0.0,0.14821605,0.0,-0.067780346,0.0,0.09981242,0.19588262,0.23434706,0.17884043,-0.010226834,0.2176993,-0.0077328854
-0.04311908,-0.6943368,0.10006065,0.16814685,0.0018008365,-0.021186331,0.0054665785,-0.029864881,0.0,0.013640189,0.34857982,0.060219415,0.0,-0.3220552,0.0,-0.10750484,0.0,0.00024654518,0.0,0.14480357,0.0,-0.04772791,0.0,-0.07780605,0.22959356,0.36741337,0.07710248,-0.014667403,0.26406294,0.0065579927
0.11170372,-0.638887,0.69019914,0.0012955626,-0.18533832,-0.005803343,0.043250356,-0.031831875,0.0,0.13688384,0.2574435,0.079969235,0.0,0.038887803,0.0,0.09683129,0.0,-0.0113481525,0.0,0.11151764,0.0,0.07988072,0.0,0.24177049,-0.7790895,0.24886633,0.16452467,0.001159648,-0.2059876,-0.0077016377
0.023528082,-1.164507,0.8275708,0.13483793,0.14756237,-0.072585925,0.08349569,-0.013171826,0.0,-0.035697434,0.24259031,0.07654402,0.0,0.08675847,0.0,-0.07369728,0.0,0.04749809,0.0,-0.38966843,0.0,0.109122925,0.0,0.19465612,-0.53386253,0.31855866,0.10852654,-0.007510829,-0.1293092,-0.004375203
0.13567598,0.12620027,0.35912138,-0.11631081,-5.210191e-05,0.12670597,0.0075704027,-0.023406448,0.0,0.029325666,0.4430569,0.06853635,0.0,-0.26179746,0.0,0.09477612,0.0,0.037133098,0.0,0.061124448,0.0,-0.026546877,0.0,-0.09409398,0.25584495,0.3764313,0.0589067,-0.0025715043,-0.18893373,-0.004153684
-0.06337259,0.76680106,-0.56501853,-0.025163192,-0.08494833,-0.00791377,0.035758838,-0.025005108,0.0,-0.19386348,-0.3206519,0.14326288,0.0,0.10345712,0.0,0.13247636,0.0,0.007255543,0.0,-0.38709894,0.0,-0.039099697,0.0,0.051614575,0.18834195,0.34414306,-0.18617295,-6.858702e-05,-0.13064542,0.013281477
0.12881738,-0.46738133,-0.040082272,-0.09409414,-0.19367494,0.031222867,0.046102796,-0.01722091,0.0,0.23309729,0.23089047,0.075641066,0.0,0.0425846,0.0,0.026566966,0.0,0.0127355335,0.0,-0.3582177,0.0,0.09086506,0.0,0.11223629,-0.72003055,0.26414827,0.13897514,-0.0065647406,0.22943996,-0.006195274
-0.031736307,0.16184199,-0.5297726,-0.6146917,-0.0020907759,0.0042652595,0.024902472,-0.044019256,0.0,0.018736072,-0.3900391,0.1185148,0.0,0.066539444,0.0,0.042932745,0.0,0.03751457,0.0,0.097846694,0.0,-0.043807697,0.0,0.11309379,0.14913285,0.3201034,0.019532427,0.0032046987,-0.21038683,-0.0010489954
-0.03294803,0.020845702,-0.44022986,-0.0679898,0.0052284063,-0.038836792,0.033185624,-0.033592887,0.0,-0.098182395,-0.21301515,-0.19378723,0.0,0.0315088,0.0,0.14329664,0.0,-0.007105834,0.0,0.03499882,0.0,-0.035175685,0.0,-0.06471716,0.10954794,-2.0140073,-0.10032037,-0.014715372,-0.18358357,-0.002524557
-0.022765564,0.14694813,-0.24698883,0.08641589,-0.0015805009,0.023102079,-0.17554735,-0.025923287,0.0,-0.09836668,-0.44437015,-0.4601072,0.0,0.013908605,0.0,0.11541142,0.0,-0.041219722,0.0,0.058697127,0.0,-0.05762212,0.0,-0.059821118,0.19876552,0.27396122,-0.16405751,-0.0019676555,0.2225978,0.021611428
-0.035747875,-0.13576084,-0.38089392,0.37167606,-0.027030518,0.009644825,0.018410351,-0.043683037,0.0,0.1219992,-0.43930387,0.06787972,0.0,0.016055131,0.0,0.21560909,0.0,-0.020224966,0.0,-0.24877988,0.0,-0.049429853,0.0,-0.048267514,0.19185908,0.28242204,-0.24857399,-0.00715131,0.3313606,-0.00078657025
-0.076062195,0.21495457,-0.093458295,0.045548253,0.03170632,0.0066053197,-0.16185568,-0.03195524,0.0,-0.07126873,-0.35139528,-0.4515436,0.0,0.030654905,0.0,0.057618134,0.0,-0.016263252,0.0,0.050962996,0.0,-0.07378826,0.0,-0.23358223,-0.87603366,0.21682486,0.08124986,0.022849448,-0.14865424,0.06736926
-0.06647845,-0.49370918,-0.040501293,0.36127853,0.1319128,0.0974588,-0.12384035,-0.03287472,0.0,0.15717526,-0.3920962,0.059399836,0.0,-0.1589334,0.0,0.101037584,0.0,0.031620547,0.0,-0.66174567,0.0,0.09282632,0.0,0.05066373,0.14242013,0.27003667,-0.03931295,-0.0071453867,0.2973641,0.007872278
-0.006343467,-1.2456918,-0.44739538,-0.63261575,0.041473046,0.02724322,-0.062392566,-0.053114135,0.0,0.054843333,-0.28331003,-0.55294645,0.0,-0.014660985,0.0,-0.1017267,0.0,-0.07964649,0.0,0.03824854,0.0,-0.16737686,0.0,-0.19803064,-0.9057331,0.1823818,-0.16699007,0.03964932,-0.29268858,-0.0074676024
-0.040037483,1.3798361,0.42818698,0.11720713,0.028624408,0.0042843237,0.047806386,-0.020664718,0.0,-0.047723174,0.37417713,0.09416517,0.0,0.12589574,0.0,0.02926056,0.0,0.123298444,0.0,0.10356382,0.0,0.053332422,0.0,-0.05930469,0.27875778,0.4389066,0.061345983,-0.044399872,-0.16186696,-0.0055111474
-0.06657406,1.21529,0.06041202,0.28253877,0.00670299,-0.0011567124,0.051716547,-0.018330488,0.0,0.011477925,-0.39070874,-0.3364324,0.0,0.06302523,0.0,0.06623075,0.0,-0.015216121,0.0,0.090798326,0.0,-0.07022213,0.0,-0.05934287,0.2559377,0.3249013,-0.21591786,0.040419485,0.33331317,-0.21822463
-0.041547626,-0.42000327,-0.6726608,-0.50946784,-0.036730126,-0.015626047,-0.08896312,-0.055209253,0.0,-0.08848844,-0.289271,-0.50180125,0.0,0.023656849,0.0,0.038415864,0.0,-0.009332264,0.0,0.038905837,0.0,-0.07908145,0.0,-0.23006013,-0.91163534,0.18405987,0.041673366,-0.034239896,-0.16784692,0.0059835147
-0.0012448072,-1.6015853,-0.20642911,0.026014868,0.025535967,0.018158836,-0.00464525,-0.037696816,0.0,-0.15608293,-0.18756585,0.040412016,0.0,-0.25203833,0.0,0.08048988,0.0,-0.007787017,0.0,-0.70070523,0.0,0.08369822,0.0,0.03186142,0.07133426,-1.6909134,0.044512693,-0.016159032,0.5805339,0.008564604
0.030049235,-1.5836146,-0.32583433,0.054772526,0.081448995,-0.010018689,-0.01029114,-0.041988827,0.0,0.01759714,-0.25426745,0.07235457,0.0,0.06429123,0.0,0.004734754,0.0,0.011602027,0.0,-0.4717973,0.0,-0.16709033,0.0,0.24338163,-0.47606677,0.22547844,0.1256863,-0.030946922,-0.19095872,-0.00375781
-0.058283538,1.1361876,-0.11437789,0.17591135,0.036783345,0.0047048107,0.046185225,-0.05130323,0.0,-0.021568935,-0.38669795,0.15805118,0.0,0.08050719,0.0,-0.0015885361,0.0,-0.016674971,0.0,0.12921476,0.0,0.08535082,0.0,-0.057232883,0.22413361,0.36539847,0.068400435,0.0009191425,-0.2288882,0.008244137
-0.05424509,0.6794178,-0.29661715,0.18583786,-0.027513007,0.0017069908,-0.13597463,-0.035534117,0.0,0.1509891,-0.36632037,0.12516055,0.0,0.10593914,0.0,0.092964984,0.0,-0.012103776,0.0,-0.15765758,0.0,-0.011272183,0.0,-0.05540294,0.22864716,0.35512128,0.060630023,-0.00084007485,-0.15211983,0.0067744795
-0.04307421,0.4633051,-0.5515391,-0.18943737,0.011167671,0.0006624423,0.023989601,-0.030162789,0.0,-0.044767953,0.28632447,0.07488512,0.0,0.14412801,0.0,0.07946066,0.0,-0.014016105,0.0,0.07422719,0.0,-0.04118258,0.0,-0.07196033,0.2599352,0.37442896,0.08968057,0.008752406,0.18201937,-0.0015288114
0.14613564,-0.37406877,0.16097791,0.045058623,-0.038673967,-0.0065652844,0.02965742,0.29885808,0.0,-0.03553733,-0.36736462,0.08797161,0.0,0.040632978,0.0,0.05709572,0.0,0.044194795,0.0,0.1677772,0.0,-0.047426987,0.0,0.12237478,0.15034539,0.3229247,0.10896857,-0.037149914,-0.19022179,0.011304146
-0.046019953,-0.53072786,-0.452892,-0.54365337,0.074271776,-0.0016261468,0.024098372,-0.07019283,0.0,-0.017250227,-0.39571348,-0.53506476,0.0,-0.013902259,0.0,0.07172288,0.0,-0.0017616741,0.0,0.07670046,0.0,-0.047354333,0.0,-0.06889608,0.2007653,0.23469836,-0.12639995,0.019814737,0.2944899,0.015727317
0.1090252,-0.42986813,0.08340787,-0.19205552,-0.012924712,-0.058408905,0.019436443,-0.033945855,0.0,0.036855284,0.3595353,0.07446346,0.0,0.08126511,0.0,0.017267102,0.0,5.8995793e-05,0.0,0.10841225,0.0,-0.0612499,0.0,-0.075945735,0.25089958,0.35622433,0.124155626,-0.013836151,0.28133547,-0.006975922
-0.030271232,-0.24079944,-0.35287088,-0.4485237,-0.001991663,0.09340742,0.019204676,-0.030190917,0.0,-0.06781384,-0.20388716,0.048460983,0.0,0.078000575,0.0,0.107870735,0.0,0.034620278,0.0,-0.45918494,0.0,0.013747454,0.0,0.04993565,0.07661835,-1.9823897,0.09577702,-0.004532318,-0.20221192,-0.005449967
-0.029750315,0.1454134,0.33039302,0.108864106,-0.02649395,0.002068532,0.062068768,-0.032634094,0.0,-0.073531546,-0.39803475,0.12206267,0.0,0.0457374,0.0,0.11728787,0.0,-0.039533168,0.0,0.067235366,0.0,-0.05421419,0.0,-0.07276946,0.19324651,0.2951832,0.1038238,-0.006333266,0.22879079,0.022986332
-0.039987344,1.2523813,-0.26305768,0.29451674,0.00045272498,0.0040876535,0.040946092,-0.04497027,0.0,-0.025840342,0.33794695,0.0836102,0.0,0.083326,0.0,0.015640708,0.0,-0.010939287,0.0,0.18753734,0.0,-0.041876726,0.0,-0.05426545,0.27621493,0.39957738,0.08059758,0.0086993715,0.31284037,0.007863378
-0.08455515,-0.59563285,-0.494939,-0.42034215,-0.027689168,0.057705373,0.02313558,-0.06949029,0.0,-0.03036373,-0.26726604,0.063605204,0.0,-0.2711056,0.0,0.096813604,0.0,0.0367768,0.0,0.13555564,0.0,0.11067107,0.0,-0.2217529,-0.7241104,0.22882375,0.09197398,-0.0035856816,-0.31893513,-0.030972242
0.23803805,0.51383954,-0.03373332,0.275388,0.04711788,-0.034210626,0.039693367,0.17129362,0.0,-0.08115982,-0.29984576,0.1601737,0.0,0.045799427,0.0,0.038286444,0.0,0.2266193,0.0,0.13979493,0.0,-0.018087944,0.0,-0.066859536,0.21169765,0.33950794,0.09127703,0.010607,0.2260609,0.0070990548
-0.029578367,-0.4606698,0.43746188,0.020948697,0.24008715,-0.03818568,-0.28528476,-0.01859727,0.0,-0.08537551,0.24986325,0.07654402,0.0,0.09158623,0.0,-0.18450835,0.0,0.017094212,0.0,-0.41552478,0.0,0.11767099,0.0,0.21699382,-0.5684619,0.30136132,0.089690104,-0.0019179247,-0.100181594,-0.003596041
-0.075731464,0.9976599,0.47137636,0.18094999,-0.043569945,-0.026684985,-0.33018097,-0.027572716,0.0,0.08776329,0.3761064,0.08148269,0.0,-0.4786481,0.0,0.15650263,0.0,0.14689353,0.0,0.1403445,0.0,0.043996602,0.0,0.07510547,0.23492263,0.3997785,0.047881123,0.009706614,0.22076492,-0.010770801
-0.04054629,-0.42352784,0.025948955,-0.5617721,0.08231532,-0.044904653,0.026264893,0.37174726,0.0,-0.058305204,-0.33939764,0.07617753,0.0,0.010849992,0.0,-0.080542244,0.0,-0.0012202461,0.0,0.1403069,0.0,-0.04820476,0.0,-0.093115255,0.18901455,0.2875002,-0.37077764,0.0009604143,-0.20222412,-0.011042504
-0.059543964,-0.30031353,0.34414423,-0.27152732,-0.0017096174,0.051679816,0.030950028,-0.024042657,0.0,0.05388384,0.39597845,0.05897949,0.0,-0.29417905,0.0,0.1936486,0.0,0.029300366,0.0,0.114742294,0.0,-0.029318461,0.0,-0.08551916,0.25694755,0.3774268,0.061860092,0.0126838,-0.2012929,0.0067155478
0.12767246,0.2299644,0.056895737,-0.62703073,-0.04232432,-0.07076447,-0.0011584474,-0.024989897,0.0,-0.11670566,0.42861235,0.07797778,0.0,0.037445888,0.0,0.04915874,0.0,-0.004694371,0.0,0.08894753,0.0,0.07977968,0.0,0.0993408,0.17320426,0.3922139,-0.40730017,-0.011089546,-0.11694386,-0.016299605
0.19403572,-0.56032395,-0.16029027,-0.1822109,-0.09079284,0.058557235,0.074538626,-0.03967537,0.0,-0.0046522166,0.38854495,0.06447805,0.0,-0.34680724,0.0,-0.37184435,0.0,0.0011928817,0.0,0.04304459,0.0,0.050077427,0.0,0.07863548,0.16030371,0.3385687,0.13909827,-0.0157829,-0.2352641,-0.0063914955
-0.04573103,0.56551707,0.30364805,-0.009246169,0.020450808,0.0045845313,0.0622729,-0.026663229,0.0,-0.07832188,-0.3119005,0.15728246,0.0,0.12735239,0.0,0.07589295,0.0,-0.010224771,0.0,0.08730366,0.0,-0.036697775,0.0,-0.07064038,0.21346284,0.33052975,0.09312773,-0.00028567837,0.22799438,0.021826752
-0.028664917,0.25612772,-0.3954479,0.06310574,-0.0069041364,0.0021411881,0.036216695,-0.067631334,0.0,-0.08809446,-0.46435773,0.12310711,0.0,0.03207303,0.0,0.08092877,0.0,-0.037056044,0.0,0.08477698,0.0,-0.05768848,0.0,0.092593856,0.14192906,0.32974747,0.09166327,-0.00022545032,-0.15445738,-0.0016389615
-0.05893135,0.66446966,-0.12478967,0.27107385,-0.0048153503,-0.0077315723,-0.20903449,0.05480971,0.0,-0.098455675,-0.33815223,0.14652617,0.0,0.09126892,0.0,0.098276876,0.0,-0.011287477,0.0,-0.24112399,0.0,-0.08642384,0.0,-0.047853325,0.23419073,0.35576552,0.1086611,-0.00011964701,-0.13139077,-0.028243925
-0.051398568,-0.5330107,0.21734607,-0.47523138,0.07740852,0.03549097,0.02262102,-0.055591837,0.0,-0.08600217,-0.4425256,0.082543865,0.0,0.054838564,0.0,0.06520468,0.0,-0.0044020824,0.0,0.11670843,0.0,-0.05818115,0.0,-0.0924942,0.19418508,0.30288413,0.1762434,-0.007853811,-0.20678927,0.017774995
-0.029115627,0.17911692,0.13915259,-0.09039003,-0.01235099,-0.041688047,0.03445635,-0.037529685,0.0,-0.042694524,0.41088647,0.07230124,0.0,-0.31872484,0.0,-0.2175633,0.0,0.04033889,0.0,0.11234353,0.0,-0.059143282,0.0,-0.06988264,0.22716935,0.36915213,0.10942921,-0.00086645235,0.11912622,0.0034371696
0.12830403,0.7309358,0.19796987,-0.22305723,-0.08107961,-0.006004002,0.048392788,-0.022029161,0.0,-0.12221379,0.4023921,0.08240855,0.0,-0.13762149,0.0,0.018581217,0.0,0.018055396,0.0,-0.45171955,0.0,0.07475229,0.0,0.023067415,0.20743577,0.35311246,-0.2207765,-0.031957302,-0.08944251,-0.013233202
0.10838579,-0.46195963,0.531673,0.18495412,0.009731214,0.07068986,0.046231523,-0.021826994,0.0,0.062523514,0.39597845,0.07908232,0.0,0.076238506,0.0,0.15641493,0.0,0.0011491182,0.0,0.097307935,0.0,-0.020840311,0.0,0.1045749,0.19568276,0.3998725,0.1228273,0.03608939,-0.183825,-0.013621722
-0.03407834,-0.17959127,-0.01911307,0.020850409,0.058033645,-0.020748487,0.027431222,0.32782146,0.0,-0.023713978,-0.2142618,0.08819269,0.0,0.04353613,0.0,0.009195639,0.0,0.040959403,0.0,0.15097116,0.0,0.1106528,0.0,-0.25927085,-0.80807275,0.25160167,0.1153813,-0.0016709454,-0.18810174,0.013737165
-0.011872157,-0.5372726,0.61149913,-0.6628565,-0.09334783,0.07076961,0.06636297,-0.027767591,0.0,-0.03300197,0.25508758,0.07949175,0.0,0.07289565,0.0,-0.30345076,0.0,0.019558217,0.0,0.07664559,0.0,0.077360004,0.0,0.25371888,-0.681412,0.2862252,0.18269859,-0.018759573,-0.20276657,-0.0061615976
-0.028045494,-0.22194539,0.11584334,-0.35176218,0.0052451175,-0.07832057,0.0121608935,-0.033540178,0.0,0.02918074,0.41169465,0.067734376,0.0,0.040598713,0.0,0.08331246,0.0,0.0008714221,0.0,0.08331632,0.0,0.07715192,0.0,-0.09242656,0.27085695,0.39672282,-0.27047428,-0.006136756,-0.19010729,-0.0057934085
-0.030970447,-0.24155946,-0.4455643,0.13496432,-0.012931938,-0.081698634,0.020418977,-0.041521277,0.0,-0.009354528,-0.3703065,0.056086767,0.0,-0.1665798,0.0,-0.10894012,0.0,0.024235312,0.0,-0.35110754,0.0,-0.064759806,0.0,-0.051519517,0.16671081,0.27242994,-0.30503908,-0.016514752,0.31407544,0.009099981
-0.045173466,-0.790501,0.7885085,-0.08631753,-0.0242262,-0.028760679,0.009709493,-0.017814975,0.0,0.1370404,0.38585925,0.079366066,0.0,0.06831593,0.0,0.085490696,0.0,0.019724663,0.0,0.1599211,0.0,0.071598575,0.0,0.116560705,0.21661818,0.3263604,0.15419598,-0.06219877,-0.21201369,-0.005878848
-0.029062185,-1.1030326,1.1090267,-0.20347624,-0.07370321,-0.010970635,0.06622775,-0.03338857,0.0,0.16474476,0.35314685,0.06637921,0.0,-0.267389,0.0,0.13271795,0.0,0.030453553,0.0,0.13989173,0.0,0.08558381,0.0,0.07193185,0.20835133,0.34320113,0.07072154,0.00042890644,0.29019323,0.008874444
-0.003100044,0.5950113,0.22340637,0.20234104,-0.0043626595,-0.0034471857,0.03001101,-0.02865451,0.0,0.10038406,0.3645823,0.081444226,0.0,0.19459046,0.0,0.07380312,0.0,-0.0073499735,0.0,0.10805972,0.0,-0.06538974,0.0,-0.07801309,0.2548801,0.38047922,0.09020362,0.007790274,0.19883116,-0.004248878
-0.03306813,-0.3657202,-0.65019035,-0.59359187,-0.00864376,0.0022452353,0.036328875,-0.04469577,0.0,-0.08455319,-0.28861123,-0.44552326,0.0,0.018534347,0.0,0.085203,0.0,-0.0026484644,0.0,0.057778616,0.0,-0.08943568,0.0,-0.20141484,-0.99244064,0.17467685,-0.21419913,-0.027141917,-0.18795933,0.008042613
0.072492406,-1.4897832,-0.62502784,-0.587083,0.012825166,0.012639026,-0.0013481984,-0.05434696,0.0,0.06707346,-0.20789947,-0.37758434,0.0,0.021785162,0.0,-0.12656415,0.0,0.06658737,0.0,0.11622641,0.0,-0.05490001,0.0,-0.06484059,0.16553472,-1.5977676,-0.14299774,0.030478533,-0.32038385,-0.011399012
0.0644838,0.35705295,0.11684894,-0.56527215,0.06773056,-0.017545823,0.0413234,0.2163169,0.0,-0.06727095,-0.38059902,0.122090116,0.0,0.042352572,0.0,-0.07030147,0.0,0.114317566,0.0,0.1294622,0.0,-0.072608456,0.0,0.10328635,0.15421668,0.36402056,0.16793132,0.025930261,-0.1593064,0.0810601
0.1370408,-1.3204767,-0.29671863,-0.25495833,-0.04681528,0.05196591,0.027331319,-0.057568546,0.0,0.050275277,-0.412829,0.07509681,0.0,-0.015840122,0.0,0.0013364227,0.0,0.002909882,0.0,0.09313335,0.0,-0.051911194,0.0,-0.091361314,0.22275051,0.29142994,-0.20466816,-0.015421589,-0.35072425,-0.0028653124
-0.03949869,0.18451227,-0.4033568,-0.46262312,-0.040078968,-0.021919833,-0.13129735,-0.048067085,0.0,-0.060618028,-0.46648932,0.11888908,0.0,0.05677412,0.0,-0.27727276,0.0,0.06429152,0.0,0.06331295,0.0,-0.061664592,0.0,-0.083377056,0.21039626,0.3338107,0.13594614,-0.0025856681,-0.15083311,0.0090482775
-0.028243612,0.18137717,-0.37002012,-0.15434578,-0.007302795,0.0028906802,-0.11919785,-0.056257535,0.0,-0.09239545,-0.41480237,0.11690968,0.0,0.05464987,0.0,0.09447472,0.0,0.05674512,0.0,0.09111601,0.0,0.06644347,0.0,-0.07422404,0.19971387,0.33288804,0.08538142,-0.019874267,-0.16054128,-0.0021246914
-0.039844517,1.0652161,-0.2338654,0.044163913,0.0055687474,-0.0003085556,-0.1733946,-0.04191885,0.0,-0.026238728,0.35451192,0.0836102,0.0,0.0827509,0.0,0.030273113,0.0,-0.024589393,0.0,0.16801319,0.0,-0.041876726,0.0,-0.04641612,0.27679774,0.3986067,0.08036918,0.0086993715,0.26571333,0.0064529395
-0.00086861453,-1.1682205,-0.19283777,-0.5880722,0.026737448,-0.006694274,0.009700758,-0.04190733,0.0,-0.046195526,-0.21163544,-0.2968117,0.0,0.049197085,0.0,-0.10662291,0.0,0.031229421,0.0,0.12984805,0.0,-0.042226486,0.0,-0.059683844,0.16308215,-1.4302341,-0.14115962,-0.22708641,-0.31244367,0.008235868
-0.08017125,0.46504188,0.25640085,-0.52661175,0.1859105,0.05290149,0.06360468,-0.031983808,0.0,0.0273038,0.33142263,0.07166936,0.0,-0.73132455,0.0,-0.13064869,0.0,-0.021433752,0.0,0.02573519,0.0,0.059326164,0.0,-0.06111251,0.22395176,0.3944194,0.1520404,-0.0005897125,0.115066625,-0.006778198
-0.09909736,0.13489683,-1.1637725,-0.08807184,-0.013792855,0.096908025,0.042880442,-0.029144779,0.0,-0.11426024,-0.2604411,-0.37607837,0.0,0.029113553,0.0,0.13269672,0.0,-0.007182246,0.0,0.05170364,0.0,-0.021030815,0.0,-0.05603635,0.10641909,-1.9574541,-0.14292713,-0.0027585765,-0.15234658,2.9619783e-05
0.0021912958,-1.2369621,1.0335394,0.21231668,0.06124702,-0.06526714,-0.00038249895,-0.022223052,0.0,0.056050487,0.18188186,0.03813657,0.0,-0.25685287,0.0,-0.19666944,0.0,0.03854791,0.0,0.22782211,0.0,-0.030654969,0.0,0.06806663,0.16465743,-1.5716789,0.046566915,0.01423926,-0.17423116,0.009023615
0.0008618897,-0.5228123,-0.14258373,0.23177196,-0.029373823,0.05333476,-0.07831445,-0.015019398,0.0,0.11626703,-0.19340295,0.037598938,0.0,-0.14116955,0.0,-0.05184412,0.0,0.026796812,0.0,-0.41909474,0.0,0.04635909,0.0,0.048711345,0.051458165,-1.8904524,-0.07183379,0.02459338,-0.20940107,0.008623324
-0.03403839,-1.2211396,-0.51716805,-0.49786496,-0.057724103,0.0022202926,0.051095672,-0.059351828,0.0,0.057865154,-0.26235288,0.082224645,0.0,0.058241773,0.0,0.029293908,0.0,0.00055958255,0.0,0.118001014,0.0,0.092155315,0.0,0.24681304,-0.52083725,0.27315167,0.12627038,0.020142548,-0.31654078,-0.0032093069
0.059263483,-0.7569641,0.18007891,0.08101598,0.025382489,0.07648606,0.015097806,-0.028718662,0.0,0.040341847,0.392385,0.058290374,0.0,-0.16052483,0.0,-0.14827833,0.0,0.02476577,0.0,0.1323751,0.0,-0.11908214,0.0,-0.082252875,0.23337074,0.36504084,-0.14217938,-0.018012417,-0.25219303,-0.0021636288
-0.07960003,0.16065612,-0.42786932,-0.042241585,-0.023688437,-0.0050693275,0.04604188,-0.02590013,0.0,0.11639991,-0.3057755,-0.535934,0.0,0.02249545,0.0,0.13173759,0.0,-0.006436282,0.0,0.00616022,0.0,-0.0593974,0.0,-0.110987194,-0.89314884,0.18939514,-0.18320073,-0.005984146,0.30768704,-0.004946047
-0.08190265,0.37894875,-0.922272,-0.1294702,0.07060398,0.038848765,0.04704235,-0.022199642,0.0,-0.037938267,-0.4504842,-0.58581406,0.0,0.027366247,0.0,0.07012258,0.0,-0.02285783,0.0,0.054835245,0.0,-0.010486904,0.0,-0.07162313,0.22602548,0.32234684,0.051266275,0.022301048,-0.15911438,0.014327415
-0.041085653,0.5414191,-0.6022977,-0.118850365,0.011374273,0.0049478533,0.027297625,-0.030265484,0.0,-0.06060858,0.3439939,0.06917576,0.0,0.14410402,0.0,0.07020955,0.0,-0.0011031427,0.0,0.07369659,0.0,-0.04118258,0.0,-0.075225465,0.2881031,0.40423757,0.08699909,0.008734772,-0.12799229,-0.0012907328
-0.02456042,-0.88724804,0.6851184,0.57506377,-0.12182734,0.2293429,0.09397619,-0.017818604,0.0,0.019700425,0.3793625,0.07226559,0.0,0.07391333,0.0,-0.2725509,0.0,0.013639154,0.0,-0.41111505,0.0,0.08467004,0.0,0.074502595,0.16423643,0.33940315,0.17058179,-0.013183505,-0.14710878,-0.0036166445
0.1350513,-1.5725987,-0.4986314,-0.0050039655,-0.075422436,-0.09577533,-0.03139824,-0.016595578,0.0,-0.15560777,0.19374049,0.0403269,0.0,0.009898571,0.0,0.0011430351,0.0,0.019073356,0.0,-0.4756878,0.0,0.064964846,0.0,-0.038958397,0.12154785,-2.171506,-0.18602702,0.06888121,-0.21617703,-0.0066060917
0.12775314,-0.21554933,0.07105892,-0.17639793,0.0073533105,-0.025016325,0.018529298,-0.024029935,0.0,0.039052352,0.39948088,0.073279224,0.0,0.07852699,0.0,-0.0071722236,0.0,-0.0027247416,0.0,0.081094176,0.0,-0.057199314,0.0,-0.09610005,0.2760252,0.41187048,0.17115353,0.029111492,-0.1820827,-0.0143531915
-0.011284242,-0.8003809,-0.7542711,0.1970193,0.03527661,0.08953179,-0.073329665,-0.026531966,0.0,-0.1687665,-0.18607196,0.037339818,0.0,-0.1380358,0.0,0.071616985,0.0,0.0348467,0.0,-0.48185405,0.0,-0.09244294,0.0,-0.037041683,0.081505924,-1.78072,-0.057752885,0.06750427,-0.26449683,0.01151452
-0.027593026,-0.47567743,-0.363626,-0.40659177,0.0045638815,-0.043076105,0.014511301,-0.06926096,0.0,-0.04328879,-0.38596308,0.08160234,0.0,0.06617408,0.0,0.040398408,0.0,0.03382633,0.0,0.118474685,0.0,-0.04426039,0.0,0.103137136,0.15974101,0.27948022,0.09925498,-0.0022951297,0.308207,-0.0015114232
-0.027764454,-0.014585558,0.6760881,0.15597355,0.009544621,0.049008083,-0.16576912,-0.027288621,0.0,-0.016054606,0.38124016,0.080150105,0.0,0.07885056,0.0,-0.07672105,0.0,-0.16303717,0.0,0.17635189,0.0,0.073080614,0.0,0.062134754,0.2030934,0.30571514,0.19159706,-0.011880059,0.19575143,-0.005731541
0.00532715,0.3590403,-0.11416715,0.1791799,-0.030377718,0.024042776,0.0437572,-0.015901765,0.0,0.11629299,-0.3555231,0.1164012,0.0,0.0682599,0.0,0.15566105,0.0,-0.021110691,0.0,0.040369365,0.0,-0.05214091,0.0,-0.07377173,0.22719777,0.32111108,-0.1462272,0.00014930102,0.2383947,-0.00016672286
-0.044663813,-0.12707114,-0.35255733,-0.071647376,-0.04473024,-0.04816435,0.03784186,-0.05288138,0.0,0.108411424,-0.29082167,-0.5268242,0.0,0.030734755,0.0,0.037086394,0.0,-0.004289549,0.0,0.07009612,0.0,-0.073699705,0.0,-0.22586988,-0.9308972,0.2009162,0.05716185,-0.031739682,-0.17060587,-0.032162424
0.22053488,-0.34436455,-0.031291395,-0.35970107,0.011724336,0.035672624,0.03302512,-0.01955119,0.0,-0.08061661,0.38775498,0.049026426,0.0,-0.21284182,0.0,-0.2667754,0.0,0.0033372934,0.0,-0.4530102,0.0,-0.036560178,0.0,-0.06751174,0.25366607,0.37017724,0.117237814,-0.011956736,-0.1937113,-0.006187997
-0.03016549,0.2173865,0.13959041,-0.042262465,0.030636003,0.01725346,0.057234414,-0.043082766,0.0,-0.098288216,-0.26162803,0.11751638,0.0,0.006208095,0.0,0.067740425,0.0,-0.0028958088,0.0,0.07821216,0.0,-0.09581605,0.0,-0.13459106,-0.8451946,0.21752402,-0.28291014,-0.006133593,0.34439155,0.01605231
-0.036067314,-0.6833728,0.037904963,0.20422213,0.08714594,-0.022508634,-0.11303615,-0.018585034,0.0,0.08697764,0.38133883,0.06737117,0.0,0.08103292,0.0,-0.2064368,0.0,0.012072956,0.0,-0.4813639,0.0,-0.12991703,0.0,0.078390576,0.18106261,0.38260442,0.09209522,-0.008454406,-0.14031605,-0.0032955613
0.0025028973,-0.4987471,-0.08203729,0.03768417,0.080461256,-0.0020646285,0.023719061,-0.03202961,0.0,0.033715606,0.25508758,0.07681436,0.0,0.077117875,0.0,-0.026219724,0.0,0.012830712,0.0,0.13225655,0.0,0.10936808,0.0,-0.24869747,-0.808134,0.28153047,0.08391217,-0.019250112,-0.24143156,-0.003869332
-0.044688974,1.2632396,0.039158896,-0.2149999,0.022279976,-0.0029689716,0.04479606,-0.046034217,0.0,-0.0078571,-0.33465964,0.16012989,0.0,0.064867206,0.0,0.030169541,0.0,-0.014515687,0.0,0.12546329,0.0,-0.075015076,0.0,-0.05808353,0.2506096,0.34451854,-0.19931427,-0.0004949057,0.31099823,0.02625653
-0.011757692,-0.8679833,-0.1487208,0.15298353,0.13454829,0.06417386,-0.122712955,-0.028695788,0.0,-0.055045135,-0.25340697,0.070060454,0.0,0.050804682,0.0,0.076603115,0.0,0.024417408,0.0,-0.5493453,0.0,0.11983735,0.0,0.20318703,-0.44309533,0.2602573,-0.26693195,0.06849821,-0.16316918,-0.003907855
-0.039081097,0.3914051,-0.5386885,0.05401072,0.08557032,0.0033725202,0.032303084,-0.031872466,0.0,-0.16265243,-0.46099055,0.1128465,0.0,0.07185406,0.0,0.050307136,0.0,-0.0019157722,0.0,-0.26767167,0.0,-0.061469406,0.0,0.06517246,0.15396394,0.32424188,0.090932295,-0.0017723124,-0.13164973,0.007850053
-0.032953892,0.122824386,-0.30771965,-0.04694548,-0.053810805,0.079278305,-0.098781675,-0.030960301,0.0,-0.040636893,-0.28572255,0.073771484,0.0,-0.2114925,0.0,-0.6809647,0.0,0.040027693,0.0,-0.36327988,0.0,-0.0324017,0.0,0.0035062262,0.07625299,-2.0411737,-0.24497966,-0.0042252718,-0.12686062,0.008353658
0.09773421,-1.3557901,0.65620947,0.21570405,0.16104545,0.18372159,0.04623389,-0.022553459,0.0,0.005213385,0.24590516,0.07406035,0.0,0.177793,0.0,-0.2777787,0.0,0.046351526,0.0,-0.107803,0.0,0.10032833,0.0,0.2179186,-0.4925235,0.28888035,0.104434,-0.02696075,-0.13442495,-0.0068777837
-0.03911453,1.1033943,-0.2386136,0.19531818,0.0062256483,-0.0033459743,-0.14638376,-0.04366454,0.0,-0.020618513,0.3672916,0.0807379,0.0,0.06853765,0.0,0.058565594,0.0,-0.010810352,0.0,0.16401154,0.0,-0.07881332,0.0,-0.052570313,0.30606523,0.40402606,-0.19402581,0.0062738927,-0.23699187,0.008792444
-0.094039835,1.1741154,-0.9435197,0.26904967,-0.0011282614,-0.0017862408,0.048062176,-0.029553201,0.0,-0.0019679961,-0.41671035,-0.34586465,0.0,0.03556049,0.0,0.024211513,0.0,-0.013763722,0.0,0.08205264,0.0,-0.07753113,0.0,-0.06066485,0.25613794,0.3394798,-0.26508078,-0.003569433,-0.22802556,0.02629473
-0.06265218,-0.8887141,-1.0994028,0.3231052,0.011989533,-0.29692656,-0.13143836,-0.058504634,0.0,-0.059586283,-0.22012423,-0.37225273,0.0,0.002296214,0.0,0.14187461,0.0,-0.009124807,0.0,0.07983908,0.0,-0.039876644,0.0,-0.0569292,0.10924421,-1.8078238,-0.073018014,-0.0010492112,-0.19621094,-0.002222286
0.12451118,-0.40525147,0.38770348,0.20239341,-0.15335503,0.048725825,0.07181212,-0.031529445,0.0,-6.844478e-05,0.38854495,0.07964991,0.0,0.055532347,0.0,-0.1419614,0.0,0.01740441,0.0,0.11051547,0.0,0.07369696,0.0,0.10079136,0.19326091,0.35409248,0.18037735,-0.008599465,-0.20824765,-0.0091108335
-0.029085563,-0.5674958,0.65690374,-0.014214522,-0.16530691,-0.04524394,0.044522777,-0.031017043,0.0,0.022173423,0.38805494,0.07161975,0.0,0.037992135,0.0,0.15589969,0.0,0.0028719767,0.0,0.1515762,0.0,0.074381076,0.0,0.09597158,0.23333263,0.24716598,-0.3724579,-0.006174275,-0.22736017,-0.0042639277
0.12277349,-0.35674095,0.091717735,-0.14800918,0.044353656,0.068115816,0.023074768,-0.03488984,0.0,-0.06762933,0.36153933,0.079465225,0.0,0.038474992,0.0,0.19883332,0.0,0.029373206,0.0,0.15472679,0.0,-0.054848414,0.0,0.08585551,0.2126918,0.36753824,0.11156021,-0.0018143017,0.25810298,-0.008304262
-0.006738693,-1.4178137,-0.10194932,0.31966788,0.110976145,-0.014380205,-0.19395937,-0.01695977,0.0,-0.10646967,0.18092379,0.037085406,0.0,-0.2608989,0.0,-0.24372303,0.0,-0.011672394,0.0,-0.091277264,0.0,0.051340595,0.0,-0.0018905967,0.06522711,-2.3185096,0.055342194,0.0037773568,-0.14124738,0.008313484
0.15451638,-0.4136422,-0.13305806,-0.32736424,-0.031252198,-0.048477568,0.021642393,-0.019058954,0.0,0.072179995,0.41478553,0.06466684,0.0,0.06580695,0.0,0.01234022,0.0,0.0010924288,0.0,-0.4793956,0.0,0.08638201,0.0,-0.071588665,0.23710217,0.39306307,0.11960364,-0.008267124,-0.1969968,-0.014679347
0.41166607,-0.76753706,0.33041117,0.6984579,0.096711114,-0.33407176,0.05292868,-0.018761702,0.0,0.08330725,0.16025497,0.05223791,0.0,0.14092961,0.0,-0.25172725,0.0,0.0077543613,0.0,-0.095621206,0.0,0.051740795,0.0,0.029704886,0.051028952,-2.2445304,0.017463766,-0.023028929,0.23516376,-0.006700799
-0.091991045,0.32310638,-0.31508124,0.03504241,0.011461685,0.11070358,-0.16958965,-0.024092078,0.0,0.091347754,-0.26435107,-0.4223513,0.0,0.056286257,0.0,-0.013242941,0.0,-0.026038328,0.0,0.034529634,0.0,-0.018878413,0.0,-0.0551597,0.108217984,-2.0736768,0.0482581,-0.006821903,-0.14544672,-0.022850282
-0.030102422,-0.2532619,0.045768656,-0.1617858,0.05238052,0.022096863,0.033833314,-0.029503403,0.0,-0.04214098,0.36789313,0.07589444,0.0,0.07379074,0.0,-0.0453725,0.0,0.03453985,0.0,0.174798,0.0,-0.065477304,0.0,0.10339568,0.2161937,0.38057476,0.17861003,-0.007025749,0.20542435,-0.004601784
-0.07054787,-0.35540208,-0.23917158,-0.5323045,0.055872455,0.04018326,0.027976932,0.14948753,0.0,-0.12580736,-0.17709596,0.03878912,0.0,-0.06544437,0.0,-0.008146871,0.0,-0.028137185,0.0,-0.46933374,0.0,-0.023752533,0.0,-0.042279538,0.106383085,-2.0198114,-0.11291035,-0.05211713,-0.18431146,0.011733932
-0.008174646,-1.5365722,-0.69408643,0.32986447,0.022808108,0.09658614,0.055133913,-0.03512147,0.0,0.062049333,-0.1898225,0.037339818,0.0,-0.17956258,0.0,0.00899384,0.0,0.009454988,0.0,-0.58560145,0.0,-0.12153603,0.0,-0.040547784,0.10364612,-1.3913782,-0.09716071,-0.030033905,-0.26945615,0.01334977
0.0052325763,-0.74583185,-0.8185896,0.18966305,-0.05187666,0.046222724,-0.019109098,-0.028150966,0.0,0.08700662,-0.20644428,0.049070466,0.0,0.051711112,0.0,0.007292672,0.0,0.03329753,0.0,-0.5589862,0.0,-0.054143317,0.0,0.049279038,0.0704858,-1.5976485,0.05609698,-0.020797564,-0.2850773,0.0012388173
-0.04320949,0.60642135,0.16646102,-0.11184747,0.014666883,-0.011879777,0.04899137,-0.028827457,0.0,-0.057641014,0.2981051,0.087495126,0.0,0.16255027,0.0,0.14076526,0.0,-0.012972519,0.0,0.094775945,0.0,-0.041559245,0.0,0.09707219,0.24753445,0.37179792,-0.25322768,0.0007295931,0.13814783,-0.0037046107
-0.028468018,0.25943127,0.49599862,-0.255196,-0.021580182,-0.09228718,0.07381192,-0.030946821,0.0,0.051951103,0.42029467,0.08518855,0.0,0.06939065,0.0,0.042730447,0.0,-0.0038731047,0.0,0.09370571,0.0,0.082648665,0.0,0.096909724,0.1693094,0.3739805,0.14238575,-0.0025636663,0.19079134,-0.005799516
-0.0023823825,-1.311017,-0.7536558,-0.53555906,0.012509539,0.012814167,0.0075045615,-0.052086126,0.0,0.06448118,-0.20789947,-0.37500474,0.0,0.048285328,0.0,-0.12691094,0.0,0.06391168,0.0,0.11661762,0.0,-0.05490001,0.0,-0.06466357,0.16402362,-1.5416356,-0.048088666,0.030478533,-0.3366223,-0.00839056
-0.076618485,-0.32471952,-0.84632015,-0.5656905,0.072025225,0.15821211,0.021259058,-0.06873489,0.0,0.13994682,-0.21165,-0.30769724,0.0,0.022567604,0.0,0.08643727,0.0,-0.004783716,0.0,0.03673745,0.0,-0.038540523,0.0,-0.06061153,0.111044735,-1.4995532,-0.10634342,0.02468932,-0.17139645,-0.0035771597
-0.02527317,0.046221357,0.07697183,0.4035929,-0.0026765307,0.036594823,0.02492498,-0.040583104,0.0,-0.045474857,0.4154128,0.08461818,0.0,0.07828015,0.0,0.14981672,0.0,0.035269536,0.0,0.11087984,0.0,0.08146577,0.0,-0.068346776,0.22030847,0.36513573,0.12159817,0.0015335397,0.11992696,-0.0049584145
-0.04517499,-0.25800848,-0.5898803,-0.4575519,0.009712215,-0.1359466,0.014170264,-0.069538586,0.0,0.018227406,-0.4863571,0.07274418,0.0,0.050614033,0.0,0.05613346,0.0,-0.003935919,0.0,0.11951382,0.0,0.07514437,0.0,0.11906436,0.1412334,0.30177775,-0.23975652,-0.006331206,-0.23730642,0.02942393
-0.0023823825,-0.89674985,-0.49597,-0.8155253,0.013525386,0.011629081,0.024064863,-0.06010464,0.0,0.05190071,-0.21165,-0.37500474,0.0,-0.0075109852,0.0,-0.040702697,0.0,0.0022055255,0.0,-0.017471828,0.0,-0.05494797,0.0,-0.06466357,0.12503254,-1.5819441,-0.07277234,-0.011531489,-0.3205719,-0.007941841
-0.09256766,1.0540653,-2.2325578,0.24042916,0.01050827,0.05874573,-0.18178855,-0.023945568,0.0,-0.002496791,-0.4293199,-0.58314973,0.0,0.022778397,0.0,0.09403474,0.0,-0.019881561,0.0,0.07443872,0.0,-0.07500432,0.0,-0.054415118,0.2558075,0.2795995,-0.2914629,0.014939374,-0.23568454,0.08108612
-0.025967032,0.2421574,0.4808721,-0.18962795,0.00714817,0.022534298,0.065078996,-0.026787823,0.0,0.1490893,0.42029467,0.09037874,0.0,0.075532176,0.0,0.0882259,0.0,0.019244524,0.0,0.114200585,0.0,0.08520428,0.0,0.097163945,0.19415654,0.36681563,0.13045956,0.0029262968,0.21634601,-0.005799516
-0.03275938,-0.11647657,-0.020361371,-0.4664348,0.032003492,-0.043087207,0.045029815,0.2680705,0.0,-0.07482557,-0.34202895,0.07418403,0.0,0.043119434,0.0,-0.03491049,0.0,0.0033449305,0.0,-0.39086434,0.0,-0.06520843,0.0,0.066101894,0.14466707,0.2937488,0.10961296,-0.0020773753,0.25759718,0.0005157263
-0.049319696,1.2663288,-0.015918521,-0.052922588,-0.07718056,-0.0015975115,0.05462958,0.22154234,0.0,0.0042691017,-0.32260484,0.15848039,0.0,0.08719787,0.0,0.15064983,0.0,-0.015533259,0.0,0.15038405,0.0,-0.08440954,0.0,0.08619113,0.23844351,0.35463244,-0.189952,0.013357162,0.32934746,0.01986336
-0.04248332,1.1957382,-0.15183398,0.06932801,-0.0045900783,-0.0068910606,0.04656242,-0.032253474,0.0,-0.0012321648,0.35072663,0.07804344,0.0,0.0633661,0.0,0.06459742,0.0,-0.009482728,0.0,0.13912138,0.0,-0.077088155,0.0,-0.05677235,0.3108105,0.4037172,-0.19662818,0.0060378164,-0.20673433,0.022523366
0.0035751208,-1.3237007,-0.3919893,-0.23125559,-0.10881122,-0.015274562,-0.112057276,-0.059234854,0.0,0.03691768,-0.26612183,0.080147035,0.0,0.050437663,0.0,-0.07623317,0.0,-0.08068986,0.0,0.08360754,0.0,-0.14625923,0.0,-0.20037283,-0.7695865,0.22789818,0.09310777,-0.029691728,-0.2796528,-0.0010627559
-0.05852895,1.2477818,-0.07484397,-0.21810114,0.02576817,-0.0029689716,0.043138888,-0.046812948,0.0,-0.0025149079,-0.3606612,0.15705252,0.0,0.056370523,0.0,0.013930474,0.0,-0.013763722,0.0,0.109675586,0.0,-0.07753113,0.0,-0.061348658,0.25613794,0.3531402,-0.1994128,-0.0007089877,-0.23873518,-0.050407905
-0.03382593,-0.6999351,0.33145708,-0.057196226,-0.031148972,0.028133,0.0076888334,-0.022911215,0.0,0.040087227,0.3815216,0.060026914,0.0,-0.3013109,0.0,-0.09909585,0.0,-0.0077201384,0.0,0.16160424,0.0,-0.08217286,0.0,0.11650683,0.16621754,0.27968946,0.1414487,0.0624078,-0.17386506,0.0059322882
-0.10523818,-0.5604839,-0.16578908,-0.4343351,-0.13646212,0.14557354,0.004659207,-0.05329544,0.0,-0.070911184,-0.20327273,-0.29910725,0.0,0.013886943,0.0,0.1670961,0.0,-0.004075952,0.0,0.056018602,0.0,-0.042664643,0.0,-0.06471716,0.11465129,-1.5049304,-0.16445477,0.013594002,-0.1745932,-0.00812971
-0.028100211,0.10313409,0.70132667,-0.14819193,0.08022104,0.08614889,-0.18376343,-0.015376265,0.0,0.12657236,0.42289338,0.07116378,0.0,0.051999807,0.0,0.14545381,0.0,0.023869466,0.0,-0.45889354,0.0,0.08610999,0.0,0.051201105,0.20173763,0.37116256,-0.2785405,0.00048454123,0.20242551,-0.0046934644
-0.028105596,-0.66404825,-0.077784605,-0.45485848,-0.010829547,-0.077923134,0.01485825,-0.027852735,0.0,0.00850824,0.407655,0.065220356,0.0,0.047444716,0.0,0.075612605,0.0,0.0012273256,0.0,0.1598487,0.0,-0.054024503,0.0,-0.09118429,0.2995416,0.37508655,-0.29181492,-0.0057078423,-0.19859627,-0.0037151962
-0.047917515,-0.36058348,-0.13138562,-0.53990114,0.068768576,0.077548064,-0.065553725,-0.03283891,0.0,0.022543991,-0.29430485,0.07483417,0.0,0.09773305,0.0,0.05002146,0.0,0.02945614,0.0,-0.5640596,0.0,0.118902445,0.0,0.24193664,-0.48985645,0.28446597,0.14165357,-0.00737642,-0.16332735,0.05364364
0.13057098,-0.3830116,0.4040284,0.09255653,0.12445377,-0.027752178,0.036602225,-0.03125219,0.0,0.098355256,0.35079098,0.0854354,0.0,0.07488206,0.0,-0.1492093,0.0,0.011560239,0.0,0.18968031,0.0,0.09851568,0.0,0.07239329,0.19814429,0.3816624,0.10314032,-0.0070792544,0.25654233,-0.012921343
-0.035879727,0.027105223,0.061030112,-0.055232495,-0.055370085,0.13190211,-0.32107916,-0.022227224,0.0,0.09745493,-0.42818314,0.10091504,0.0,-0.18979865,0.0,-0.2317816,0.0,-0.0070443857,0.0,-0.32425085,0.0,0.06315779,0.0,0.058950517,0.121193245,0.30015382,-0.14248434,-0.008836448,0.18050872,0.006157702
-0.024750192,0.4421336,-0.5771236,-0.2939119,-0.008578441,-0.014234471,0.018117756,-0.042810526,0.0,-0.08666451,0.36356363,0.0785211,0.0,0.023081105,0.0,0.14726269,0.0,-0.0028181197,0.0,0.08602712,0.0,-0.06783424,0.0,-0.070766866,0.29709736,0.39208862,-0.24893531,0.0052736215,-0.122286715,-0.0014558672
-0.01519379,-0.05893773,-0.93924963,-0.5055052,-0.0006509711,0.017024593,0.026418986,-0.040002808,0.0,-0.09146421,-0.2848607,-0.55265474,0.0,-0.011359354,0.0,0.08324228,0.0,-0.0017667379,0.0,0.07457988,0.0,-0.09607116,0.0,-0.22504932,-0.9407989,0.15480362,-0.23388612,0.063585624,-0.18731421,-0.007908284
-0.04449587,-1.9002434,0.67913634,0.16161048,-0.0946033,0.08562563,0.0063603753,-0.022504825,0.0,0.036326427,0.3852301,0.07964991,0.0,0.075287804,0.0,-0.13013266,0.0,0.1631974,0.0,0.23731624,0.0,0.04711096,0.0,0.09758501,0.3103422,0.33205435,0.17747588,-0.0038034907,-0.19038145,-0.005859524
-0.03299031,-0.32546625,0.32201344,-0.34733176,-0.030685946,-0.010803733,-0.14317326,-0.01612718,0.0,0.0980909,0.40667582,0.06240365,0.0,0.07901693,0.0,0.11410847,0.0,0.030599335,0.0,-0.39053243,0.0,-0.02576748,0.0,-0.06746562,0.26512876,0.36626968,0.12082733,-0.019139223,-0.22091126,-0.0029490376
-0.049500592,1.1535196,-0.07383062,0.1671591,0.005235318,-0.0005224845,0.04013742,-0.04246847,0.0,0.06969189,0.33794695,0.08564255,0.0,0.11143922,0.0,0.030660205,0.0,-0.008323168,0.0,0.17710532,0.0,-0.04008503,0.0,-0.062261358,0.27648786,0.40158147,0.0969895,0.0074121812,0.27917898,0.005653496
-0.028933365,-0.34070155,-0.29081225,0.28861004,-0.12599775,-0.16665548,-0.25345784,-0.012689001,0.0,0.10111547,0.18558766,0.036345683,0.0,-0.24214622,0.0,-0.354481,0.0,0.021154242,0.0,0.08823698,0.0,0.03607471,0.0,0.033256225,0.07585811,-2.4811993,-0.015596664,-0.023261951,-0.09152376,0.008888949
-0.11172065,-0.51212025,-1.0341951,-0.3995776,0.0073195165,0.018264527,0.0034694443,-0.07386695,0.0,-0.08807725,-0.26607373,-0.5448358,0.0,-0.022931987,0.0,0.024633916,0.0,-0.0017667379,0.0,0.07146232,0.0,-0.10216991,0.0,-0.22504932,-0.9570974,0.14121407,-0.27627304,-0.028619232,-0.17318736,0.012732599
-0.08574956,1.1842151,0.03707941,0.18173988,0.11447842,-0.013802562,0.046849772,-0.028730111,0.0,-0.006737626,-0.39070874,-0.41392207,0.0,0.047348484,0.0,0.028184345,0.0,-0.014515687,0.0,0.09577369,0.0,-0.07446336,0.0,-0.05739972,0.2506096,0.32104483,-0.15316899,0.026978046,0.33251676,-0.16347072
-0.050636202,-1.1261154,0.33411124,0.67759407,-0.08535727,0.41712794,0.05760112,-0.01922921,0.0,0.04030621,0.18367516,0.035747785,0.0,-0.24819489,0.0,-0.44201073,0.0,0.06397663,0.0,0.056419145,0.0,0.07320885,0.0,0.016607761,0.07440961,-1.6720217,0.03049564,-0.026664753,-0.08924251,0.00796599
0.12023533,-0.34754735,0.015828153,-0.49118102,-0.00022110366,-0.048585188,0.019981693,-0.024594476,0.0,0.047002804,0.41276157,0.07244513,0.0,0.06711995,0.0,0.022611473,0.0,0.0008706984,0.0,0.14512114,0.0,-0.062545106,0.0,0.12227657,0.21521978,0.39812785,0.11406245,0.009704626,-0.17747176,-0.0076271216
-0.07153923,-1.1328233,-0.7890505,0.16966048,0.11006198,-0.09939668,-0.058034748,-0.024980128,0.0,0.105507806,0.18470505,0.041450407,0.0,-0.26573172,0.0,-0.25730398,0.0,-0.0038224696,0.0,0.116317704,0.0,0.048627794,0.0,0.025786472,0.13814104,-2.4152813,-0.00020165369,0.013225212,-0.20648049,0.008187544
0.0020545216,-0.67943144,-0.2965482,-0.5886962,0.067109205,-0.03834838,0.03231827,0.23799045,0.0,-0.09954267,-0.20386717,0.06618624,0.0,0.009131493,0.0,-0.10631876,0.0,0.010845041,0.0,-0.46398833,0.0,-0.0904088,0.0,-0.20176277,-0.86638784,0.20636393,-0.25125936,0.017278042,-0.28473577,0.0007438116
-0.036049955,-0.7936961,0.40488625,-0.09699291,0.07914577,-0.07865406,0.020720484,-0.027565429,0.0,0.0834656,0.23314442,0.0771077,0.0,0.033075374,0.0,-0.0027054464,0.0,0.021181315,0.0,0.107025824,0.0,0.094936766,0.0,0.16388032,-0.66720295,0.26725158,-0.5107001,-0.013599286,0.2689093,-0.006347892
-0.03252308,-1.2882599,0.54578954,0.1822709,0.15112707,-0.061942633,0.03335612,-0.03213617,0.0,-0.004273171,0.23771703,0.0854354,0.0,0.07659009,0.0,-0.17903556,0.0,0.0500448,0.0,0.10175256,0.0,0.10741003,0.0,0.1627521,-0.61036545,0.32122454,0.1081174,-0.0055265813,0.22213437,-0.006700799
-0.05169844,-0.4525027,-0.22407152,-0.4066494,0.11503482,-0.034428973,-0.014182036,0.18795869,0.0,-0.090365075,-0.19795889,0.057855375,0.0,-0.17124769,0.0,-0.0252848,0.0,0.01925889,0.0,-0.6488972,0.0,-0.08583714,0.0,0.2467676,-0.4752838,0.27288005,0.090586394,-0.032440234,-0.12979753,0.009090627
-0.047727138,-1.1814141,-0.28783777,0.12375593,0.050728545,0.056162376,-0.19395174,-0.06264511,0.0,0.043962374,-0.41154745,0.07922694,0.0,0.0491603,0.0,0.08635919,0.0,-0.00386494,0.0,0.08069296,0.0,-0.055895258,0.0,-0.10319403,0.18734802,0.287777,0.15625165,0.096374035,-0.30446792,-0.0017641613
-0.022800239,-0.5259901,-0.27898115,-0.45240632,-0.0005340236,-0.082309105,-0.11259411,-0.013857168,0.0,0.0697906,-0.18625467,0.03878595,0.0,-0.23554502,0.0,-0.27309322,0.0,0.032033384,0.0,-0.28802842,0.0,0.040224545,0.0,0.045106057,0.06839657,-2.201863,0.039117105,0.057909593,-0.17275716,0.0058952766
-0.019510362,0.1734036,-0.20755044,-0.0022023506,-0.03389233,0.0068474915,0.059922785,0.20439807,0.0,-0.058952317,-0.41010195,0.10371822,0.0,0.0691053,0.0,0.082263105,0.0,-0.03159364,0.0,0.08183803,0.0,0.119428396,0.0,-0.07572557,0.2003426,0.32836178,0.09925832,0.025388941,-0.16193083,-0.013736103
0.007242754,-1.2419295,-0.14307173,0.24302444,-0.099772304,0.036250155,0.030504845,0.32781538,0.0,-0.01975141,-0.32603547,0.08086373,0.0,0.056692217,0.0,-0.10520507,0.0,-0.13267621,0.0,0.22715802,0.0,0.11072343,0.0,0.09505953,0.12839171,0.28470108,0.15049225,-0.0080394065,0.4003286,-0.0033722236
-0.034078367,-0.070505135,-0.014301305,-0.18013445,0.06795437,0.07708296,-0.0692307,-0.06126691,0.0,0.016258119,-0.30615923,0.069338106,0.0,-0.29072765,0.0,0.07539169,0.0,-0.0025529345,0.0,0.16547269,0.0,0.10823751,0.0,0.28433183,-0.41940346,0.2826942,0.100646876,-0.0061759274,-0.1612477,0.006554587
-0.0695484,1.1993212,-0.12020146,0.68910545,-0.008073871,-0.0011567124,0.07001013,-0.019153576,0.0,0.01636263,-0.41671035,-0.2654386,0.0,0.054528546,0.0,0.062257923,0.0,-0.014464155,0.0,0.077860616,0.0,-0.07273818,0.0,-0.06260801,0.26146597,0.33820018,-0.225247,0.015910536,-0.2449067,0.103079945
-0.022958854,-0.25080624,0.9773619,-0.4072949,0.053428195,0.08574141,-0.10353607,-0.03700527,0.0,0.16250867,0.25379196,0.080403015,0.0,0.046008,0.0,0.19180763,0.0,0.03687853,0.0,0.091309085,0.0,0.0899211,0.0,0.13661446,-0.767218,0.26977542,-0.35847446,0.020397704,0.25907177,-0.0046934644
-0.07310043,1.022167,-0.116540335,0.10155486,-0.07467777,0.08932566,0.054414086,-0.044540077,0.0,-0.004800682,-0.34766132,0.1475266,0.0,-0.40881652,0.0,-0.09688699,0.0,-0.019674065,0.0,0.14262134,0.0,-0.028418668,0.0,-0.056705967,0.23013672,0.34979406,0.10151057,-0.004640344,0.28866002,0.00096949586
-0.023736617,0.1542692,-0.26622915,0.06537309,-0.018894536,-0.0071493676,0.045332555,-0.015825814,0.0,-0.09410708,-0.43044233,-0.42787537,0.0,0.010050836,0.0,0.11931465,0.0,-0.026409686,0.0,0.052074865,0.0,-0.03627353,0.0,-0.06892174,0.22342505,0.29356027,-0.16889015,-0.014228256,-0.1435863,0.007721027
-0.024779253,0.23745361,1.0287644,-0.0874057,0.002956727,-0.024015095,0.03965302,-0.028506946,0.0,-0.00011588837,0.31028336,0.08640186,0.0,0.03826481,0.0,0.1319447,0.0,0.13583568,0.0,0.09729883,0.0,0.09663044,0.0,0.1268733,-0.7655005,0.16257107,-0.52796143,-0.0002448376,0.15501735,-0.0051441174
-0.033110738,-0.549375,1.1322498,-0.3156108,0.0154900495,0.06342269,-0.17145121,-0.01285573,0.0,-0.19601429,0.38702047,0.060744062,0.0,-0.3098193,0.0,0.031933002,0.0,0.01699894,0.0,-0.51315624,0.0,0.08612341,0.0,0.018490495,0.19338056,0.36230516,0.069333926,0.031015297,0.21413112,0.006582562
-0.0032411395,-1.7909038,-0.16448817,0.12125405,0.017946854,0.07910495,-0.027255608,-0.024465222,0.0,0.11818281,-0.18715124,0.03899183,0.0,-0.18956195,0.0,-0.06927075,0.0,-0.009164708,0.0,-0.50685143,0.0,-0.10102581,0.0,0.047352415,0.08095434,-1.7645471,-0.11160402,0.08505234,-0.24435505,0.009644696
-0.03136079,-0.33498663,-0.37185535,-0.6120529,0.005696923,-0.042879097,0.0167339,-0.04789346,0.0,-0.11006123,-0.3741087,0.06947157,0.0,0.053275492,0.0,0.0008217483,0.0,-0.0026138755,0.0,-0.32502759,0.0,-0.048777767,0.0,-0.04967152,0.18027744,0.28379256,0.10514768,-0.00308269,0.2958699,-0.0020577954
-0.015794791,-1.5620649,-0.8185319,0.12548341,0.04382058,-0.014686979,0.016943553,0.22390306,0.0,-0.15453665,-0.17932262,0.038326405,0.0,-0.24282457,0.0,-0.052108705,0.0,0.012812972,0.0,-0.69746727,0.0,0.082806855,0.0,0.04819487,0.07992458,-1.9410386,0.05937708,-0.024157096,-0.3177313,0.009633593
-0.11449945,-0.61853266,-0.05857194,-0.36538556,0.065742396,-0.1359801,0.0003975979,-0.06357232,0.0,-0.019424714,-0.40445173,0.064211726,0.0,-0.0432212,0.0,0.04767598,0.0,0.006010687,0.0,0.11297448,0.0,-0.056570493,0.0,-0.08867224,0.21692744,0.2865282,-0.17715642,-0.0019766334,-0.24110521,-0.04180342
0.012788707,-1.6301396,0.37881652,0.20495054,0.06906012,-0.06481502,0.010880187,-0.024375748,0.0,0.040791135,0.17991856,0.037085406,0.0,-0.26200023,0.0,-0.27889505,0.0,-0.046444826,0.0,-0.45831686,0.0,-0.086312816,0.0,0.042292275,0.13920414,-2.2912593,-0.106496446,-0.009081806,-0.17710923,0.009402741
-0.0046330835,-1.4569148,-0.24656747,0.22101419,-0.029628715,-0.015969457,0.014800213,-0.027753089,0.0,0.08997646,-0.19556959,0.038495816,0.0,-0.26527378,0.0,-0.11276391,0.0,0.13034536,0.0,-0.53261304,0.0,0.024132926,0.0,0.04959981,0.07342636,-1.8978968,0.044541005,-0.009993889,-0.23464325,0.00796599
-0.032044727,-0.22830267,0.59554744,-0.25392905,-0.00075578457,-0.008298048,0.044288956,-0.028456856,0.0,0.14024763,0.37963796,0.07938701,0.0,0.0600533,0.0,0.12551469,0.0,0.00021917034,0.0,0.16086553,0.0,0.084927805,0.0,0.098937824,0.21774232,0.33887172,0.13694613,-0.005783587,0.25395772,-0.0052531436
-0.042172663,0.2975726,-1.0588508,0.09749729,-0.111840844,-0.022256749,0.00292999,-0.025720887,0.0,-0.083661266,-0.31748998,-0.41965762,0.0,0.035176493,0.0,0.11760213,0.0,-0.025960002,0.0,0.031165961,0.0,-0.09041717,0.0,-0.2012289,-0.9350075,0.18255028,-0.2054772,0.026154697,-0.18165332,-0.018834317
0.23060273,-0.11298152,-0.14498901,0.30974683,0.10314558,0.014911601,0.02733985,-0.01686434,0.0,0.13293602,-0.18972078,0.039377313,0.0,-0.0788183,0.0,-0.26637465,0.0,0.025846802,0.0,-0.3265731,0.0,-0.05103832,0.0,0.049186487,0.086995915,-1.8445078,-0.19290152,0.049734853,-0.18892935,-0.011093588
-0.08690193,-0.27641022,-0.1493495,0.29493022,-0.089586385,-0.0334404,0.0623028,-0.016310863,0.0,0.0765043,0.16025497,0.03595419,0.0,-0.32386383,0.0,-0.3436842,0.0,0.010841528,0.0,0.03421311,0.0,0.052566774,0.0,0.027045978,0.05482801,-1.8668053,0.041161526,-0.011376818,0.23937981,0.007910509
-0.06606864,-0.3086993,-0.040004212,-0.3762918,-0.05617776,-0.02666003,-0.12514113,-0.027807081,0.0,-0.062992066,-0.263108,0.055348027,0.0,-0.23317975,0.0,0.056388184,0.0,0.03948994,0.0,-0.43811864,0.0,0.099914186,0.0,-0.20116518,-0.70677894,0.21224187,0.09224647,0.004124768,-0.20179215,0.006606907
-0.02884162,0.14369148,-0.12288916,-0.11838159,0.0020429764,0.0397507,0.02212776,-0.028170357,0.0,0.037204027,0.3748622,0.08350512,0.0,0.081034854,0.0,0.12793358,0.0,-0.0038308646,0.0,0.108822055,0.0,-0.05679026,0.0,-0.07541988,0.23581836,0.3659655,0.13146165,0.0027997217,0.23877019,-0.0033030608
-0.042408418,1.2351586,-0.3574739,0.16567338,-0.0022067511,0.0047171824,0.035707355,-0.034153305,0.0,-0.00014731618,0.36860076,0.079118796,0.0,0.082157694,0.0,0.02354947,0.0,-0.00995641,0.0,0.14989696,0.0,-0.04015155,0.0,-0.059473738,0.29527152,0.41359723,0.08142478,0.008302946,-0.24317946,-0.0019738895
-0.0054544653,-1.6329463,-0.4424995,0.21975951,-0.01831281,-0.029459124,0.0008549974,-0.02740363,0.0,0.11382713,-0.18479884,0.04042255,0.0,-0.26805782,0.0,-0.06434058,0.0,-0.0178874,0.0,-0.49240547,0.0,0.056886736,0.0,0.048537478,0.06063423,-1.9311409,0.04458502,0.05831703,-0.23381159,0.007264585
-0.009995236,0.8279568,0.06503768,0.27154198,-0.15112945,-0.0047174087,0.042316485,-0.017915357,0.0,-0.13466036,0.36989203,0.07890399,0.0,0.15889148,0.0,0.048896544,0.0,0.09644219,0.0,-0.38005564,0.0,-0.06702438,0.0,0.054829407,0.18805353,0.40210417,0.11837821,0.001655219,0.08732786,-0.004397889
-0.07358807,-0.42701975,-1.8203297,-0.4560152,0.03422416,0.022231152,0.024540676,-0.0738345,0.0,-0.065860145,-0.27666146,-0.6154073,0.0,0.01633137,0.0,-0.00845896,0.0,-0.0025892085,0.0,0.02323947,0.0,-0.096791886,0.0,-0.25079072,-0.89535177,0.10020775,0.30153912,-0.014231885,-0.18436974,-0.003937332
0.0008618897,-1.5315367,-0.30482304,0.21420753,-0.0034879344,0.058118086,-0.044680912,-0.029112665,0.0,0.089170404,-0.18661891,0.03788907,0.0,-0.17681171,0.0,-0.061905593,0.0,-0.00074559404,0.0,-0.49758738,0.0,0.046340086,0.0,0.048711345,0.07540183,-1.8180959,-0.11949898,-0.020009747,-0.20967779,0.009072042
-0.04630247,0.4914577,-0.5026028,0.06301381,0.008746053,-0.00063526956,0.029070584,-0.03244946,0.0,-0.06321627,0.26845035,0.07791609,0.0,0.074883826,0.0,0.059072733,0.0,-0.012216009,0.0,0.09528664,0.0,-0.04183539,0.0,-0.061849978,0.27547407,0.36454898,-0.21934327,0.0062518995,0.1874178,-0.0018851854
-0.02004163,-1.2329359,0.03661995,-0.069742106,-0.055795483,-0.042112883,0.06997968,-0.0207071,0.0,0.044754677,0.3886078,0.07460828,0.0,0.0812338,0.0,-0.054553166,0.0,0.0021280334,0.0,0.149976,0.0,-0.055706494,0.0,-0.084445275,0.2727127,0.39289618,0.11502265,0.03786437,-0.3012162,-0.004767829
-0.07989151,-1.0578249,-0.45954204,0.27965286,-0.11838284,-0.15887336,-0.18254682,-0.017812254,0.0,0.1107991,0.16216747,0.036552083,0.0,-0.31045136,0.0,-0.2550351,0.0,-0.0006142673,0.0,-0.12686747,0.0,0.03607471,0.0,0.025584485,0.09292308,-2.512879,-0.007817204,-0.023101604,0.13443655,0.009065934
-0.052506942,-0.24275817,-1.1819853,0.32393992,-0.017482903,-0.1785668,-0.07895171,-0.0506177,0.0,-0.030895874,-0.22012423,-0.34891564,0.0,0.00081472396,0.0,0.21875043,0.0,-0.011292015,0.0,0.062307257,0.0,-0.018502926,0.0,-0.06018571,0.11398278,-1.83787,-0.079590395,0.00021769153,-0.101357326,0.004817849
-0.05165676,-0.27170914,-0.045616556,-0.26633677,-0.019183367,0.07801792,0.017342733,-0.037448533,0.0,-0.03181375,0.423968,0.07321733,0.0,0.092388324,0.0,0.0746947,0.0,-0.0003778658,0.0,0.17750476,0.0,0.10538517,0.0,0.11089666,0.18310331,0.41766086,0.099388145,-0.002324774,-0.15438806,0.055895977
-0.05281367,-0.42388082,-0.14414029,-0.31663617,0.07241118,-0.024928076,0.028839502,-0.0713684,0.0,-0.019154068,-0.41344768,0.081581995,0.0,0.051239148,0.0,-0.136363,0.0,-0.00025976892,0.0,0.08429106,0.0,-0.05608709,0.0,-0.0924942,0.19257839,0.30877262,0.09834571,-0.0040729535,-0.21086158,0.01463088
-0.046711437,-0.40288046,0.33453116,0.26338086,-0.17303225,-0.044307657,-0.25761992,-0.027977237,0.0,0.09206994,0.35474908,0.06559962,0.0,-0.2931095,0.0,-0.32208267,0.0,0.02184513,0.0,0.14292358,0.0,0.07440439,0.0,0.07849879,0.19690461,0.35580197,0.07850334,-0.005249757,0.18041557,0.007504089
-0.038688354,-0.43116266,-0.10373619,-0.3331072,0.027547427,0.0005247503,0.024723457,-0.07765062,0.0,0.017073233,-0.27445102,-0.49903905,0.0,-0.009146831,0.0,0.029947123,0.0,-0.0025853533,0.0,0.013539079,0.0,-0.08439886,0.0,-0.22325526,-0.9572996,0.17708679,-0.20297429,-0.029041486,-0.1785218,0.009380835
-0.04498149,0.58400166,0.23041126,-0.3902172,0.0008660935,0.0057999883,0.050202355,-0.02873562,0.0,-0.0890003,0.33299297,0.08130032,0.0,0.16428496,0.0,-0.34443823,0.0,-0.000929822,0.0,0.064292245,0.0,0.06207195,0.0,-0.0694586,0.23133764,0.37319648,-0.43091217,-0.0013162375,0.1340435,-0.0044934615
-0.08019986,1.1895736,-0.9011601,0.253696,-0.004616458,-0.0017862408,0.044788253,-0.028774468,0.0,-0.0073101865,-0.39070874,-0.45051882,0.0,0.044057183,0.0,0.028184345,0.0,-0.014515687,0.0,0.08984056,0.0,-0.075015076,0.0,-0.05739972,0.2506096,0.33085814,-0.27345878,-0.0033553506,0.31447974,-0.031229919
-0.014014783,-1.3853589,-0.59569573,0.5421444,-0.032494906,0.094182394,-0.013948016,-0.02155649,0.0,0.06782621,-0.18607196,0.035703216,0.0,-0.1688765,0.0,0.061729416,0.0,0.041746974,0.0,-0.5781394,0.0,-0.060020935,0.0,-0.040669803,0.107919835,-1.3950175,-0.10921655,0.08594826,-0.27917826,0.01182436
0.11326931,-1.5876045,-0.20826276,-0.21759437,-0.057108883,0.008580174,0.040769834,-0.015647925,0.0,0.073729664,0.38810685,0.06487344,0.0,0.04887329,0.0,0.051605854,0.0,0.0031966758,0.0,-0.5630449,0.0,-0.055973202,0.0,-0.06758328,0.2746591,0.37442556,0.09391626,-0.01988356,-0.2733309,-0.005381803
-0.007643606,0.6608992,0.24731334,0.20903121,0.025511209,0.025587175,0.054404363,-0.025472598,0.0,0.09388978,0.37169972,0.08384646,0.0,0.19253771,0.0,-0.17063208,0.0,-0.005487805,0.0,0.05310678,0.0,-0.06143314,0.0,0.115025565,0.22668423,0.39231354,0.1614471,-0.0028986353,0.12867399,-0.00445947
0.16625315,1.1973928,-0.34234762,0.33222145,0.0021615135,0.0042014676,0.03009639,-0.048228454,0.0,-0.040300544,0.36860076,0.082066186,0.0,0.045579586,0.0,0.0033043965,0.0,-0.009817878,0.0,0.16630107,0.0,-0.041876726,0.0,-0.05770761,0.29002556,0.414651,0.080458425,0.008539022,-0.24288043,0.00043770781
-0.039532427,1.2615652,-0.2684769,0.2839483,0.0013421093,0.0047171824,0.04266949,-0.03405061,0.0,-0.007509717,0.33794695,0.08197359,0.0,0.09065437,0.0,0.031781685,0.0,-0.0110364165,0.0,0.16801806,0.0,-0.0376355,0.0,-0.056208603,0.28154302,0.39829776,0.08123896,0.008517029,0.31363678,0.008409752
-0.022005385,-0.7150962,0.22333695,0.10546765,-0.008000415,0.081175305,0.023298847,-0.028977463,0.0,0.024305893,0.3479451,0.07279369,0.0,0.050042987,0.0,-0.31592336,0.0,0.028010359,0.0,0.10317521,0.0,0.083306044,0.0,-0.07200439,0.19226363,0.23933451,-0.30548128,-0.017828833,0.24533895,-0.006347892
-0.048877526,1.4003958,0.4182118,0.0663959,-0.0013749587,0.0038851085,0.05563813,-0.032463204,0.0,0.064450935,0.3610388,0.096184686,0.0,0.13991188,0.0,0.04499863,0.0,-0.012866881,0.0,0.10808725,0.0,0.047680803,0.0,-0.060423672,0.26633024,0.41484126,0.0673616,0.0020222752,0.22497313,-0.0049849707
-0.02788181,-0.23430195,0.9845376,-0.1513788,-0.019070039,0.02924092,0.041685905,-0.01948349,0.0,0.062374078,0.41829726,0.07949175,0.0,0.076482244,0.0,-0.2247707,0.0,0.021454269,0.0,0.13662083,0.0,0.08403986,0.0,0.11656503,0.21069069,0.36853933,0.18549187,-0.111073904,-0.1933022,-0.006610316
-0.030448899,0.3756108,0.08975298,-0.09406944,0.038967572,0.01030945,-0.2346709,0.09183349,0.0,-0.11957222,-0.37152883,0.10563896,0.0,-0.25082335,0.0,0.07411592,0.0,-0.011793696,0.0,-0.3579186,0.0,-0.064301126,0.0,-0.04214539,0.19692968,0.33132845,0.039443724,0.011025729,0.1827202,0.024855152
-0.027851947,0.18940346,-0.17429756,0.5666599,-0.0041743782,0.034872565,0.028610572,-0.027251761,0.0,0.018249666,0.36325225,0.079602644,0.0,0.08037127,0.0,0.16633318,0.0,-0.0036951527,0.0,0.086777225,0.0,-0.052739337,0.0,-0.08215169,0.26664084,0.3820258,0.11673888,-0.06741979,-0.10939578,-0.0033823927
-0.048951935,-1.0537908,-0.07549142,-0.22813712,0.02918457,-0.02572416,0.05266011,-0.038559597,0.0,0.025397634,0.23573525,0.060280398,0.0,-0.26052037,0.0,-0.115510374,0.0,0.017317582,0.0,0.14612414,0.0,-0.18223141,0.0,-0.14985366,-0.7418946,0.2671848,0.06013232,-0.008553605,0.3962255,0.009396632
-0.022297466,-0.644263,0.39468527,-0.05045297,0.026611341,0.09760754,0.02746113,-0.030878076,0.0,-0.07048756,0.24007292,0.080826364,0.0,0.06395318,0.0,0.089904115,0.0,0.03130498,0.0,0.13033472,0.0,0.10924433,0.0,0.1611477,-0.6847022,0.18693793,0.14136541,-0.007998217,0.20764095,-0.005923031
-0.05259993,-1.0227544,-0.34950423,0.3507618,-0.0013587237,-0.30839914,-0.13759631,-0.045563012,0.0,-0.055905018,-0.21742149,-0.28226748,0.0,0.015820483,0.0,0.13023707,0.0,-0.010829004,0.0,0.06554908,0.0,-0.013177646,0.0,-0.061406005,0.10820026,-1.857203,0.0031304457,-0.25170913,-0.21345125,0.017831322
-0.030449523,-0.3132429,0.0235622,-0.2833344,0.014762405,0.079743415,0.028997459,-0.02838341,0.0,0.05007553,0.3717464,0.07912877,0.0,0.07742148,0.0,0.0932068,0.0,-0.00040964904,0.0,0.15968479,0.0,-0.06275825,0.0,0.10459643,0.21969981,0.3788479,0.09931279,-0.005558401,0.23893549,-0.003746801
-0.028802989,-0.52341306,-0.015363002,-0.4489986,0.013138623,-0.047712777,0.018535811,-0.024109127,0.0,0.032493845,0.42065313,0.07267696,0.0,0.07720958,0.0,0.04157917,0.0,0.0283225,0.0,0.13890721,0.0,0.08760612,0.0,-0.09361924,0.27000305,0.39714032,0.121113315,0.013248422,-0.19066393,-0.005878848
-0.08086897,1.1885833,0.057930045,0.6457385,-0.00058685185,-0.0017862408,0.06828673,-0.029508844,0.0,-0.0013954359,-0.41671035,-0.2707511,0.0,0.038851798,0.0,0.024211513,0.0,-0.013763722,0.0,0.08283597,0.0,-0.07697941,0.0,-0.06066485,0.25613794,0.32938918,-0.19716239,0.036053002,-0.24327688,0.10776993
-0.033330586,0.39574227,0.016157376,-0.029502025,-0.03223629,-0.0015343283,0.039607845,-0.042839397,0.0,-0.03614199,0.44839922,0.09467718,0.0,0.066533946,0.0,0.060986266,0.0,-0.006277137,0.0,0.10802164,0.0,0.0817904,0.0,0.08912015,0.19429602,0.39337304,0.11543824,0.0011163764,0.12029718,-0.0053272108
-0.17233367,-0.5325025,-0.10758156,0.76746464,-0.059252594,0.61397535,0.08468957,-0.033286557,0.0,0.017620988,0.1861074,0.03921591,0.0,-0.25314257,0.0,-0.40288007,0.0,0.01743957,0.0,-0.017044332,0.0,0.04569654,0.0,0.027010292,0.014373038,-1.8568121,0.051683072,-0.02465326,-0.11041979,0.00796599
-0.08446711,0.53771275,-0.65488774,0.029848952,-0.075020365,0.005305276,0.053597428,-0.014521467,0.0,-0.050113294,-0.41586432,-0.5604347,0.0,0.044651844,0.0,0.13918519,0.0,-0.018271621,0.0,0.03773195,0.0,-0.08494115,0.0,-0.06871773,0.25429744,0.31863678,-0.15791191,0.026755173,-0.15948276,0.0013428063
-0.057813954,-0.38225597,-1.0965533,-0.47687632,-0.02392451,-0.0039363788,-0.11084416,-0.052514695,0.0,-0.108360596,-0.43739936,-0.53027433,0.0,0.018833674,0.0,0.10204552,0.0,-0.010322669,0.0,0.042689435,0.0,-0.051686972,0.0,-0.08871837,0.22305703,0.25689298,-0.108191565,-0.028603282,-0.18015109,0.0003778576
0.08419006,-1.7999007,0.08982451,0.24767083,-0.080995165,0.29932886,0.045130245,-0.018670011,0.0,0.02615981,0.18367516,0.036731165,0.0,-0.3292146,0.0,-0.3685477,0.0,0.13302991,0.0,-0.19360974,0.0,0.015683223,0.0,0.036630508,0.09253276,-2.2125666,0.030306537,-0.026664753,-0.17799194,-0.0023860864
-0.15748271,-0.15600288,-0.056823853,0.72027105,0.09979061,0.25174204,-0.33955246,-0.02201303,0.0,-0.12830856,0.16216747,0.03759079,0.0,-0.3451085,0.0,-0.27012846,0.0,0.031743012,0.0,-0.03624772,0.0,0.051877603,0.0,-0.0058962116,0.040021393,-1.9824113,0.039410416,-0.009429265,0.05557447,0.006156474
-0.04380363,-0.86755663,0.011028739,0.20529148,0.04024144,0.084188424,0.0047695963,-0.021743499,0.0,-0.007791867,0.3801726,0.07150149,0.0,0.021718131,0.0,-0.11245594,0.0,0.030091062,0.0,0.16514273,0.0,-0.055639178,0.0,0.118022524,0.20542866,0.39083597,-0.34284392,0.023335941,-0.15725401,-0.005044395
-0.10608771,-0.24529658,-0.26220733,0.37968624,-0.115951546,-0.0779427,0.07488822,-0.023855284,0.0,-0.017672222,0.25177276,0.06409257,0.0,-0.21110731,0.0,-0.29752383,0.0,0.015983943,0.0,0.011754486,0.0,0.05201956,0.0,0.20331784,-0.5149284,0.3025214,0.045070764,0.014694356,-0.14639021,0.0075172717
0.034477685,0.2450277,-0.50163233,-0.1594421,-0.011958596,0.011900428,-0.07801793,-0.033041067,0.0,-0.08432121,0.3673489,0.072226904,0.0,0.09728283,0.0,0.09969333,0.0,-0.020412393,0.0,0.11958483,0.0,-0.06653915,0.0,-0.06437485,0.25397334,0.3827934,0.09317289,0.009309234,0.19424443,-9.674573e-05
-0.046812724,-0.4799975,0.63598394,0.082209945,-0.17516223,-0.002975579,0.10777653,-0.015975472,0.0,-0.057490632,0.23089047,0.058509566,0.0,-0.26041895,0.0,0.06597369,0.0,0.019354878,0.0,-0.5170376,0.0,0.08349367,0.0,0.11037018,-0.67073214,0.23579827,0.11938344,-0.000611518,0.18600336,0.0071890843
-0.07352359,-0.826849,-0.42646512,-0.12972271,0.027327403,0.19893253,0.055424128,-0.043279193,0.0,-0.16718726,-0.18362086,0.03816211,0.0,-0.14501517,0.0,0.04378521,0.0,-0.0045518624,0.0,-0.5572305,0.0,-0.041444708,0.0,-0.03647767,0.08727305,-1.6234357,0.07749784,-0.02321608,0.53458446,0.010195535
-0.00848434,-1.4210023,-0.43944293,0.10844745,0.050809678,0.07436989,0.0027211176,-0.019206233,0.0,0.070447996,-0.185795,0.037339818,0.0,-0.17809197,0.0,-0.029578688,0.0,0.067857504,0.0,-0.5015015,0.0,0.07777153,0.0,-0.03853428,0.093818456,-1.7459952,-0.10224141,0.084934205,-0.2365649,0.008138352
-0.049500592,1.1529331,-0.08149923,0.1760036,0.005235318,-0.0005224845,0.04013742,-0.04246847,0.0,0.06969189,0.33794695,0.08564255,0.0,0.11143922,0.0,0.030070849,0.0,-0.008323168,0.0,0.17710532,0.0,-0.04008503,0.0,-0.062261358,0.27648786,0.40158147,0.0969895,0.0074121812,0.27917898,0.005653496
-0.032004766,-0.5858425,-0.85617805,-0.52675074,-0.09147073,-0.10589804,-0.12256163,-0.030475281,0.0,-0.0518849,-0.21988936,-0.35165888,0.0,0.039011884,0.0,0.12954724,0.0,-0.010759751,0.0,0.061602622,0.0,-0.034475766,0.0,-0.065009765,0.10990668,-1.7856866,0.028432457,0.007680538,-0.18415625,-0.015200224
0.0054588015,-1.4078623,-0.1491639,0.0111805275,0.09612843,-0.020941867,-0.010577354,-0.033317707,0.0,0.067934565,-0.18737352,0.03878595,0.0,-0.25420636,0.0,-0.0648691,0.0,-0.014430555,0.0,-0.500321,0.0,0.04433365,0.0,0.044245802,0.0701708,-1.8749307,0.04228565,-0.009993889,-0.19298959,0.00796599
-0.022524675,-0.71134794,-0.3400336,0.018394016,-0.055462595,-0.035063423,-0.08291902,-0.018191362,0.0,0.114127986,-0.18520688,0.03788907,0.0,-0.14085053,0.0,-0.011414318,0.0,0.035273764,0.0,-0.36369142,0.0,0.05687908,0.0,0.048711345,0.06964648,-1.6882335,-0.07721798,0.092950165,-0.20442653,0.008623324
-0.05769614,0.5622923,-0.17157444,0.020069089,0.0007579548,-0.0123820575,0.029729865,-0.028565187,0.0,0.11092939,0.32611975,0.07093407,0.0,0.1451537,0.0,0.15002072,0.0,0.00373824,0.0,0.101303905,0.0,-0.046800967,0.0,-0.07857684,0.29858688,0.3949583,-0.21088628,0.0051683467,-0.13722444,0.03682696
0.27048323,-1.3773527,-0.6165367,0.26494053,-0.06877002,-0.16158232,0.0242888,-0.037957825,0.0,0.014778861,0.1626872,0.04230423,0.0,-0.3192441,0.0,-0.25353593,0.0,-0.02791693,0.0,0.12692927,0.0,0.03607471,0.0,0.038978178,0.14268269,-2.589249,0.0018501105,-0.021090113,0.32652706,-0.0022091016
0.15152374,-0.7150756,0.13063584,-0.08306694,-0.0062863245,0.059175897,0.030542182,-0.023774574,0.0,-0.12170911,0.35142013,0.06961283,0.0,-0.23881985,0.0,0.014998956,0.0,0.02732204,0.0,0.14589824,0.0,0.07305282,0.0,0.076104686,0.21679711,0.35362646,0.077585965,-0.0030327078,0.25124705,-0.006837677
0.005477989,0.41708747,0.22912197,-0.1841269,0.026528176,-0.010075171,0.049599223,-0.011731034,0.0,-0.10339768,-0.35766625,0.11867182,0.0,0.042229157,0.0,0.09056739,0.0,-0.026040241,0.0,0.06904684,0.0,-0.05858289,0.0,-0.07138115,0.2416465,0.33708254,-0.21846752,-0.017898863,-0.16101547,0.012710203
-0.029908933,-0.013489686,-0.28279695,-0.12374665,-0.002301462,0.015033852,-0.16345353,-0.06064376,0.0,-0.13083602,-0.39676124,0.115252934,0.0,0.029762974,0.0,0.13678865,0.0,-0.020002728,0.0,0.10607319,0.0,-0.04550057,0.0,0.08720355,0.18619351,0.29334426,-0.22341965,-0.00023011368,0.21169204,0.00055924617
-0.042562194,-0.44408607,0.13856919,-0.21511297,0.04647249,0.07863061,-0.10420151,-0.030659804,0.0,-0.028150635,0.25421804,0.058670074,0.0,-0.235155,0.0,-0.26416293,0.0,0.04068387,0.0,0.11500084,0.0,-0.09483239,0.0,0.20724162,-0.6104785,0.16740334,-0.20968139,-0.0136167705,-0.081514396,-0.015287396
-0.050726682,0.18602023,0.1573759,-0.22486459,0.11216013,-0.005771012,-0.17324692,0.18973556,0.0,-0.0661586,-0.20944934,0.07586564,0.0,-0.17679767,0.0,-0.1651664,0.0,0.29096368,0.0,0.12986206,0.0,-0.046609815,0.0,-0.06241899,0.10254026,-2.2591448,-0.19625807,0.026367202,-0.17007113,-0.03765301
-0.045764226,-1.0231801,0.6935735,0.11845859,-0.17047355,-0.108845145,0.062308695,-0.008283561,0.0,0.048287477,0.2449462,0.07532514,0.0,0.056623492,0.0,0.109229535,0.0,-0.0017750319,0.0,-0.3653177,0.0,0.060087785,0.0,0.22059987,-0.6613628,0.25599518,0.1320729,0.016529955,-0.12778123,-0.005128056
-0.0017928085,-0.9790132,-0.006824027,-0.18366586,-0.05074205,-0.004070597,0.048292097,-0.014926428,0.0,0.13605,-0.2051261,0.038105298,0.0,-0.21633855,0.0,0.09301191,0.0,0.026882261,0.0,-0.37998334,0.0,0.013720537,0.0,0.049950782,0.06470749,-1.7719127,0.052007087,0.057979595,-0.225152,0.00824874
0.17934301,0.18350244,-0.28639045,-0.12416914,0.053690553,-0.044491068,0.037842073,-0.059888855,0.0,-0.017296227,-0.4231549,0.10411074,0.0,-0.10857445,0.0,-0.16164099,0.0,-0.003848447,0.0,0.086286895,0.0,-0.049365126,0.0,-0.08306867,0.19389111,0.32230654,0.10483879,-0.0025851922,-0.1631696,-0.008910879
-0.0016501467,-1.7624062,-0.114694506,0.11570265,-0.05883072,0.014896026,-0.033311218,-0.026031805,0.0,0.12819302,-0.21038927,0.038459484,0.0,-0.2557192,0.0,0.10253167,0.0,-0.0029532304,0.0,-0.47030425,0.0,0.057370577,0.0,0.048461147,0.073739454,-1.7734087,0.047176894,-0.00961092,-0.24697249,0.009620417
0.09265543,-1.5133994,-0.92783546,-0.6920759,0.027105846,0.02604129,-0.0016977484,-0.06330052,0.0,0.04759107,-0.21386044,-0.40333652,0.0,0.06255618,0.0,-0.12674938,0.0,0.0657649,0.0,0.13030393,0.0,-0.064065814,0.0,-0.06606088,0.16074418,-1.6050764,-0.017382193,-0.01860358,-0.32002464,0.02953995
0.16301121,1.2411717,0.11678975,0.1624329,-5.2410178e-05,0.00044456412,0.040712103,-0.038919747,0.0,-0.068001114,0.35090742,0.09406043,0.0,0.09522648,0.0,0.030973395,0.0,-0.013195023,0.0,0.16222046,0.0,0.05339835,0.0,-0.05608792,0.2678635,0.40916386,0.069650665,0.008743622,0.27422705,0.0038034501
-0.032225937,-0.11501285,-0.4078333,-0.36527604,0.044221558,0.013138449,0.02896532,0.25757477,0.0,-0.085827015,-0.3704726,0.09077941,0.0,0.023882147,0.0,0.13843213,0.0,-0.0022006594,0.0,0.11821308,0.0,-0.07332625,0.0,-0.09846395,0.21759945,0.2703186,-0.22876266,-0.012075717,-0.21211576,0.010638224
0.009395595,0.5164975,0.27045482,-0.16700682,-0.0019328473,-0.01869108,-0.14949688,-0.026529292,0.0,0.08634715,0.3680867,0.081289776,0.0,0.1547898,0.0,-0.2357119,0.0,-0.014409755,0.0,0.089854784,0.0,-0.06474746,0.0,-0.08037695,0.252122,0.39182526,0.14807905,-0.00024052069,0.15847833,-0.003505864
-0.080794066,1.1726363,-0.27063477,0.8527608,-0.027427357,0.00553659,0.06851071,-0.03969632,0.0,-0.0008831468,-0.43059334,-0.27960125,0.0,0.054335758,0.0,-0.013332064,0.0,-0.016179534,0.0,0.08303594,0.0,-0.06335626,0.0,-0.06336626,0.24059899,0.3493598,0.13190335,-0.003994468,-0.22802556,0.10086995
-0.04423406,1.3081698,-0.10523424,-0.13461475,-0.019708479,-0.0023394427,0.04745963,-0.035946313,0.0,0.010473525,-0.33465964,0.1577209,0.0,0.080543935,0.0,0.07590173,0.0,-0.015216121,0.0,0.122671016,0.0,-0.07077385,0.0,-0.060026687,0.2559377,0.34323892,-0.19854814,-0.00067724794,0.31179464,0.01986336
0.13822234,-0.27557665,-0.29697043,-0.10164123,0.050368324,0.028447095,0.017503241,0.460849,0.0,-0.056540713,-0.32603547,0.07999307,0.0,-0.0030909483,0.0,0.030978447,0.0,0.036955375,0.0,0.2693421,0.0,0.07990921,0.0,0.10312401,0.12231709,0.2859062,0.16666962,-0.0060377647,0.32211682,-0.014151392
0.1395712,-1.3176619,-0.11399164,0.45760015,0.08941687,-0.040321752,0.018361686,-0.0246587,0.0,0.049426466,0.18144354,0.041536905,0.0,-0.111684054,0.0,-0.4100923,0.0,0.059189316,0.0,-0.007787657,0.0,0.08006458,0.0,0.025733756,0.012260565,-2.0673566,0.024227401,0.014370496,-0.19712757,-0.004118691
-0.058330946,-0.8781534,-0.1843395,0.14464359,0.04021241,-0.047469493,0.04457281,-0.070537254,0.0,-0.074570656,-0.17220654,0.043815307,0.0,-0.06936899,0.0,-0.008117951,0.0,0.024779428,0.0,0.2009824,0.0,-0.033363443,0.0,-0.061733693,0.08840384,-1.7962564,-0.11283853,-0.023827761,0.6404601,0.009647161
-0.03965611,-0.50646627,-0.24452057,-0.20851512,-0.060940336,0.1131541,-0.1629787,0.1615774,0.0,-0.1008107,-0.36786327,0.0736207,0.0,0.059536695,0.0,-0.0011110227,0.0,-0.005177212,0.0,-0.38025326,0.0,-0.045170438,0.0,-0.06990867,0.20295003,0.30040362,0.059376083,0.0104834605,-0.20375128,0.0014375334
-0.02527868,-0.5548663,-0.4019226,-0.26117942,-0.090947405,0.08702325,-0.13084789,0.09952903,0.0,-0.1128657,-0.18083194,0.03638012,0.0,-0.10186171,0.0,-0.08914618,0.0,0.0057603763,0.0,-0.4101708,0.0,-0.05477289,0.0,-0.041429266,0.09583467,-1.8119513,-0.0834077,0.020033445,-0.29139858,0.013502091
-0.06566128,-0.3145416,-0.65998167,-0.044984035,0.021786787,-0.16659151,-0.058440994,-0.05366824,0.0,0.04319256,-0.22012423,-0.37225273,0.0,0.0030822093,0.0,0.14649501,0.0,-0.009639411,0.0,0.037363097,0.0,-0.028566472,0.0,-0.06098124,0.11064917,-1.8149978,-0.00029323032,-0.010294994,-0.19735986,0.009158321
-0.07138371,-0.28180492,-0.10443359,-0.50146604,0.104266144,0.09272219,-0.13821921,0.21998835,0.0,-0.1310899,-0.21983777,0.058243502,0.0,-0.076252796,0.0,-0.049091034,0.0,-0.01598962,0.0,-0.6001414,0.0,-0.086285606,0.0,-0.10527993,-0.83202857,0.21642224,-0.17219307,0.006565706,0.36248472,0.013282594
-0.043440837,-0.6575285,-0.5092956,-0.347562,0.024606293,-0.07948619,-0.009156326,-0.04564985,0.0,-0.053288613,-0.23190431,0.056086767,0.0,-0.112533815,0.0,-0.10929278,0.0,0.0011568235,0.0,-0.4649494,0.0,0.112506784,0.0,-0.10751663,-0.5934651,0.22201589,-0.3038831,-0.005394436,0.38961145,0.007470123
0.00017348514,-1.2203805,-0.18905762,-0.72471416,0.021012548,-0.0064367857,-0.0014748683,-0.051349737,0.0,-0.08969488,-0.20789947,-0.22874156,0.0,0.06163427,0.0,-0.0903093,0.0,0.058209218,0.0,0.12703773,0.0,-0.038174644,0.0,-0.06386805,0.16749722,-1.6849965,-0.1287426,-0.15648852,-0.33048072,0.0039699953
-0.043423723,1.1820441,-0.2722209,0.25006706,-0.00097544305,0.0047171824,0.0559479,-0.053307965,0.0,-0.022250388,-0.3485427,0.15909526,0.0,0.08717963,0.0,0.03911938,0.0,-0.017077725,0.0,0.14906085,0.0,-0.028142523,0.0,0.07700119,0.21108054,0.3555239,0.076203,0.0008339558,0.33898473,0.008409752
-0.045153856,-0.387425,-0.38112414,-0.39775565,-0.0128385965,0.15944925,0.018538894,-0.060603924,0.0,0.016014112,-0.20789947,-0.33232117,0.0,0.018554818,0.0,0.11136697,0.0,-0.004894566,0.0,0.02475389,0.0,-0.025178593,0.0,-0.06443695,0.11492424,-1.7150708,-0.11423207,0.065971375,-0.16747986,-0.0074839024
-0.030930452,-0.48617262,0.14892517,0.14636923,0.01085016,0.029767027,0.025756575,-0.029270725,0.0,0.011305811,0.3574769,0.075110115,0.0,0.085628964,0.0,0.042476602,0.0,0.00036997802,0.0,0.09740548,0.0,-0.048370194,0.0,-0.07780605,0.23415394,0.36665934,0.17820022,-0.018070202,0.26101315,-0.0050246418
-0.021325681,-0.6102106,-1.0313416,0.421663,0.09951984,-0.036684144,0.06088824,-0.016845293,0.0,0.0362466,0.34160852,0.06042716,0.0,-0.30014428,0.0,-0.23060821,0.0,0.01879958,0.0,-0.036606252,0.0,0.03209188,0.0,0.03768049,0.13256879,0.32912093,0.06762609,-0.009547682,0.20776121,0.00789029
-0.046387624,-0.41869104,-0.44312263,-0.44508657,0.016305141,-0.09749754,-0.05737777,-0.047172822,0.0,0.053083163,-0.21163544,-0.3800716,0.0,-0.008845328,0.0,0.08213553,0.0,-0.00987417,0.0,0.011778926,0.0,-0.020496357,0.0,-0.06373589,0.11064917,-1.9008371,-0.1025544,0.07791148,-0.16929851,-0.0071073174
0.07872913,-1.135411,-0.24858703,-0.40729493,-0.04506138,0.026533877,-0.114424884,-0.02368184,0.0,0.08056986,0.40216917,0.07750669,0.0,0.058359385,0.0,0.029414572,0.0,0.02987426,0.0,0.12817852,0.0,-0.07257769,0.0,0.10236152,0.20944567,0.3855274,0.09560538,0.046189874,-0.25671384,-0.0026987542
-0.031394325,0.4411356,-0.07917826,-0.058876753,0.016202264,0.00029399895,-0.21773547,-0.026256906,0.0,-0.07197974,-0.39042437,0.13846049,0.0,0.08321546,0.0,0.06288446,0.0,-0.036918186,0.0,0.07639386,0.0,-0.011038619,0.0,-0.071646646,0.22569501,0.3539387,0.09042678,0.00014846819,-0.15540363,0.017067537
-0.07379511,-0.44834998,-1.2740085,-0.6672592,0.047052648,-0.013201715,-0.08355169,-0.06744768,0.0,-0.017802343,-0.289271,-0.6115958,0.0,0.0131982695,0.0,0.011705387,0.0,-0.008519788,0.0,0.06375094,0.0,-0.096515186,0.0,-0.25369465,-0.86355156,0.18680082,0.039515052,-0.024537604,-0.16717356,0.0024613594
0.01657124,-0.7658521,-0.43018916,-0.54425997,-0.01296203,-0.019669248,-0.10384834,0.3606694,0.0,-0.024628226,-0.1427531,0.055729527,0.0,0.041256327,0.0,-0.022461468,0.0,0.06297384,0.0,0.17344423,0.0,0.071573004,0.0,0.073486485,0.07179126,-2.0336354,0.05673586,-0.052360352,-0.35965484,-0.0030749692
0.13017881,0.26143682,-0.16741706,-0.019118108,-0.006123323,0.024579262,0.036403183,-0.040478468,0.0,-0.11473914,0.3839103,0.07493162,0.0,-0.15760691,0.0,0.14479187,0.0,-0.0043643187,0.0,0.12247989,0.0,-0.05923477,0.0,-0.066829644,0.26540145,0.3688701,-0.15217562,0.005344023,0.18276815,-0.011075657
0.024325285,-1.5919285,0.5663041,0.7339214,-0.0755018,0.27812728,-0.0015583573,-0.03541158,0.0,0.048627198,0.1861074,0.03736445,0.0,-0.26933372,0.0,-0.07056959,0.0,-0.02092524,0.0,0.22004874,0.0,0.045937143,0.0,-0.053167164,0.29500532,-1.6326872,0.09258992,-0.02055624,-0.24065723,0.00796599
-0.043884087,-0.74890643,0.21131903,-0.14105992,0.008033312,-0.04779936,0.019101195,-0.031148406,0.0,0.03374491,0.35093573,0.078123555,0.0,0.07678169,0.0,-0.011748934,0.0,-0.00013122876,0.0,0.15524252,0.0,-0.04809405,0.0,0.10448788,0.20711903,0.36202392,0.13683233,-0.012595901,0.24823219,-0.0042931736
0.16301121,1.2563115,-0.37165636,0.29120094,0.0005654293,0.0048309965,0.03591588,-0.037206095,0.0,-0.028674982,0.33794695,0.0824491,0.0,0.05293197,0.0,0.027140817,0.0,-0.010505211,0.0,0.162603,0.0,-0.0376355,0.0,-0.056385625,0.2816251,0.39820454,0.08109981,0.008517029,0.31522533,0.0066092946
-0.046970353,-0.30732116,-0.1272136,0.3557426,0.031161485,-0.065146744,0.022719083,-0.04296527,0.0,-0.12071403,-0.39941236,0.06061641,0.0,-0.18551171,0.0,0.15643558,0.0,0.0076562325,0.0,-0.40251812,0.0,-0.049025916,0.0,-0.046885602,0.1748939,0.2920612,0.038434215,-0.0026309106,0.31928086,0.010489456
-0.030156698,0.24379933,0.193363,-0.3551139,-0.12102001,-0.031299908,0.058937773,0.15742785,0.0,-0.051951088,-0.4235053,0.10658227,0.0,-0.13394186,0.0,-0.39226532,0.0,0.03788384,0.0,0.086009465,0.0,-0.069690324,0.0,-0.074036464,0.20806095,0.31251118,-0.35515973,0.016042363,-0.16867724,0.012399887
-0.043733012,0.038442757,-0.12730767,0.096157014,0.012951666,-0.00777705,-0.18039104,-0.029133473,0.0,-0.08916839,-0.46691027,-0.37431616,0.0,0.03241055,0.0,0.12880512,0.0,-0.03252753,0.0,0.05444536,0.0,-0.06628654,0.0,-0.07643799,0.21605967,0.28311992,-0.18273276,0.016014226,-0.17399596,-0.03655096
-0.026303083,-0.68707955,-0.3141866,-0.059799854,0.12246701,0.10076856,-0.09710291,-0.026580855,0.0,0.008394388,0.40548402,0.07717024,0.0,0.07297192,0.0,0.079155475,0.0,0.04209478,0.0,0.117140524,0.0,-0.052458372,0.0,0.11480244,0.19919275,0.39984244,0.10892158,-0.01286778,-0.18324117,-0.0030008284
-0.023121491,-0.53542227,1.0098712,-0.56542575,-0.022873823,0.037285287,0.026723355,-0.028482212,0.0,0.16339125,0.35314685,0.085930735,0.0,0.075493656,0.0,0.21182436,0.0,0.0035929466,0.0,0.095427886,0.0,0.07123114,0.0,0.08149039,0.1948374,0.36217347,0.12330494,0.020773394,0.26736504,-0.005799516
-0.061793312,-0.3312165,0.24017245,0.57954234,-0.16585985,-0.09457574,-0.00072050677,-0.009729393,0.0,0.053963594,0.1803603,0.05023675,0.0,0.06746328,0.0,-0.3992242,0.0,0.0044300193,0.0,0.0792823,0.0,0.03448191,0.0,0.034861874,0.063910246,-2.081696,0.05045916,0.016366279,-0.15778428,-0.005627208
0.14411555,-0.30543408,-0.5340609,-0.79386246,-0.0009348872,0.08864064,-0.020309266,-0.069472596,0.0,-0.060572002,-0.4863571,0.067660116,0.0,-0.114329986,0.0,0.104730465,0.0,0.03167336,0.0,0.09504142,0.0,0.06916885,0.0,-0.08858283,0.19530284,0.30350834,-0.16499819,-0.0015237082,-0.2244142,-0.010467277
0.036752485,0.81821537,1.1734859,-0.38355437,0.10369721,0.03302707,0.047173057,-0.008330612,0.0,-0.09846664,0.39422697,0.099451005,0.0,0.14563882,0.0,-0.21358766,0.0,-0.011424238,0.0,0.057268653,0.0,0.08376526,0.0,0.0753787,0.22360621,0.3889466,0.19072334,-0.16349772,-0.10362329,-0.010873673
-0.025712917,-0.1954197,-0.50893646,-0.48497245,0.0011952745,-0.05801751,0.0043053967,-0.03868709,0.0,-0.03982902,0.36332497,0.06684414,0.0,0.040520735,0.0,0.07500752,0.0,-0.00050201616,0.0,0.15894853,0.0,-0.03583317,0.0,-0.07055527,0.26844618,0.3529758,-0.2577826,-0.0008623211,0.27700147,-0.0018747011
-0.048076887,-0.08962213,0.2164989,-0.33370194,0.029918881,0.007381112,0.037638545,-0.057208393,0.0,0.12867199,-0.43039548,0.09125305,0.0,0.056047115,0.0,0.06304281,0.0,0.040727872,0.0,0.07940876,0.0,-0.058439404,0.0,-0.092028104,0.20379232,0.32310593,0.09910877,-0.0014174411,-0.2007755,-0.044163164
-0.028422946,-0.65206563,-0.60187656,-0.47055715,0.045147568,-0.042386293,0.014549288,-0.06893048,0.0,-0.02011908,-0.29101458,0.08121943,0.0,0.05650932,0.0,-0.033249754,0.0,-0.00096835144,0.0,0.1596569,0.0,0.11416549,0.0,0.27658057,-0.51894563,0.27947214,0.14793019,-0.0022490928,-0.17643651,-0.0037411232
-0.029091012,-1.0608636,0.34639493,-0.16136436,-0.13269441,-0.050945427,0.075083554,-0.034639567,0.0,0.065997034,0.23771703,0.081375346,0.0,0.06798597,0.0,-0.22769082,0.0,0.010986852,0.0,0.14743127,0.0,0.08968294,0.0,0.14365692,-0.7339479,0.30402064,0.11426349,-0.006592628,0.2788864,-0.0034396588
-0.010383622,0.27518663,-0.15172173,-0.35850132,-0.086917646,0.0821517,0.02813202,-0.032492153,0.0,-0.10555322,-0.2575036,0.079660796,0.0,-0.39874345,0.0,0.08021568,0.0,0.036136333,0.0,-0.32357618,0.0,0.06401926,0.0,0.04124313,0.07582652,-2.374437,0.048784748,-0.0018041455,-0.1359688,0.018371265
-0.0077073947,-0.59549505,-0.84676915,-0.30092603,0.041133232,0.17366861,0.03125405,-0.038949955,0.0,-0.05698277,-0.18954553,0.04197602,0.0,0.055018544,0.0,-0.05063104,0.0,0.02382718,0.0,-0.3820259,0.0,0.056279548,0.0,-0.035721548,0.09647867,-1.6407422,-0.29058614,-0.030849101,-0.22980946,-0.0036188024
-0.03041158,0.26977107,0.8810293,-0.18391821,0.010900245,0.049983647,0.073853336,-0.014416984,0.0,-0.09034128,0.42252743,0.08401046,0.0,0.07414509,0.0,-0.15745555,0.0,0.052718796,0.0,0.07435593,0.0,-0.061880615,0.0,0.10774408,0.20447773,0.23634201,0.19697215,-0.003437592,-0.16253084,-0.0051039737
-0.0048291497,-0.84570414,-1.0562917,-0.40395853,0.022254828,-0.029833054,0.016829964,-0.063246615,0.0,0.00027912602,-0.21386044,-0.41473264,0.0,0.0069336267,0.0,-0.03762291,0.0,-0.0034376718,0.0,0.076318525,0.0,-0.04197506,0.0,-0.057840973,0.119969085,-1.1030512,0.22580388,0.017184567,-0.28993577,0.017933223
-0.06713528,-0.237744,-0.08740549,-0.36738148,-0.11347033,0.05258736,-0.13006416,0.2884283,0.0,-0.035243973,-0.35837474,0.06620682,0.0,-0.21672283,0.0,0.009294093,0.0,-0.0041763666,0.0,0.20126931,0.0,0.080307096,0.0,0.11750399,0.1327415,0.30901322,0.04742091,0.018447433,-0.21197034,0.009389022
-0.020703726,-1.4546894,-0.3909218,-0.10807229,-0.06754931,0.076669715,-0.04664652,-0.023878725,0.0,0.050715774,-0.19100136,0.03521302,0.0,-0.23572908,0.0,-0.04779923,0.0,0.044314165,0.0,-0.578379,0.0,0.076328196,0.0,-0.039826173,0.097068824,-1.7109603,-0.11030208,-0.03018891,-0.27111307,-0.09210153
-0.03994966,0.232711,-0.42938787,-0.05891946,-0.017175525,-0.003334554,0.03422486,0.23303543,0.0,-0.22080775,-0.25025287,0.10532349,0.0,0.030127073,0.0,-0.21488068,0.0,0.02516437,0.0,-0.5288737,0.0,0.13643663,0.0,0.096999444,-0.612396,0.24107651,-0.42747065,0.005362667,0.15588859,-0.00297032
-0.0031883398,-0.58089066,-0.6690673,-0.85736126,0.030067977,-0.011403581,-0.094211414,-0.045712393,0.0,0.06349389,-0.21759641,-0.42346382,0.0,0.0021374512,0.0,-0.03408092,0.0,-0.004478271,0.0,0.07030355,0.0,-0.054587264,0.0,-0.06495617,0.092339866,-1.7196172,0.0138869975,-0.011959603,-0.31531987,-0.0057750344
-0.017944498,-0.68893915,0.13023694,-0.13106336,0.09483331,-0.04859183,-0.16535638,-0.010539964,0.0,0.07192922,0.2465484,0.06689093,0.0,0.07154241,0.0,-0.1815645,0.0,0.0020546166,0.0,-0.38098714,0.0,0.11017326,0.0,-0.23328084,-0.8276695,0.17708792,0.08531832,0.056819748,-0.11832253,-0.0033950922
-0.03714037,0.22068562,-0.2920151,-0.086772844,0.0021599783,0.010268037,0.03847191,0.2740503,0.0,-0.17933278,-0.38754088,0.112678625,0.0,0.04519875,0.0,0.04225877,0.0,0.005566068,0.0,-0.5588946,0.0,0.08181414,0.0,0.06390851,0.13230433,0.3152514,0.107781135,0.008766245,0.18649834,-0.0025995215
-0.051227804,-0.3537469,0.96962357,-0.3054516,0.010623443,-0.01943808,0.028911749,-0.017914483,0.0,0.16414164,0.41478553,0.06831415,0.0,0.093798175,0.0,0.13170834,0.0,0.0024402475,0.0,-0.5869569,0.0,0.096969284,0.0,0.079472,0.1804618,0.33393863,0.1355724,0.015492056,-0.21049762,0.05484298
-0.029008266,-1.1880492,0.12773961,0.36229143,-0.12996872,-0.07964878,-0.1693257,-0.010222969,0.0,0.11513688,0.18092379,0.035448804,0.0,-0.20552109,0.0,-0.29412806,0.0,-0.008787142,0.0,-0.016664281,0.0,0.036456432,0.0,0.0320208,0.09383226,-2.5816383,0.04571494,0.0398127,-0.091180824,0.008623324
-0.044745788,0.08998254,-1.6912191,0.10109311,-0.018080465,-0.004038493,0.049454864,-0.023155957,0.0,-0.06334375,-0.4716452,-0.57541525,0.0,0.041224502,0.0,0.06948117,0.0,-0.031500775,0.0,0.03718324,0.0,-0.057219032,0.0,-0.07935055,0.20939907,0.2440089,0.2884523,0.013284103,-0.17728649,-0.019194487
-0.0515012,-0.44621888,-0.31764114,-0.25115508,-9.711541e-05,-0.07627552,0.019810578,-0.031507295,0.0,0.025041906,0.3459633,0.057149023,0.0,-0.17268632,0.0,-0.1823128,0.0,0.030475218,0.0,0.19663632,0.0,-0.077604376,0.0,-0.054129217,0.20205979,0.3249025,-0.33696264,-0.008033535,0.23691033,0.008270568
-0.08118799,0.22562617,-0.15160957,-0.30145845,0.012026025,0.011349872,0.054618273,-0.03879505,0.0,-0.0428816,-0.32405424,0.1430692,0.0,-0.56744826,0.0,0.081061624,0.0,-0.01903304,0.0,0.06369542,0.0,0.048768535,0.0,0.09976364,0.17272356,0.32995313,0.05840841,0.000972399,0.20732391,-0.0060212333
-0.029641563,0.21780244,0.44912633,-0.1718749,0.039742857,0.104031116,0.003494766,-0.027495146,0.0,0.03906973,0.40242052,0.07827058,0.0,0.03393339,0.0,0.102153346,0.0,0.00020074692,0.0,0.06616653,0.0,0.08788385,0.0,0.096196026,0.19894055,0.36215097,-0.29904622,-0.004622048,0.22861801,-0.0050700502
-0.039429847,1.3139572,0.19906914,0.22571832,0.0024100915,-0.0068910606,0.03500587,-0.03218306,0.0,-0.05056269,0.32364434,0.09273214,0.0,0.10689148,0.0,0.07307008,0.0,0.12722108,0.0,0.16085134,0.0,-0.07513343,0.0,-0.053635877,0.2971896,0.3915829,-0.22802639,0.0062518995,0.27375278,0.006259449
-0.047300015,1.3220448,-0.091119066,-0.08895156,-0.024964638,0.022512859,-0.17435402,-0.027727362,0.0,0.015094638,-0.37327075,0.1548132,0.0,0.068567716,0.0,0.15549724,0.0,0.1732933,0.0,0.15476817,0.0,-0.07320895,0.0,-0.05635913,0.26124316,0.35822812,-0.18085168,0.00084431714,-0.23984602,0.010832042
-0.046894047,1.1693006,-0.1228632,-0.19879635,-0.0055246,0.004692251,0.03651982,-0.022730496,0.0,-0.05879347,-0.3052472,0.14508386,0.0,0.09528814,0.0,0.038736686,0.0,-0.0035690041,0.0,-0.69453734,0.0,-0.057150707,0.0,-0.044296566,0.23803374,0.3535087,0.078799844,-0.00029837445,0.2273926,-0.0022771456
-0.030254325,-0.50244015,0.17052847,-0.31133938,-0.042555816,0.08465832,-0.08723046,-0.026041882,0.0,0.021567825,0.26927784,0.06908056,0.0,0.04552153,0.0,-0.14849922,0.0,0.032306254,0.0,0.14086111,0.0,-0.0823154,0.0,-0.21075945,-0.9703934,0.26912534,-0.23356746,-0.008397389,-0.19783871,-0.0035492033
0.16967472,1.0944958,-0.27516404,0.10298429,-0.0050350954,0.00043478774,-0.19934651,-0.034154683,0.0,-0.02907337,0.35451192,0.0824491,0.0,0.05235687,0.0,0.04177323,0.0,-0.024158167,0.0,0.14904973,0.0,-0.0376355,0.0,-0.048536293,0.2822079,0.39723384,0.08087141,0.008517029,0.26809832,0.005198855
-0.03153237,0.18485676,0.04087726,-0.6762272,0.024312865,-0.07223959,0.00092589896,-0.029471038,0.0,-0.080028385,0.40391788,0.06631801,0.0,-0.18160972,0.0,0.08464764,0.0,-0.0059228223,0.0,0.0763523,0.0,0.082379274,0.0,-0.070311904,0.22760774,0.35030186,-0.2945569,-0.00031751243,0.17825659,0.0063890703
-0.043752678,0.603113,-0.40880916,-0.14318411,-0.0006194534,0.00456749,0.039097194,-0.021197032,0.0,-0.08673171,-0.33149028,0.1294249,0.0,0.12520948,0.0,0.14559938,0.0,-0.0056747193,0.0,0.049831137,0.0,0.048858207,0.0,-0.07222637,0.24101998,0.3468553,-0.1842596,-0.022867585,-0.15309948,-0.0020288038
-0.02449577,-0.19887997,-0.77058226,-0.2906408,-0.05461322,-0.015660774,0.035485502,0.22301346,0.0,-0.07021624,-0.3456273,0.09024589,0.0,0.056610223,0.0,0.11806602,0.0,-0.0046568215,0.0,0.13247679,0.0,-0.06812601,0.0,-0.08184369,0.1815807,0.28640297,0.014866196,-0.030905668,0.28834435,-0.00054680614
-0.06481375,-0.33792856,-0.35535282,-0.17821905,-0.09302771,0.060491793,-0.0485472,0.15906762,0.0,-0.0794114,-0.19586952,0.03459347,0.0,-0.15169528,0.0,-0.34779826,0.0,0.009799153,0.0,-0.46578178,0.0,0.082159325,0.0,-0.042938232,0.091772966,-1.9286001,-0.23772584,0.0040321,-0.16078909,-0.029882785
-0.009699008,-0.7033783,-0.5742942,0.44016552,-0.07643607,-0.00068065897,-0.043174878,-0.046909474,0.0,0.047874846,-0.19122593,0.041568536,0.0,-0.19689323,0.0,0.033714987,0.0,-0.0029002682,0.0,0.03997998,0.0,0.064970896,0.0,-0.058034148,0.10982479,-1.53993,0.031385917,0.04718899,-0.3042206,0.010134923
0.0027617882,-1.4293586,0.1101586,0.05348232,0.061068308,-0.10664122,-0.018512664,-0.038520746,0.0,0.07073945,0.1626872,0.040839285,0.0,-0.28904593,0.0,-0.27169546,0.0,-0.027040455,0.0,0.25354618,0.0,0.057131495,0.0,-0.047241576,0.21041167,-2.0895731,0.042035192,-0.0031980344,0.332737,0.00789029
-0.032445755,0.05580981,-0.060152862,-0.5060059,-0.046880208,0.08060396,-0.0860156,-0.012707286,0.0,0.044745557,0.3033983,0.06753623,0.0,0.07240435,0.0,0.082858436,0.0,-0.0005519431,0.0,-0.324788,0.0,-0.09051989,0.0,0.21729927,-0.81835634,0.3172317,0.12393801,-0.007990398,-0.12329225,-0.0030008284
-0.03487379,0.5786571,1.096739,-0.15149534,0.0717319,0.030534405,0.024100782,-0.0056197625,0.0,0.0748445,0.43010867,0.065722905,0.0,-0.2904967,0.0,0.13501848,0.0,-0.041790664,0.0,-0.25048634,0.0,0.0698731,0.0,-0.048383247,0.24252976,0.28256762,0.09609675,-0.01816933,-0.12775323,0.0017418611
0.09787938,-0.46566203,0.1574858,0.060495935,-0.0017200877,0.07618788,0.015520171,-0.023176044,0.0,-0.02292838,0.3942719,0.07857383,0.0,0.074721545,0.0,0.02371821,0.0,0.00052832376,0.0,0.113088995,0.0,-0.049195502,0.0,0.11125849,0.20236608,0.40043622,0.10856637,0.014113431,-0.1654416,-0.014976357
-0.034167018,0.041304402,-1.2402662,-0.64094,0.0145561835,0.009961362,0.031645697,-0.05224936,0.0,-0.08899983,-0.28861123,-0.53156686,0.0,0.005645081,0.0,0.08361634,0.0,-0.0017667379,0.0,0.07658233,0.0,-0.103838205,0.0,-0.22504932,-0.8839803,0.17719972,-0.21319713,-0.027699187,-0.18695502,0.012732599
-0.07697289,0.11111089,-0.49754044,-0.07903047,-0.090132795,-0.0025092927,0.047810063,-0.024942156,0.0,-0.091959335,-0.3057755,-0.46267012,0.0,0.022279447,0.0,0.12410347,0.0,-0.007207158,0.0,0.040266067,0.0,-0.06063738,0.0,-0.108488254,-0.87507683,0.18350813,-0.2133436,0.030359767,0.34239924,0.032355733
-0.07945664,0.28569236,-0.121918105,-0.07237395,-0.0024655913,0.0073456457,0.051307958,-0.02583006,0.0,-0.06448196,-0.33510184,-0.45666027,0.0,0.04629971,0.0,0.07924342,0.0,-0.010845844,0.0,0.033099327,0.0,-0.062792726,0.0,-0.21220663,-0.9195147,0.21690476,0.075452656,0.03090223,-0.15427464,-0.021794062
0.11446017,0.123544976,0.19462621,-0.65024585,-0.00504185,-0.04729878,0.06862639,-0.029557569,0.0,0.08570344,0.42179203,0.08179583,0.0,0.07143168,0.0,0.029825997,0.0,-0.004783365,0.0,0.05864586,0.0,0.074594915,0.0,-0.07375922,0.22858772,0.36517587,0.14291911,-0.0030419643,0.2039084,-0.00850776
0.04773244,-1.6828736,0.66490734,0.29797384,0.15801045,0.08248292,0.01124185,-0.044950802,0.0,-0.021420822,0.23771703,0.08263541,0.0,0.107577935,0.0,-0.0897442,0.0,-0.028158078,0.0,0.12413368,0.0,0.053742994,0.0,0.17899637,-0.9391413,0.28789145,0.16523203,-0.008929381,0.25022903,-0.0036923462
-0.0020355096,-0.7285459,-0.91319585,-0.8341731,0.013240798,0.0111451065,0.01510294,-0.04930089,0.0,0.0768583,-0.20789947,-0.37500474,0.0,-0.0126556745,0.0,-0.043444257,0.0,0.0022055255,0.0,0.05507455,0.0,-0.05490001,0.0,-0.06466357,0.097798884,-1.7111906,0.013271032,0.030478533,-0.31990194,-0.00839056
-0.05276306,-0.13909438,-0.53303725,0.2517098,-0.004215767,0.035298288,0.013190585,-0.06329806,0.0,0.012449187,-0.43513373,0.0729556,0.0,-0.28844526,0.0,0.13562964,0.0,0.038690027,0.0,0.0458779,0.0,-0.052557975,0.0,-0.09116232,0.20120004,0.30462974,0.06571229,-0.0070333523,-0.24636407,-0.049658336
-0.07237772,-0.53024006,-0.33515665,-0.3439925,-0.023960648,-0.097317964,-0.04282935,-0.04104163,0.0,-0.0721874,-0.2070087,-0.2782878,0.0,0.004184865,0.0,0.108738914,0.0,-0.009937282,0.0,0.056623466,0.0,-0.03393057,0.0,-0.06378948,0.11398278,-1.7231501,-0.16091567,0.016806714,-0.16934118,-0.014799371
0.014469383,-1.001876,0.27928677,0.2843293,-0.0875933,-0.05082118,-0.1067739,-0.016822323,0.0,0.0691217,0.25374907,0.06409257,0.0,-0.25972924,0.0,-0.06908714,0.0,0.06376874,0.0,0.10925958,0.0,-0.14560373,0.0,0.23318578,-0.6676798,0.29564056,0.08034634,0.023986686,-0.18918245,0.0099465735
-0.028945424,0.2564415,0.29519373,0.14265285,-0.027405633,0.002068532,0.060071837,-0.033412833,0.0,-0.06589081,-0.42403626,0.12004316,0.0,0.045713402,0.0,0.10959242,0.0,-0.038781203,0.0,0.055285294,0.0,-0.05421419,0.0,-0.0760346,0.21321416,0.31831402,0.1038238,-0.0064936145,-0.16165997,0.022809347
-0.09205922,0.36500144,-0.43942553,-0.045072436,0.008013088,0.0067161163,0.04958456,-0.027305195,0.0,-0.036748677,-0.31139234,-0.5386065,0.0,0.033775467,0.0,0.041321494,0.0,-0.022634445,0.0,0.04946215,0.0,-0.07630432,0.0,-0.23584111,-0.93760586,0.22542548,0.083140895,-0.0037590908,-0.1373935,-8.190097e-05
-0.030817512,-0.4883193,0.16403505,-0.5536311,0.039565362,-0.041005522,0.039779663,-0.061482184,0.0,-0.032116324,-0.41012627,0.083520174,0.0,0.041066024,0.0,-0.015407439,0.0,0.0022176732,0.0,0.1221709,0.0,-0.048659265,0.0,-0.09199683,0.20218976,0.2921163,0.108629435,0.014046969,-0.23669754,0.0069077467
-0.044904478,-0.42704058,-0.084145606,-0.60366505,0.003978573,0.1702284,0.017357064,-0.06773806,0.0,0.095241025,-0.19256255,-0.25378892,0.0,0.013617963,0.0,0.08635285,0.0,-0.002965778,0.0,0.12969132,0.0,-0.030518373,0.0,-0.05994644,0.1069525,-1.4848478,-0.10840343,0.0193097,0.51156944,0.04039609
-0.10043525,-0.93954504,0.63328063,0.28352225,0.16416232,-0.050245553,0.0512307,-0.036847163,0.0,-0.043627426,0.23771703,0.0854354,0.0,0.08530248,0.0,-0.11390363,0.0,-0.00035092514,0.0,0.012277467,0.0,0.052935105,0.0,0.17930783,-0.77626246,0.2845243,0.10800253,-0.0055265813,0.22226325,-0.006700799
-0.038724873,-0.457589,0.48782846,0.22302617,-0.15166666,0.055665974,0.07345431,-0.03041268,0.0,0.014854098,0.35079098,0.0809988,0.0,0.08418458,0.0,-0.24120754,0.0,0.019738793,0.0,0.11517342,0.0,0.046029914,0.0,0.083111234,0.19161488,0.3470279,0.18051651,-0.010448725,0.2423717,-0.005679231
-0.028128102,-0.39652446,-0.5350557,0.2797524,0.0025932493,-0.11518807,0.022154666,-0.026068758,0.0,-0.04834994,-0.18684278,0.04850896,0.0,0.0559717,0.0,-0.22433373,0.0,0.0007870317,0.0,-0.41819987,0.0,0.03276881,0.0,-0.042930204,0.09009055,-2.1574278,0.06525426,0.06460425,-0.16193433,-0.004296757
-0.02898035,-0.078082755,-0.587896,-0.34787607,-0.017065423,-0.039094277,-0.104127064,-0.041609377,0.0,-0.113120586,-0.21767892,-0.21811631,0.0,0.025566079,0.0,0.1284434,0.0,-0.009055555,0.0,0.07893228,0.0,-0.039008778,0.0,-0.060532957,0.10279596,-1.9629674,-0.105322525,-0.015555323,-0.1790559,0.0050678453
-0.04607931,-0.34801057,0.3578318,-0.26150236,-0.01710603,0.022848211,0.029429235,-0.03336204,0.0,-0.019689037,0.4216121,0.07518872,0.0,0.09303598,0.0,-0.102692276,0.0,0.00048305187,0.0,0.16951598,0.0,0.1121714,0.0,0.08386163,0.1707514,0.42045468,0.17742622,-0.0058156718,-0.14544122,0.057574227
-0.025100159,0.36842194,-0.1667718,0.036173012,0.00663439,-0.010102089,0.038044363,-0.030903552,0.0,-0.13270105,0.33290982,0.07890402,0.0,0.034706872,0.0,0.08212962,0.0,-0.0036523459,0.0,0.107309364,0.0,-0.06359302,0.0,-0.06859577,0.27425748,0.36100045,-0.24957627,0.0049633877,0.18201937,-0.0030659058
0.00089379685,-1.2998109,-0.14480194,0.16261366,0.07336806,-0.051577903,-0.056839574,-0.05142299,0.0,0.06909555,-0.195239,0.054992408,0.0,0.0454009,0.0,-0.06850792,0.0,0.075164184,0.0,0.12404009,0.0,0.0842738,0.0,0.06283416,0.07007675,-1.8442707,-0.13724782,-0.01793881,-0.24622858,-0.005015615
-0.04248332,1.1957382,-0.15183398,0.06932801,-0.0045900783,-0.0068910606,0.04656242,-0.032253474,0.0,-0.0012321648,0.35072663,0.07804344,0.0,0.0633661,0.0,0.06459742,0.0,-0.009482728,0.0,0.13912138,0.0,-0.077088155,0.0,-0.05677235,0.3108105,0.4037172,-0.19662818,0.0060378164,-0.20673433,0.022523366
-0.08316317,0.18789423,-0.9585992,-0.16581176,0.0009838277,0.0077917334,0.047156543,-0.016017832,0.0,-0.07378219,-0.43418658,-0.56108546,0.0,0.02135811,0.0,0.05196839,0.0,-0.010368794,0.0,0.053058177,0.0,-0.036464542,0.0,-0.07162313,0.20788611,0.30344027,0.10727578,-0.010043805,-0.1435863,0.00912699
-0.025480181,0.30048805,-0.51552653,-0.078583166,-0.007479147,0.0066124313,0.020338662,-0.04419996,0.0,-0.12018075,0.40178442,0.08418212,0.0,0.05877249,0.0,0.057500694,0.0,-0.005463766,0.0,0.1177835,0.0,-0.05922424,0.0,-0.069354005,0.25091246,0.37093213,0.095737636,0.0073297312,0.1866214,-0.0014619753
-0.031700056,-0.15560831,-0.582673,-0.29684013,0.010367379,0.011437821,-0.055460516,-0.023232333,0.0,-0.014464361,-0.20166217,0.035312694,0.0,-0.15495786,0.0,0.013091314,0.0,0.049698777,0.0,-0.28705594,0.0,0.040499143,0.0,-0.04088273,0.104639396,-1.9812461,-0.13499895,0.021131039,-0.1696728,0.009045218
-0.003235433,-0.45444825,-0.746645,-0.97659147,0.03011731,-0.010099189,-0.06656458,-0.041813754,0.0,0.07200788,-0.21268323,-0.40686935,0.0,0.0125601385,0.0,-0.049405858,0.0,-0.004478271,0.0,0.057040233,0.0,-0.04038037,0.0,-0.06495617,0.09317273,-1.716451,0.03938528,0.045974474,-0.28915077,-0.006223753
0.45219517,0.4936482,-0.37815616,-0.23259622,-0.056817386,0.0030830055,0.037174806,0.1238123,0.0,-0.0116273025,-0.2859627,0.16218859,0.0,0.039914586,0.0,0.10982457,0.0,-0.015057212,0.0,0.10274428,0.0,-0.09817321,0.0,-0.06782176,0.232457,0.31683707,-0.101638466,0.0054028304,0.22141391,-0.003368823
-0.02492541,0.3713505,0.45275685,0.46669292,-0.048316374,0.04965067,0.03719208,-0.04102719,0.0,-0.086222254,0.4510885,0.09467718,0.0,0.06820229,0.0,0.18331619,0.0,0.03857132,0.0,0.103634216,0.0,0.07955376,0.0,0.057828996,0.18451115,0.26698777,0.13323592,0.0019391624,0.0030526533,-0.0053272108
0.09056531,-1.276895,-0.40064836,-0.34727532,-0.008382588,0.0456229,-0.017806418,-0.045976244,0.0,-0.06674182,-0.21163544,-0.24709299,0.0,0.026467744,0.0,-0.13604267,0.0,0.03652487,0.0,0.12945683,0.0,-0.042226486,0.0,-0.05986087,0.16459325,-1.6942943,-0.13746338,-0.2663745,-0.330002,0.012087118
-0.060716536,-0.34311515,-0.81308436,-0.68842787,-0.015142117,-0.10358155,-0.09550403,-0.05262378,0.0,0.11724606,-0.21538597,-0.34109676,0.0,0.01666621,0.0,0.099836275,0.0,-0.008956867,0.0,0.062307257,0.0,-0.02652508,0.0,-0.06294037,0.11398278,-1.8471702,-0.07896454,-0.008124113,-0.15445401,-0.001827776
-0.07786611,-0.51392925,-1.6095557,-0.31224433,-0.020552414,-0.064374566,-0.0394196,-0.04104163,0.0,-0.07199016,-0.2070087,-0.3639485,0.0,-0.0014497507,0.0,0.095742345,0.0,-0.009937282,0.0,0.05695752,0.0,-0.032535486,0.0,-0.059798628,0.11398278,-1.3532449,-0.28162488,0.0018294388,-0.13954832,-0.015654547
-0.031526625,0.18314803,0.07781759,-0.018667815,-0.0020468966,-0.004449507,0.034066547,-0.03002835,0.0,0.07166173,0.3656452,0.06455584,0.0,-0.76156497,0.0,0.082606,0.0,-0.009668901,0.0,0.06471522,0.0,-0.06538974,0.0,-0.07801309,0.2503197,0.37325212,0.052045505,0.002396482,0.16083972,-0.005960953
-0.046942357,-1.3069129,-0.102810666,-0.098623276,0.07872003,-0.059092402,-0.18916519,-0.009331157,0.0,0.08977556,0.38000575,0.06950999,0.0,0.06764531,0.0,-0.2357931,0.0,0.011234811,0.0,-0.44102728,0.0,0.0984934,0.0,-0.07313704,0.23981263,0.36148185,0.107598506,0.056819748,-0.19054736,-0.0033950922
-0.013562334,-1.3321007,-0.7184161,-0.49150476,0.08777711,-0.04473052,0.0038833758,-0.048532665,0.0,-0.08396542,-0.21538597,-0.31922483,0.0,0.00817216,0.0,-0.029081052,0.0,-0.10329132,0.0,0.08062242,0.0,-0.10550347,0.0,-0.029700087,0.09957733,-1.5653919,-0.064591944,0.031780172,-0.28603533,-0.016178964
-0.0031020062,-1.2017465,-0.8072446,-0.5811439,-0.030264491,0.01378383,-0.062419076,-0.042373598,0.0,0.043778315,-0.21538597,-0.34384876,0.0,0.061626177,0.0,-0.10513171,0.0,0.03516842,0.0,0.13387747,0.0,-0.051114872,0.0,-0.06350927,0.16710167,-1.5551193,-0.028248098,-0.011713831,-0.3159309,-0.006766196
-0.031090807,0.2913464,-0.5929098,0.08441245,-0.11632308,-0.008115914,-0.17590082,-0.024504485,0.0,-0.08405966,-0.32663807,-0.43404815,0.0,0.044246364,0.0,0.12196477,0.0,-0.03207784,0.0,0.03188347,0.0,-0.09041717,0.0,-0.18999065,-0.92608315,0.18498978,-0.21175884,0.026154697,-0.16143467,-0.025366541
-0.039429847,1.1939111,-0.107683346,0.16818541,0.0024100915,-0.0068910606,0.03500587,-0.03218306,0.0,-0.05056269,0.32007283,0.08315316,0.0,0.08109014,0.0,0.073604226,0.0,0.06704908,0.0,0.16085134,0.0,-0.07513343,0.0,-0.053635877,0.2971896,0.38881633,-0.24514237,0.0062518995,0.27375278,0.006259449
0.108634,-0.41921118,0.09656656,-0.07921096,-0.012548186,0.09840535,0.0193923,-0.033099253,0.0,0.0369558,0.3595353,0.07710528,0.0,0.0807842,0.0,0.08627244,0.0,5.8995793e-05,0.0,0.108325936,0.0,-0.060607616,0.0,-0.075945735,0.25089958,0.3662366,0.10858933,-0.013384372,0.28133547,-0.006975922
-0.026058562,-0.4815139,0.25908124,-0.21013106,-0.039560556,-0.08970785,0.019295057,-0.027030243,0.0,0.04692457,0.24589472,0.06859928,0.0,0.044982385,0.0,0.021623936,0.0,6.442063e-05,0.0,0.09014208,0.0,0.10199541,0.0,-0.11164427,-0.9508718,0.25096485,-0.3155701,-0.014059497,0.3869871,-0.0050700502
-0.029874122,-0.19804381,0.07220162,-0.1829597,0.018287633,0.0790655,0.025937317,-0.032813918,0.0,0.043711234,0.41243964,0.07299216,0.0,0.07252673,0.0,0.09029743,0.0,-0.0009366793,0.0,0.06460269,0.0,0.08824105,0.0,-0.075471,0.24608588,0.3959421,0.097461626,-0.005331808,0.25886708,-0.0052531436
0.13406168,-0.38554108,0.01905506,-0.20293894,-0.002713841,-0.07994686,0.025940562,-0.027336176,0.0,-0.051031154,0.36483806,0.05756293,0.0,-0.16664237,0.0,-0.21588323,0.0,-0.0006415646,0.0,0.14787377,0.0,-0.0558162,0.0,-0.07317281,0.23209125,0.35455215,-0.31483725,-0.0045428453,0.23233503,-0.0058797086
-0.026566422,-0.5070647,0.19416167,-0.22177203,0.012154889,-0.08900896,0.0149526205,-0.028972887,0.0,0.054689385,0.35896868,0.07023589,0.0,0.046500374,0.0,0.07463235,0.0,0.00011945632,0.0,0.0988316,0.0,0.064125076,0.0,-0.07430959,0.23533827,0.35029596,-0.2961408,-0.013986822,0.27210066,-0.0056164227
-0.06565249,-0.50132906,-0.16730237,-0.27417243,0.05497361,-0.0276712,-0.025598226,-0.051137343,0.0,-0.09690816,-0.43368417,0.056539867,0.0,-0.24810183,0.0,-0.098423146,0.0,0.0041421214,0.0,-0.38690516,0.0,-0.057048067,0.0,-0.0755256,0.18321043,0.2977494,0.076981075,-0.0054209135,-0.18951146,-0.040503953
-0.014000984,-0.99179196,-0.06544366,-0.1792462,-0.054317947,0.048353765,0.07232069,-0.035160862,0.0,-0.034533273,0.35360795,0.072114095,0.0,0.07549115,0.0,-0.01784645,0.0,-2.559193e-05,0.0,0.16103469,0.0,-0.058407187,0.0,-0.0657594,0.2469454,0.3516115,0.16649447,-0.016284129,0.36040816,-0.004199278
0.021387752,-1.0225147,0.29177848,0.2394954,0.013594416,0.049999826,0.006404926,-0.030167408,0.0,-0.045807917,0.3459633,0.060581755,0.0,-0.13209762,0.0,-0.20865403,0.0,0.02171131,0.0,0.15301262,0.0,-0.071852386,0.0,0.046665788,0.16413382,0.20997623,-0.18724471,-0.0029581508,0.2007055,-0.0008514167
0.015197612,-1.3322048,0.44951668,0.3465508,0.10008908,0.13325258,0.025623623,-0.023331854,0.0,-0.06085653,0.25177276,0.065131284,0.0,-0.28869557,0.0,0.0076351967,0.0,-0.07696885,0.0,0.1099166,0.0,0.076954186,0.0,0.21369833,-0.6025205,0.28574452,0.12504204,0.018428478,-0.1692354,0.0072074314
-0.07776262,0.27772677,-0.49789402,-0.15703091,0.08149175,0.010455801,0.044045582,-0.030503813,0.0,-0.039759226,-0.32121882,-0.5071368,0.0,0.00843097,0.0,0.08475462,0.0,-0.018243795,0.0,0.049085036,0.0,-0.04848984,0.0,-0.20610888,-0.9500344,0.20531489,-0.20857115,0.023243539,-0.15328076,0.009812381
-0.05390832,-0.18286121,0.87378025,-0.18820806,0.03704129,0.00916295,0.051892642,-0.016796745,0.0,0.09218321,0.3704555,0.07694122,0.0,0.09610699,0.0,0.16853839,0.0,0.016200934,0.0,-0.46817547,0.0,0.05753724,0.0,0.06361131,0.15930441,0.36246786,0.1140536,-0.006229035,0.20185299,-0.005799516
-0.04987161,-1.0184646,0.2988884,-0.17365992,-0.1452473,-0.025288751,0.06914274,-0.03368271,0.0,0.15929404,0.24007292,0.06411392,0.0,-0.20928138,0.0,0.11670558,0.0,0.010475731,0.0,0.15292068,0.0,0.09086506,0.0,0.14339837,-0.73789835,0.26179793,0.10192704,-0.0070451437,0.30146995,0.008874444
0.16803722,1.4722736,0.19048177,0.033956025,0.02000571,0.0033225217,0.06087151,-0.03793513,0.0,-0.080888346,0.35954145,0.09741445,0.0,0.09624817,0.0,0.033198796,0.0,-0.011091608,0.0,0.11544777,0.0,0.05394456,0.0,0.07726229,0.23804627,0.4179965,0.06953507,0.0024133436,0.21330135,-0.0069089434
0.16415276,1.184916,-0.30645937,0.13258037,0.0025511927,-8.394424e-05,0.038710013,-0.046290744,0.0,-0.047005605,0.33794695,0.08408571,0.0,0.043302413,0.0,0.012555493,0.0,-0.012062535,0.0,0.16782375,0.0,-0.041876726,0.0,-0.054442473,0.276297,0.39948416,0.080458425,0.0086993715,0.27343065,-0.0017187035
-0.05345984,-0.33798984,-0.5428706,0.28761724,-0.01803462,-0.1780049,0.01839187,-0.05814487,0.0,0.02906976,-0.21638826,-0.34109676,0.0,0.015519399,0.0,0.21760249,0.0,-0.0023246622,0.0,0.034552764,0.0,-0.024733383,0.0,-0.061682303,0.11492424,-1.830568,-0.085316464,-0.010477338,-0.11788787,0.0049483622
-0.0395623,-0.74356663,0.074885115,-0.33652166,0.08551236,0.06977262,0.071575955,0.3573005,0.0,-0.038664695,-0.32125968,0.0803264,0.0,0.010102356,0.0,0.068202175,0.0,0.0010279751,0.0,0.18272191,0.0,-0.05760054,0.0,-0.074998274,0.1705884,0.27994442,-0.2007366,0.0005865288,0.42429668,-0.010273003
0.018504662,-1.0180445,-0.69832206,0.005219896,0.11023791,-0.0285919,0.023486037,0.19767593,0.0,-0.08252243,-0.20588855,0.07219642,0.0,0.067239225,0.0,0.08250301,0.0,0.021729615,0.0,-0.639275,0.0,0.1407541,0.0,0.23697424,-0.4023729,0.28203458,0.10985275,0.0033173296,-0.24133462,-0.0042506154
-0.005358893,-1.4559146,-0.32213452,0.20873404,0.010401399,-0.021039858,-0.029746028,-0.0318571,0.0,0.104042724,-0.19702542,0.04013242,0.0,-0.27529365,0.0,-0.09161251,0.0,-0.0046489583,0.0,-0.51603425,0.0,0.05862467,0.0,0.04863021,0.06530851,-1.8557801,0.039150156,-0.009921215,-0.23460314,0.008636261
-0.04764645,0.5761703,0.10394372,0.05811821,0.01102255,0.009791212,0.055182327,-0.029126028,0.0,-0.06316174,-0.3119005,0.15728246,0.0,0.07712832,0.0,-0.04496802,0.0,-0.020239227,0.0,0.08936735,0.0,-0.036697775,0.0,-0.07064038,0.21346284,0.33052975,0.09552237,-0.00019752793,0.22848961,0.014347742
-0.0397909,-0.23124838,-0.13436948,0.7726765,-0.08513157,0.10863582,0.0336761,0.31019047,0.0,-0.016467117,-0.15969062,0.041361522,0.0,-0.1254243,0.0,0.26349822,0.0,-0.004771556,0.0,0.08825119,0.0,-0.034959543,0.0,-0.06357042,0.112164415,-1.9994467,-0.11960958,-0.018797029,-0.12803191,0.02800433
-0.06581202,-0.4636636,-0.48025584,-0.2713281,-0.019451968,-0.053497665,0.023312258,-0.031898487,0.0,-0.15585606,-0.24793309,0.055348027,0.0,-0.23338453,0.0,-0.088019766,0.0,0.027522258,0.0,-0.4542945,0.0,-0.072641656,0.0,-0.20429783,-0.83670264,0.20496306,0.094940424,0.027507434,-0.19270442,0.009523689
-0.072071955,0.7813836,-0.3812913,0.20526108,0.007084812,0.078261524,-0.13378805,-0.03382955,0.0,-0.01794107,-0.3333803,0.13794132,0.0,-0.35807258,0.0,-0.045082152,0.0,-0.01586813,0.0,-0.68482757,0.0,-0.032383755,0.0,0.035850815,0.16101971,0.35514256,0.08779886,-0.0057506803,-0.18930025,0.001169096
0.06929104,-1.225706,0.26122683,-0.24716125,-0.083742954,-0.01730202,0.03686199,-0.031363692,0.0,0.14898936,0.39090082,0.08261106,0.0,0.040146254,0.0,0.00845551,0.0,0.0134728085,0.0,0.12570177,0.0,0.086676374,0.0,0.097580686,0.20863476,0.34414566,0.108289085,-0.016958388,-0.22817804,-0.004679337
-3.4846133e-05,-0.44745034,-0.19420223,-0.9170985,0.010601829,-0.026113983,-0.005246298,-0.06222627,0.0,-0.09422361,-0.21165,-0.22791895,0.0,0.0034817813,0.0,-0.012481873,0.0,-0.0026152013,0.0,0.08874686,0.0,-0.043730848,0.0,-0.06061153,0.09752594,-1.6970183,-0.100801855,0.026041908,-0.32975316,0.038387205
-0.038724873,-0.5247997,0.4991574,-0.15209053,-0.16166729,0.055923153,0.052925862,-0.03041268,0.0,0.016264262,0.35079098,0.0809988,0.0,0.08418458,0.0,-0.26062667,0.0,0.016300775,0.0,0.11284844,0.0,0.04783575,0.0,0.073698364,0.18357912,0.3331832,0.18014938,-0.0106621655,0.19159399,-0.0036721262
0.28149205,-0.28066167,-0.35448697,0.38444492,-0.017261755,-0.027587505,0.027318621,-0.033289056,0.0,0.08660865,-0.3741087,0.0593778,0.0,-0.12318076,0.0,0.08784885,0.0,0.0035738917,0.0,-0.47042,0.0,-0.041907363,0.0,0.06800618,0.1467618,0.2791971,0.07644081,-0.015489443,0.31703603,-0.0015396255
-0.0054544653,-1.7721862,-0.50476795,0.24585657,0.00054234115,-0.016181557,-0.0006676614,-0.035643652,0.0,0.10124668,-0.18737352,0.04042255,0.0,-0.2736718,0.0,-0.06568964,0.0,-0.02161672,0.0,-0.521767,0.0,0.058081694,0.0,0.048537478,0.064988755,-1.9042078,0.04141821,-0.020481417,-0.2340883,0.0077133034
-0.034974277,0.4754938,-0.5660438,-0.39572155,0.073016144,0.0356683,0.03706936,-0.02951803,0.0,-0.07704047,-0.37731132,0.12421893,0.0,0.054409403,0.0,-0.18317631,0.0,-0.0032487158,0.0,-0.28570694,0.0,0.07904523,0.0,-0.048729513,0.19091532,0.33504775,0.15642656,-0.006627481,0.17987399,-0.0031534138
0.13280307,0.3282338,0.22444674,0.17879333,0.2240061,0.048607003,0.050153684,-0.041981604,0.0,0.010999953,0.44113287,0.08532711,0.0,0.0743228,0.0,-0.33737737,0.0,-0.005359444,0.0,0.047913328,0.0,0.07275483,0.0,-0.046001952,0.21094707,0.3770044,0.18461049,-0.0068529923,0.15190713,-0.008438862
0.13826223,-0.59778523,0.6127695,0.0116736265,0.09018548,0.07775315,-0.117572546,-0.026800487,0.0,0.10912388,0.35017648,0.07990768,0.0,0.04593247,0.0,-0.31090245,0.0,0.05065645,0.0,0.13877441,0.0,0.07308314,0.0,0.09515681,0.18129992,0.3641778,-0.3361505,-0.017828833,0.22384918,-0.014127779
-0.031022036,0.108437486,0.6747631,-0.20273067,0.025294386,0.015527443,0.028810693,-0.027059639,0.0,0.018674366,0.41070735,0.079887584,0.0,0.04494837,0.0,-0.44520923,0.0,0.03591574,0.0,0.048946332,0.0,0.07481551,0.0,-0.06857561,0.19491859,0.22073323,-0.48565543,-0.005492725,0.179495,-0.004836902
0.097323224,-0.49515772,-0.1373775,-0.007364926,-0.10923817,0.033037025,0.037364516,-0.034950253,0.0,-0.04251167,0.25310585,0.07454555,0.0,0.04875607,0.0,-0.057047576,0.0,0.031846594,0.0,0.15141912,0.0,-0.08543035,0.0,0.24597414,-0.7607843,0.30692622,0.16811085,-0.016954683,-0.15252754,-0.009212716
-0.034242284,-0.79151213,0.6114579,0.42987493,0.07857677,-0.10529522,0.08380234,-0.017188089,0.0,0.027045378,0.34160852,0.059946932,0.0,-0.31843835,0.0,-0.13505594,0.0,0.014514074,0.0,-0.39240378,0.0,0.09788957,0.0,-0.042645756,0.18873973,0.36674854,0.069107376,-0.007538073,0.2345366,0.00789029
-0.03209375,0.7036016,0.67478067,0.15626968,-0.018496623,0.049107395,0.037979078,-0.031540614,0.0,0.24310498,0.42805254,0.100612216,0.0,0.072119996,0.0,0.075791694,0.0,0.025045821,0.0,0.11693089,0.0,0.07271927,0.0,0.095248535,0.20734927,0.3657275,0.11470163,0.000970583,-0.11944376,-0.0053806817
0.03870266,-1.3215188,0.2534372,0.23294002,-0.054476563,0.05579281,-0.04160983,-0.01981487,0.0,0.09721862,-0.18520688,0.038872447,0.0,-0.14075516,0.0,-0.060212128,0.0,-0.011438159,0.0,-0.4879121,0.0,0.046525624,0.0,0.0432388,0.079419725,-1.771849,-0.12045324,0.02459338,-0.19780405,-0.0017287529
-0.010859275,-1.387024,0.17601411,-0.066777855,-0.047887485,-0.19870514,0.02293083,-0.02313531,0.0,-0.22059932,0.17498417,0.033827778,0.0,-0.16441333,0.0,0.17738701,0.0,-0.12079135,0.0,-0.58998287,0.0,0.072419554,0.0,-0.0017295205,0.086831205,-1.9957012,0.050872598,-0.0144757265,0.2602454,0.008817291
-0.05056835,-0.5330901,0.059143193,-0.28526357,0.0181943,0.07761622,0.020618629,-0.033250034,0.0,0.015319055,0.40325066,0.076385915,0.0,0.081730194,0.0,0.085895516,0.0,-0.001936476,0.0,0.1643153,0.0,-0.04772791,0.0,-0.095187835,0.2715666,0.38592064,0.11907538,-0.005213846,-0.20142616,-0.003521705
-0.03614755,-1.4174618,-0.5258505,-0.15079764,0.03586837,0.008734521,0.058381557,0.2825692,0.0,-0.13342845,-0.3627323,0.06952715,0.0,0.030545918,0.0,-0.063030474,0.0,-0.0026003914,0.0,-0.67858696,0.0,0.079032384,0.0,0.08319672,0.11623595,0.31610593,0.09329597,-0.008559954,-0.27938828,-0.0030704276
-0.0017250492,-1.7139997,-0.11010016,-0.12023538,-0.06617245,0.056456078,-0.085658446,-0.01867414,0.0,0.14221443,-0.20781429,0.037806313,0.0,-0.17332794,0.0,0.08083095,0.0,0.008995912,0.0,-0.4390245,0.0,0.065715104,0.0,0.04722572,0.08017762,-1.7579768,-0.1271332,0.05985407,-0.25159648,0.009354793
-0.048323467,-1.2071322,0.4425609,0.34931707,0.12517528,-0.044870332,0.039912757,-0.021472784,0.0,0.04025324,0.24826105,0.059592858,0.0,-0.28750128,0.0,0.16340746,0.0,0.051393274,0.0,-0.031809095,0.0,0.110561244,0.0,0.2139388,-0.5074099,0.26060903,0.04601759,-0.008257313,-0.08709029,-0.071544155
-0.008890264,-1.0512583,0.4422285,0.20747873,0.15508218,-0.09543574,-0.16126607,-0.032914776,0.0,0.0680306,0.24167512,0.06723623,0.0,-0.3391762,0.0,-0.2737428,0.0,-0.09861887,0.0,0.10483092,0.0,0.07436446,0.0,0.16481037,-0.610486,0.30410427,0.073142745,-0.00753619,0.19204547,0.008813247
-0.0910702,0.48284203,-0.80295295,-0.3170211,-0.06930525,-0.009237843,-0.16646737,0.069177024,0.0,0.0176223,-0.33658433,0.1616313,0.0,0.09990508,0.0,0.107608244,0.0,-0.023129268,0.0,0.089845575,0.0,-0.08642384,0.0,-0.071352385,0.23647313,0.35797384,0.015795551,0.004444547,-0.15209171,0.009941767
-0.040483136,-0.4085,-0.20161358,-0.56050646,-0.012418498,-0.015740149,0.02465748,-0.072947346,0.0,-0.08553755,-0.27666146,-0.47144505,0.0,0.016327169,0.0,0.034407564,0.0,-0.0050604246,0.0,0.025736813,0.0,-0.08824519,0.0,-0.23029795,-0.925234,0.18766373,0.042570505,-0.0080901375,-0.18897578,0.03962096
-0.102906644,0.4829019,0.29669252,-0.32963234,0.085688666,-0.017429503,0.059058983,0.11304418,0.0,-0.06900285,-0.31077832,0.13616203,0.0,-0.343094,0.0,-0.25011015,0.0,0.00670922,0.0,-0.24918583,0.0,-0.04606252,0.0,-0.051055834,0.22256547,0.3369276,-0.3151554,0.012953554,-0.13358022,0.00943285
0.14218912,-0.41765988,-0.2653896,-0.23090024,-0.01805542,-0.07352391,0.015105554,-0.06579544,0.0,0.015179953,-0.38375264,0.07455962,0.0,-0.013689119,0.0,0.032317135,0.0,0.032967106,0.0,0.07355727,0.0,-0.043397643,0.0,-0.07327562,0.20419522,0.26890454,-0.2675985,-0.012348133,0.35522953,-0.0044594305
-0.015048872,0.37944,-0.050714847,-0.413135,-0.09168146,0.03158271,0.058612,-0.0007857927,0.0,-0.06390596,-0.34660184,0.12151377,0.0,0.06679643,0.0,-0.15013032,0.0,-0.031817917,0.0,0.077442005,0.0,-0.057100814,0.0,0.10220293,0.16904388,0.35396236,0.1676933,-0.13843983,-0.15389222,0.0042208396
-0.028480692,-1.2839758,0.053441975,0.23341736,0.07965878,0.008800229,0.05870792,-0.039494395,0.0,-0.075236894,0.24675886,0.080256894,0.0,0.06935162,0.0,0.015881035,0.0,0.011110386,0.0,0.20235692,0.0,-0.12351329,0.0,0.17064428,-0.74273604,0.28134117,0.11501621,-0.003667806,0.36455065,-0.0028410652
-0.04286104,-1.4334996,-0.81878984,-0.57998776,-0.00895276,-0.14765196,0.003382193,0.25108337,0.0,-0.18322426,-0.1842358,0.038089015,0.0,-0.23360044,0.0,0.066410586,0.0,0.081672415,0.0,-0.6174402,0.0,0.078683116,0.0,0.03970229,0.06710422,-2.040565,0.040076677,-0.0020719757,-0.27478358,-0.03136675
-0.023977805,-0.6201974,-1.083198,-0.9268398,-0.037670374,0.00813997,0.017778168,-0.06449779,0.0,-0.11430134,-0.27445102,-0.5139716,0.0,0.011942184,0.0,-0.07933427,0.0,-0.0027177166,0.0,0.075396314,0.0,-0.08336429,0.0,-0.20056573,-0.96858853,0.17115872,-0.14097092,-0.010509504,-0.29189017,0.005486611
-0.06911734,-0.95582193,-0.6275189,-0.3440897,0.011989533,-0.18886825,-0.12581518,-0.052177988,0.0,-0.0767048,-0.2178112,-0.37225273,0.0,0.002296214,0.0,0.036912553,0.0,-0.009124807,0.0,0.07983908,0.0,-0.039876644,0.0,-0.059683844,0.10924421,-1.8078238,-0.07060026,-0.0010492112,-0.2847069,-0.002222286
-0.002898897,0.7084989,-0.55112046,0.20542277,-0.08185839,0.0024476727,0.024653632,-0.012874153,0.0,-0.15860257,-0.34946018,0.10974767,0.0,0.08954979,0.0,0.053085744,0.0,0.12851378,0.0,-0.3750848,0.0,0.079740345,0.0,-0.04949687,0.21391979,0.35380366,0.09474419,-0.020827089,-0.12838836,-0.0031517511
-0.05413378,1.0360847,-0.6770949,-0.2966408,-0.0424613,0.004658662,0.039884236,-0.032761388,0.0,-0.034290317,-0.3745442,0.15378907,0.0,0.08554223,0.0,0.032950208,0.0,-0.016016629,0.0,0.06650806,0.0,-0.05787506,0.0,-0.070505984,0.24619995,0.36089718,0.07873812,-0.00066731696,-0.18353678,0.0103603
-0.08219535,1.1885833,-0.33474794,0.7046069,0.06729708,-0.0017862408,0.06828673,-0.029508844,0.0,-0.0013954359,-0.41671035,-0.29265082,0.0,0.038851798,0.0,0.024211513,0.0,-0.013763722,0.0,0.08283597,0.0,-0.07697941,0.0,-0.06066485,0.25613794,0.32938918,-0.19716239,0.026415695,-0.24327688,0.12326114
-0.0055714212,0.7048781,0.29622415,0.028860508,0.12010679,0.020649813,-0.15186712,-0.014862864,0.0,-0.124398366,0.39734328,0.09027499,0.0,0.1272856,0.0,0.10169913,0.0,-0.00684865,0.0,-0.26089928,0.0,0.09109462,0.0,-0.042403884,0.24437644,0.40846932,0.10356993,0.0023553157,0.088938884,-0.0038578806
-0.008197677,-1.3814673,-0.7756147,-0.96520406,-0.04230472,-0.018339224,0.012382844,-0.06670208,0.0,0.034491327,-0.27445102,-0.4973771,0.0,0.01611261,0.0,-0.058417115,0.0,-0.07466689,0.0,0.060885668,0.0,-0.16257764,0.0,-0.17115085,-0.9495547,0.13978595,-0.09045801,-0.021296449,-0.29819244,0.0051637436
-0.018747903,0.5615441,-0.47238365,-0.16663554,0.06442437,0.0020114293,0.03765597,-0.02384187,0.0,-0.11657805,-0.4041942,0.12466039,0.0,0.07334947,0.0,0.08822566,0.0,0.008551566,0.0,-0.196634,0.0,0.090154976,0.0,-0.05149729,0.21571107,0.3438203,0.09105142,-0.0010177272,-0.1452699,0.025475604
-0.04447024,-0.002020704,-1.2116449,-0.17300242,-0.083069876,-0.010166494,0.039268527,-0.037249897,0.0,-0.06354099,-0.45379773,-0.42830557,0.0,0.050065573,0.0,0.095573686,0.0,-0.0036943187,0.0,0.037981406,0.0,-0.061684627,0.0,-0.0925067,0.20901273,0.28369614,0.049157914,0.008869651,-0.21442212,-0.008764751
-0.03574277,-0.5818936,-0.44320813,-0.5326123,0.0186105,-0.06859471,0.0055643627,-0.04100226,0.0,0.14569794,-0.26479602,0.060877386,0.0,-0.0020582061,0.0,-0.017342195,0.0,0.013606109,0.0,-0.26476243,0.0,-0.08617153,0.0,-0.20222083,-0.9138365,0.19969359,-0.2983473,-0.00734299,-0.2412416,-0.0019281721
-0.0065025543,-1.3993198,-0.37808043,0.06041261,-0.11052022,-0.10169787,-0.24921818,-0.013793983,0.0,-0.08711684,0.1822728,0.036345683,0.0,-0.3026097,0.0,-0.28502044,0.0,-0.0049327514,0.0,-0.14548883,0.0,0.03735784,0.0,0.009857393,0.0672256,-2.3845367,-0.0030316347,0.0029891524,-0.16818132,0.008383077
-0.030991657,-0.3151424,-0.49608052,-0.26042357,-0.034934536,-0.13989797,0.015640767,-0.06518366,0.0,-0.011489164,-0.28721237,0.07206262,0.0,0.035592742,0.0,-0.04925189,0.0,0.033095725,0.0,0.12163012,0.0,0.10724962,0.0,-0.20245582,-0.72532433,0.21904047,-0.38363406,-0.0046575572,-0.192889,-0.0037431256
0.01594056,-2.0847533,0.5800396,0.098362334,0.13112086,-0.030850168,-0.0091477055,-0.033673767,0.0,0.13878442,0.25412863,0.0836445,0.0,0.079435,0.0,0.08809477,0.0,-0.0345901,0.0,0.12174327,0.0,0.052840885,0.0,0.26284456,-0.7594875,0.25165668,0.13911986,-0.009402648,-0.18435358,-0.0035865814
-0.06555498,-0.29822847,-0.8537886,-0.30473453,0.009236401,-0.16603857,0.089566134,-0.01954021,0.0,-0.044800088,0.41242966,0.05889061,0.0,-0.2993055,0.0,-0.32373878,0.0,0.020619476,0.0,-0.12619756,0.0,0.060221177,0.0,0.034534086,0.09785557,0.34848958,0.13155362,-0.006554987,-0.15757103,0.0047511496
-0.07755009,0.24871849,-0.2812593,0.07683606,-0.027635736,-0.0047446014,0.049483974,-0.025720887,0.0,-0.08434936,-0.31402853,-0.41084263,0.0,0.03197212,0.0,0.11885088,0.0,-0.026886737,0.0,0.032116026,0.0,-0.06315342,0.0,-0.1824744,-0.9690425,0.1910172,-0.20847882,0.029457353,-0.15364915,-0.019837597
-0.06940283,1.1521001,0.52538913,0.31369606,-0.02410868,-0.008749149,0.07063391,-0.042505894,0.0,-0.08064326,0.35954145,0.081794545,0.0,-0.479403,0.0,0.119913355,0.0,-0.007538207,0.0,0.15374447,0.0,0.05154124,0.0,0.040352702,0.20230073,0.3416823,0.074756704,0.004239545,0.15580784,-0.012363644
-0.0519558,0.5424806,-0.22332038,-0.051534887,0.00095874525,-0.011280426,0.03111351,-0.01753793,0.0,0.061069038,0.26838693,0.07404517,0.0,0.14817682,0.0,0.14997014,0.0,-0.008847922,0.0,0.07289906,0.0,-0.03959171,0.0,-0.077036865,0.30391496,0.3944276,-0.23155706,-0.06307451,-0.13802077,-0.0039582625
-0.03891436,-0.29862976,0.5773204,-0.16753902,0.01708573,-0.037796672,0.051052514,-0.010423611,0.0,-0.045286268,0.36809963,0.050533753,0.0,-0.29985964,0.0,-0.29412922,0.0,-0.13414477,0.0,-0.57402945,0.0,0.085930005,0.0,-0.04073558,0.21812776,0.37826586,0.07460801,-0.0030645134,0.26154485,0.005474508
-0.031059472,0.18468067,-0.14420861,-0.039995983,0.04064838,0.006835402,0.057270367,0.19661795,0.0,-0.07723731,-0.43826967,0.11093439,0.0,0.05319931,0.0,0.05567932,0.0,-0.031117484,0.0,0.11023719,0.0,-0.07268941,0.0,0.1009506,0.14233495,0.3355069,0.100673825,0.019441187,-0.163012,-0.026671676
-0.00022458765,0.47323108,-0.51547456,0.12409972,0.013045037,0.012157912,0.032601476,-0.029316189,0.0,-0.078191765,0.3359905,0.06869533,0.0,0.10444592,0.0,0.097381786,0.0,-0.016567709,0.0,0.08561084,0.0,-0.062297937,0.0,-0.07196033,0.2599352,0.3835517,0.08167508,0.009387266,0.1874178,-0.00047333149
-0.02291823,-1.8565383,0.35870728,0.043382056,-0.067148775,-0.14123361,-0.00017001407,-0.023928566,0.0,-0.087969944,0.16025497,0.037055228,0.0,-0.23196697,0.0,-0.23563074,0.0,-0.050972942,0.0,-0.5391862,0.0,0.046291295,0.0,-0.021867774,0.124378584,-2.1710544,0.04548929,0.0027251944,0.27840915,-0.0025408536
-0.039509002,1.2058109,-0.15026532,0.078766026,-0.001041217,-0.0068910606,0.04821959,-0.03215078,0.0,-0.008594567,0.32007283,0.08112082,0.0,0.071862765,0.0,0.07088091,0.0,-0.010234695,0.0,0.15606557,0.0,-0.074572094,0.0,-0.053507216,0.29708195,0.38841775,-0.19652966,0.0062518995,0.2726385,0.006259449
-0.094519764,-0.56147736,0.05946403,-0.362606,-0.06470813,-0.04371866,0.023867508,-0.037835497,0.0,-0.013893233,-0.40666217,0.06374052,0.0,-0.2517682,0.0,0.020246549,0.0,-0.0001295337,0.0,0.11808178,0.0,-0.05248815,0.0,-0.093939975,0.20295744,0.28774276,0.07773928,-0.008647677,-0.24100444,-0.068281844
0.015906472,-1.2375174,0.55763966,0.043259993,-0.008045415,-0.023384364,-0.014209379,-0.043852054,0.0,0.0018605851,0.38656318,0.07866582,0.0,0.08717203,0.0,-0.006584715,0.0,-0.051302187,0.0,0.24983926,0.0,-0.12757346,0.0,0.09746957,0.23989716,0.37862056,0.12465122,-0.0077205817,-0.15893404,-0.0023629884
-0.02913267,0.38908386,-0.12878847,-0.15041561,-0.003859606,-0.0007569068,0.029683484,-0.034958657,0.0,0.10038406,0.35078394,0.08810069,0.0,0.07252104,0.0,0.047387354,0.0,-0.0026184795,0.0,0.10986429,0.0,-0.06538974,0.0,-0.07819903,0.2536635,0.37416416,0.100604646,0.0063307825,0.19883116,-0.0036718573
-0.038267,-0.53375113,-0.2072474,-0.44947606,-0.021223253,0.09071643,-0.04304,-0.029229406,0.0,-0.13498047,-0.40507323,0.05536497,0.0,-0.09009158,0.0,0.12084174,0.0,0.011250581,0.0,-0.3593323,0.0,-0.0454375,0.0,-0.043053742,0.20151176,0.28447953,-0.1043398,-0.0026638617,0.3117286,0.011177264
-0.093548186,1.1387216,-0.633563,-0.27546003,0.018949712,0.0052118637,0.04158688,-0.0582983,0.0,-0.0099161705,-0.46638945,-0.6579519,0.0,0.05153971,0.0,-0.011701824,0.0,-0.0154086575,0.0,0.06042892,0.0,-0.062116284,0.0,-0.07136216,0.24087194,0.335541,0.0072704656,-0.0075899586,-0.20156844,0.016077075
-0.019279977,-0.6091639,0.13209376,-0.385839,-0.008399205,0.078155614,-0.028114716,-0.027939545,0.0,-0.0606845,0.36579415,0.078620285,0.0,0.07579256,0.0,0.11164952,0.0,-0.012909969,0.0,0.1772841,0.0,-0.04500223,0.0,0.09186491,0.22244583,0.36720395,0.110481925,-0.0014925261,0.21557376,-0.0029473573
-0.04803729,0.5432854,0.28390598,-0.10764533,0.029528404,0.0119836675,-0.232041,-0.022823358,0.0,-0.048181713,-0.31062704,0.15500212,0.0,0.10962896,0.0,0.121619515,0.0,-0.033685483,0.0,0.08812264,0.0,-0.011399324,0.0,-0.060089666,0.22867131,0.3274661,-0.19723597,-6.123469e-05,0.22186564,0.022932801
-0.039576948,-0.1713592,-0.77117056,0.043217514,0.004142139,0.09402077,0.01642501,-0.03225994,0.0,0.081220716,-0.20388716,0.04758501,0.0,0.07135664,0.0,0.11788783,0.0,-0.000498818,0.0,-0.41246372,0.0,0.034825448,0.0,-0.0408658,0.0891129,-1.9298321,0.09639336,-0.015293582,-0.21602085,-0.0035394286
0.11781838,0.1709342,-0.14702545,-0.5264506,0.001156582,0.014576054,0.027391318,-0.040603533,0.0,0.04444167,0.37367988,0.08384157,0.0,0.072978064,0.0,0.08877083,0.0,-0.004004803,0.0,0.10458391,0.0,-0.05679026,0.0,-0.075596906,0.23590045,0.3663471,0.034360893,0.0025881557,0.2512559,-0.012005904
-0.013169252,0.86699176,0.69025034,0.059719216,0.11518932,0.030575432,-0.16661161,-0.012074108,0.0,-0.16802004,0.42649975,0.07963444,0.0,0.15264986,0.0,0.041084796,0.0,0.009647337,0.0,-0.24933447,0.0,0.084653206,0.0,0.036274128,0.21314746,0.36166668,0.13550232,0.002275364,-0.08835262,-0.005054158
-0.07849991,-1.2397617,-0.4940764,-0.6126573,-0.060935725,-0.024162462,-0.14697894,-0.069592,0.0,-0.04989887,-0.27987558,0.06629194,0.0,-0.22137682,0.0,0.0147453025,0.0,-0.0033892547,0.0,0.14388467,0.0,0.09839683,0.0,0.24194132,-0.5005756,0.2661232,0.09587198,-0.007750656,-0.3108483,0.009687851
-0.036087193,-0.20250958,-0.5410438,-0.29419377,-0.03616757,-0.054379158,0.029359601,-0.034230243,0.0,0.057062756,-0.24151842,0.068315186,0.0,0.062636785,0.0,-0.029482875,0.0,0.031826135,0.0,-0.4096463,0.0,-0.07084054,0.0,0.13231815,-0.69362384,0.2329409,0.15155154,-0.015276003,0.294811,-0.0013879084
-0.042077444,-0.40499446,-0.5558022,-0.4736252,0.018084357,-0.0043079667,-0.06875838,-0.062358815,0.0,-0.11325998,-0.28706056,-0.48449814,0.0,-0.0035597556,0.0,0.021810092,0.0,-0.009217558,0.0,0.043546725,0.0,-0.08499655,0.0,-0.22396238,-0.9434986,0.17637649,-0.16821228,-0.02754362,-0.16684261,0.0041932957
0.23399706,0.74859524,0.08625488,0.12293876,-0.06068852,-0.0070871003,0.052962456,-0.022267433,0.0,0.056715135,-0.32401907,0.14974491,0.0,0.07912831,0.0,0.16235052,0.0,-0.0171313,0.0,0.029180834,0.0,-0.033541605,0.0,-0.07783709,0.25465244,0.3414317,-0.21588682,-0.0019431438,-0.16957183,-0.040225726
-0.061717857,-0.49889946,-0.098065205,-0.38294613,0.10495305,-0.08778945,0.039013747,0.39473888,0.0,-0.021115387,-0.18905886,0.07511967,0.0,0.024458034,0.0,0.14687382,0.0,0.0020033242,0.0,0.1427792,0.0,-0.09769417,0.0,-0.2303024,-0.75884634,0.21409161,-0.3541618,0.0007406194,-0.24630553,0.03145518
-0.03464128,-0.3253672,-0.19595951,0.48942542,-0.05086071,0.047738254,0.01956829,0.32329658,0.0,-0.025526006,-0.36251926,0.083547905,0.0,0.052613907,0.0,0.20030433,0.0,0.046087787,0.0,0.19178227,0.0,0.08332227,0.0,0.09929598,0.14742604,0.29523045,0.0935268,0.010376422,0.19052878,-0.0020531495
-0.06602625,-0.19421966,0.07610527,-0.28343567,0.014403467,0.0516143,0.02256174,-0.060047403,0.0,0.053295903,-0.25870436,0.07135762,0.0,-0.27118263,0.0,0.19864404,0.0,0.03173548,0.0,0.10930846,0.0,0.07030751,0.0,0.18175764,-0.46928397,0.24993558,0.11255776,-0.007866723,0.27621853,0.0057831183
-0.03039649,-0.6444846,-0.44228834,-0.22486682,-0.0732398,-0.089120075,0.02652992,-0.03281588,0.0,0.04003145,0.35030097,0.072656825,0.0,0.044779044,0.0,0.026120447,0.0,-0.0015477608,0.0,0.13693781,0.0,0.08057288,0.0,0.063492626,0.1909059,0.35676846,-0.3068488,-0.008309869,0.21923989,-0.0057399375
-0.009627451,-1.1677537,-0.6533504,-0.7197897,-0.011179608,-0.04376489,-0.04410689,-0.04493671,0.0,-0.038821843,-0.25426745,0.057375148,0.0,-0.24105309,0.0,-0.06584474,0.0,0.084212326,0.0,-0.47657594,0.0,-0.20108922,0.0,-0.2031198,-0.6830285,0.2156384,0.060801912,-0.034019433,-0.23373377,0.010210039
-0.027539529,-0.40784097,-0.48657525,-0.5708345,-0.031500805,-0.053504635,-0.10407157,-0.039828084,0.0,-0.06600586,-0.24550499,0.071922585,0.0,0.0693451,0.0,-0.23510224,0.0,0.042433575,0.0,-0.5096655,0.0,0.10695685,0.0,-0.13636355,-0.59067905,0.2400579,0.099620886,-0.018231506,0.4290751,-0.003294467
-0.08798049,-0.29147944,-0.39405262,-0.61888933,-0.07112074,0.012936002,0.032865148,0.17984553,0.0,-0.10020204,-0.1808465,0.034724366,0.0,-0.18113257,0.0,0.024624277,0.0,0.005886766,0.0,-0.51106393,0.0,-0.04406261,0.0,-0.042388223,0.10998964,-1.867149,-0.15533839,0.0024207567,-0.18552375,-0.05460166
0.0022606575,-1.6553884,-0.2678082,0.04430383,0.017946854,0.07910495,-0.0058565093,-0.024465222,0.0,0.11818281,-0.18972078,0.03899183,0.0,-0.19128053,0.0,-0.061118595,0.0,-0.007596937,0.0,-0.50685143,0.0,-0.10102581,0.0,0.047352415,0.07770333,-1.7725817,-0.10997529,0.08715983,-0.23011056,0.008954022
-0.080034174,-1.4168359,-0.13676594,0.42703962,-0.077742346,0.29927635,0.0395878,-0.022047358,0.0,0.0324862,0.16025497,0.03595419,0.0,-0.30349708,0.0,-0.27724594,0.0,-0.021852277,0.0,-0.08051655,0.0,0.037527658,0.0,0.027300201,0.08668942,-2.3646624,0.027950268,-0.026504401,0.12818599,0.008142976
-0.025580857,0.06841345,0.061654646,-0.4804697,-0.010252834,0.001351154,0.034230012,-0.039809875,0.0,-0.04812975,0.40333462,0.086469635,0.0,0.078604445,0.0,0.058815286,0.0,-0.0048537664,0.0,0.12379171,0.0,-0.058948096,0.0,0.091658816,0.197175,0.36240995,0.040684104,0.0012050478,0.19027163,-0.003452072
-0.02786254,-0.38894615,0.10125505,-0.40368798,-0.011597263,-0.047787268,0.017221676,-0.030233862,0.0,0.021068739,0.4237588,0.07210749,0.0,0.077878386,0.0,0.027843112,0.0,0.00029058184,0.0,0.1419393,0.0,0.07464808,0.0,-0.09358797,0.26634818,0.3957652,0.11257787,-0.0064737718,-0.19284025,-0.0054301294
-0.017339088,-0.47889265,0.24433798,-0.036774576,-0.17045617,0.08221095,-0.14134498,-0.030153116,0.0,0.052446563,0.23684745,0.073008545,0.0,0.04217708,0.0,-0.256405,0.0,0.065166876,0.0,0.14977156,0.0,-0.078101784,0.0,0.120499216,-0.69617665,0.13392034,-0.2619024,-0.0069391453,0.24065538,-0.0033204267
-0.078534484,0.47375688,-0.10595189,-0.06691532,-0.0958754,-0.00075903116,-0.23415686,0.105116956,0.0,-0.05749389,-0.34343815,0.14099652,0.0,-0.25618336,0.0,0.14733002,0.0,-0.014308683,0.0,0.06679463,0.0,-0.04988742,0.0,-0.07106301,0.24347508,0.33305928,-0.10702995,0.0070003616,-0.15588656,-0.072702095
-0.013905592,-0.52865195,0.3637915,-0.08143824,-0.005016728,-0.016644686,-0.09084093,-0.028504128,0.0,0.023141127,0.35302237,0.060280398,0.0,-0.30195612,0.0,-0.29766053,0.0,-0.027807185,0.0,0.14215274,0.0,0.08217876,0.0,-0.07635507,0.20611641,0.28872317,0.07940931,-0.01811043,0.23067619,0.005974608
0.13572936,-0.63300276,0.29572254,-0.072032765,-0.1297418,-0.0135415355,0.03688112,-0.014976971,0.0,-0.0828118,0.2285346,0.06561889,0.0,0.05093459,0.0,-0.16791908,0.0,0.024152497,0.0,-0.58803713,0.0,0.10067428,0.0,-0.09991215,-0.7837277,0.13483375,0.10464612,-0.0038398595,0.32772776,-0.009610755
0.0063635847,-1.2857788,0.64653873,0.23505113,-0.07708784,-0.0515546,0.03415243,-0.03006121,0.0,-0.027110904,0.23771703,0.08115532,0.0,0.06596145,0.0,-0.18645777,0.0,-0.24250245,0.0,0.1531971,0.0,0.056775898,0.0,0.10370237,-0.70146936,0.21541393,0.11351868,-0.003106036,0.24090695,-0.0034968122
-0.0017259845,-1.1135303,-0.6737928,-0.5004748,0.010252588,-0.0012372714,-0.07359204,-0.053719983,0.0,-0.0541962,-0.21538597,-0.37500474,0.0,0.042987056,0.0,-0.13777722,0.0,0.035279274,0.0,0.14250518,0.0,-0.056739666,0.0,-0.059683844,0.16308215,-1.6145823,-0.13682427,-0.00094283605,-0.3289596,-0.007076036
-0.052103586,0.36381915,-0.36752084,0.069952354,0.042619545,0.01807234,0.034758247,-0.028072685,0.0,0.19037525,-0.4206691,0.098866045,0.0,-0.33022484,0.0,0.060968593,0.0,0.03281305,0.0,-0.20984101,0.0,-0.052557975,0.0,-0.051546052,0.20303647,0.30953002,0.03261879,-0.0030595032,-0.16024816,-0.030315083
0.00091215596,-1.4272269,0.46156228,0.20376651,0.068103336,0.124055915,0.015653389,-0.03579582,0.0,-0.061098903,0.38854495,0.081019804,0.0,0.07184312,0.0,-0.16593926,0.0,0.02020632,0.0,0.14272653,0.0,0.09342933,0.0,0.06513584,0.17795886,0.35320008,0.1587885,-0.0026270247,-0.18472941,-0.0072095357
-0.044441923,-0.56868106,0.4132168,-0.6568922,0.08103689,-0.025043791,0.026504554,-0.03884242,0.0,0.051436916,0.2545976,0.069579445,0.0,0.0512285,0.0,0.17104612,0.0,-0.007623846,0.0,0.10685822,0.0,0.10670036,0.0,0.23442219,-0.658179,0.18812743,-0.4015006,-0.016755056,-0.1624761,0.054741733
-0.023690986,-0.39698225,-0.6425703,0.14401042,-0.052741557,0.117740996,0.02607718,-0.05229337,0.0,0.042551458,-0.19129398,0.039613802,0.0,-0.18560378,0.0,0.020133074,0.0,0.029545657,0.0,0.14931686,0.0,-0.063094415,0.0,-0.05628642,0.09230364,-1.7171639,-0.088577054,-0.018020539,-0.33633143,-0.094367504
-0.03278744,-0.26045012,-1.1155314,-0.5647745,-0.017638922,0.0017612631,0.031058017,-0.044801425,0.0,-0.08791777,-0.2848607,-0.53809327,0.0,-0.002336923,0.0,0.0829982,0.0,-0.0026484644,0.0,0.056607734,0.0,-0.08169853,0.0,-0.20141484,-0.99244064,0.1871021,-0.21906547,0.06616497,-0.18831852,-0.0073619112
-0.029486261,-0.56325364,-0.16453172,-0.12636381,-0.0008384558,-0.023214277,-0.109917656,-0.031552494,0.0,0.020259876,0.39250305,0.07681436,0.0,0.08052886,0.0,-0.28689393,0.0,-0.003654235,0.0,0.10303412,0.0,0.07560296,0.0,-0.09295855,0.24048592,0.40456146,0.12295071,-0.019572526,-0.17373073,-0.005785013
-0.037023883,-0.16699718,-0.31241673,0.44912353,-0.025500115,-0.056116153,-0.0924724,-0.08083407,0.0,-0.015732221,-0.45768657,0.07971394,0.0,0.039372943,0.0,0.24539082,0.0,-0.010214801,0.0,0.06164785,0.0,0.07912528,0.0,-0.087325215,0.21127449,0.31551203,-0.2031655,-0.0017027585,-0.1318758,0.023093767
-0.0025365963,-0.6450444,0.38923928,0.19318165,-0.07362006,-0.10098621,-0.08715075,-0.00679137,0.0,0.11440662,0.1822728,0.03339016,0.0,-0.21887879,0.0,-0.38348252,0.0,-0.027834643,0.0,-0.36629647,0.0,0.03132674,0.0,-0.038212642,0.09239017,-1.9782115,0.03494668,0.0019166234,-0.1536526,0.00844023
-0.071377985,-1.0618533,-0.86495966,0.13894823,-0.12268913,-0.0908794,-0.118739545,-0.03403348,0.0,0.07843025,0.1880199,0.039813805,0.0,-0.22185913,0.0,-0.2642938,0.0,-0.00036562374,0.0,0.1234611,0.0,0.03607471,0.0,0.02710303,0.1416876,-2.4164884,0.005444144,-0.007400542,-0.18183188,0.008888949
-0.0009117867,-0.09317703,0.16835395,0.35982767,0.05507254,0.078430004,0.015762268,-0.023085505,0.0,0.108263105,-0.18516308,0.039525673,0.0,-0.14921318,0.0,-0.06658406,0.0,0.020388206,0.0,-0.40621912,0.0,0.07613164,0.0,0.041693818,0.045590222,-1.8413407,-0.075221285,-0.00937687,-0.15683506,0.007896397
0.15872845,-0.41081685,0.22226615,0.1363641,0.093931876,0.03795036,0.042954806,0.34411564,0.0,-0.021289198,-0.32603547,0.08689582,0.0,0.008118906,0.0,0.07490946,0.0,-0.000816704,0.0,0.19756131,0.0,0.079497576,0.0,0.10396627,0.122940615,0.29590014,0.17706352,0.00092354155,0.331104,-0.015549377
-0.04817679,0.49138418,0.14792228,-0.124651,-0.041900005,-9.788555e-05,0.050227102,0.14263436,0.0,-0.09818935,-0.30513865,0.13525447,0.0,0.08522148,0.0,0.15425026,0.0,0.06934138,0.0,0.1461306,0.0,-0.047656547,0.0,0.09967562,0.2169433,0.32119203,-0.24345776,0.024323322,0.2201588,0.016635967
-0.03785453,-0.45394588,-0.6043152,-0.4453455,0.036414314,0.042295653,0.015857603,-0.032328203,0.0,0.06604414,-0.42575803,0.06555923,0.0,0.066582724,0.0,0.0050351657,0.0,-0.003330713,0.0,-0.47989717,0.0,-0.043246366,0.0,0.08549768,0.13518994,0.30288297,0.1754879,0.03688253,-0.22242665,-0.0027450805
-0.037086304,0.41191575,-0.25570816,-0.13698946,-0.025530469,0.0073737814,0.043685183,-0.030999439,0.0,-0.106273614,-0.42699337,0.104401015,0.0,-0.15583722,0.0,0.08013155,0.0,0.008897259,0.0,-0.24183016,0.0,-0.05708911,0.0,-0.04985185,0.20170647,0.32434052,0.03788672,-0.016668972,-0.12828524,0.0059018265
-0.04907489,-0.0856059,-0.5202066,-0.11873475,0.027121577,-0.042879097,0.018907102,-0.048517063,0.0,-0.061963275,-0.25284627,0.06880058,0.0,0.080862604,0.0,-0.088387795,0.0,0.02246197,0.0,-0.3275273,0.0,-0.11128692,0.0,0.23288612,-0.57536,0.26171842,0.1519272,-0.009942856,-0.15143758,0.0129526295
0.009705696,0.56606174,0.2565135,-0.18960923,-0.0057701757,-0.019619988,0.03888073,-0.027745696,0.0,0.08569015,0.3641286,0.09677942,0.0,0.1528895,0.0,-0.21261674,0.0,-0.0023425706,0.0,0.08798189,0.0,-0.06474746,0.0,-0.07869639,0.24981514,0.39301565,0.14658333,-0.0007726989,0.16460706,-0.0044288216
-0.04713347,1.2174884,-0.15002123,-0.22733529,-0.020443743,0.004983388,0.045086265,-0.03333523,0.0,0.016900567,-0.3745442,0.15739277,0.0,0.09152506,0.0,0.040914204,0.0,-0.016879966,0.0,0.10568353,0.0,-0.059666757,0.0,-0.0659932,0.245927,0.36174062,0.09254594,-0.00091747986,-0.23973949,-0.054996647
-0.029073352,-0.13908857,-1.8478532,-0.47747368,0.02136977,-0.009237594,-0.11689551,-0.054240126,0.0,-0.06850814,-0.4686877,-0.63200176,0.0,0.025910895,0.0,0.077346966,0.0,-0.008673921,0.0,0.07973937,0.0,-0.05430068,0.0,-0.08633488,0.20346598,0.21457864,0.28917775,-0.013491864,-0.20755415,-0.011462169
-0.027993117,0.47326148,0.18515089,0.037121218,-0.004189785,-0.04607444,-0.158388,-0.033325788,0.0,-0.082062885,0.39226907,0.08982731,0.0,0.081565216,0.0,-0.14384182,0.0,-0.015940748,0.0,0.09981001,0.0,0.090494186,0.0,-0.07317736,0.2433198,0.3967168,0.15253437,-0.00013167568,0.12791476,-0.0045893486
-0.011813373,-1.2485738,-0.4521337,0.4399492,-0.057648197,0.004098583,-0.006633586,0.2396821,0.0,-0.11530784,-0.17356046,0.03708032,0.0,-0.23850167,0.0,0.065548934,0.0,0.03830684,0.0,-0.80460554,0.0,0.08740448,0.0,0.0494618,0.08322287,-1.710589,0.04510899,-0.012219674,-0.26168782,0.010526488
-0.027768783,-0.10419357,-0.042558745,-0.15147854,0.0045838226,-0.0248778,0.018138437,-0.024752699,0.0,-0.024737671,0.4257618,0.070353985,0.0,0.080156244,0.0,-0.020715207,0.0,-0.0045652967,0.0,0.090853475,0.0,-0.05899101,0.0,-0.09187099,0.27641496,0.41025928,0.17380567,0.004635144,-0.16555133,-0.0057483646
0.024243824,0.43899217,-0.55251414,-0.13800974,-0.010429426,-0.008533392,0.016894422,-0.038067542,0.0,-0.113031894,0.29546598,0.07245461,0.0,0.09309184,0.0,0.13849185,0.0,-0.020191684,0.0,0.11187813,0.0,-0.046076618,0.0,-0.06749282,0.27022812,0.36573538,-0.21093537,0.006812335,0.18821,-0.010803738
0.26232997,-0.94475186,-0.20167644,-0.024992777,0.04383114,0.06092485,0.03154684,-0.05902212,0.0,0.049043164,-0.25714794,0.06589647,0.0,0.014971862,0.0,-0.016992714,0.0,0.0045463694,0.0,0.04390239,0.0,-0.08053251,0.0,-0.22064799,-0.71194416,0.21492428,-0.16243915,0.08251482,-0.29734963,-0.0024877589
-0.060678255,-0.4183222,0.2797484,-0.32373345,0.12959877,0.037753843,-0.07838578,0.42460844,0.0,-0.015860975,-0.18847036,0.085409835,0.0,0.035027962,0.0,0.032257035,0.0,-0.010724431,0.0,0.17170788,0.0,0.110887446,0.0,-0.26700795,-0.707436,0.23966132,0.10120968,-0.00078342494,-0.19330621,0.0034663256
-0.04193082,-0.094004974,-1.1556615,-0.5930879,-0.014070799,0.010447052,-0.1370637,-0.041188832,0.0,-0.08515618,-0.46647727,-0.5004109,0.0,0.026916983,0.0,0.14809586,0.0,-0.008733178,0.0,0.06427176,0.0,-0.06195476,0.0,-0.08956748,0.216369,0.25686726,-0.14143951,-0.027881531,-0.19564742,0.0003778576
-0.092088915,1.1834146,-0.76245135,0.04621935,0.043118328,0.014444246,0.042718805,0.1803265,0.0,0.0020598387,-0.35549527,0.09457989,0.0,0.076523714,0.0,-0.009538445,0.0,-0.01639007,0.0,0.12583382,0.0,-0.07039596,0.0,-0.06870621,0.23864406,0.3612545,0.02477191,0.008041371,-0.22275938,0.016149286
-0.029028937,-1.3135816,0.09057609,0.34737188,-0.07840198,-0.16115098,0.03473418,-0.021884603,0.0,0.02349725,0.18367516,0.036345683,0.0,-0.2894826,0.0,-0.2767212,0.0,-0.022472106,0.0,-0.0407183,0.0,0.03607471,0.0,0.03316349,0.08605055,-2.691036,-0.0105185155,-0.023261951,-0.11790048,0.00796599
0.13444054,-0.31979933,-0.13377945,-0.59784216,-0.09805175,-0.067136824,0.036143113,0.31893003,0.0,-0.04031005,-0.19026119,0.07811699,0.0,-0.012185814,0.0,0.00015238946,0.0,0.001762833,0.0,0.15826742,0.0,-0.080644935,0.0,0.14635192,-0.83113694,0.2091601,-0.33066192,0.009308958,0.27219743,-0.0031623633
-0.036389142,0.22798908,0.065427385,0.2623213,0.07775252,0.0008075558,0.042733803,-0.020761168,0.0,0.079810046,0.41054553,0.07424258,0.0,0.042737745,0.0,-0.5383716,0.0,0.03298864,0.0,-0.1835642,0.0,-0.05496621,0.0,-0.024683785,0.21627161,0.3507962,-0.46402562,-0.008799603,0.18566246,-0.0033305585
0.0019441689,-1.7867875,0.097787514,0.2677496,0.08567878,0.035772663,-0.1294688,-0.03624446,0.0,0.109759375,-0.2595059,0.059399836,0.0,-0.15447973,0.0,0.016655609,0.0,-0.004497315,0.0,-0.47772682,0.0,0.0554713,0.0,0.10849422,-0.52227753,0.2459261,-0.20937742,-0.008423054,0.30356187,0.00972781
-0.051564097,-0.36630023,-1.2598853,-0.6042801,-0.009136958,0.17139211,0.021558387,-0.06336738,0.0,-0.014679273,-0.21386044,-0.38078025,0.0,0.024757462,0.0,0.05865182,0.0,-0.0064879134,0.0,0.045552984,0.0,-0.026876295,0.0,-0.06508834,0.109860785,-1.7492319,0.018500812,-0.014770015,-0.16894062,-0.0056693475
0.072768904,-0.695014,-0.10124288,0.21903485,-0.052893724,0.23410071,0.041053403,-0.021172654,0.0,0.058951445,0.18815582,0.04778849,0.0,0.060227603,0.0,0.01207195,0.0,0.004827625,0.0,0.13111366,0.0,-0.0382272,0.0,-0.057652462,0.12386794,-2.086717,0.10634176,0.05072139,-0.263422,-0.0049918853
-0.06566128,-0.25339562,-0.24821673,0.25830933,0.01989717,-0.17826238,-0.08626858,-0.05366824,0.0,0.04100078,-0.22012423,-0.37225273,0.0,0.0030822093,0.0,0.20169275,0.0,-0.00987417,0.0,0.018337699,0.0,-0.028566472,0.0,-0.06098124,0.11064917,-1.8149978,-0.09276394,-0.010294994,-0.11202479,0.011363953
-0.037505083,-0.3632713,-0.4829566,0.046580836,0.037306696,-0.033166148,0.031701747,-0.01787364,0.0,-0.09421664,0.22890869,0.050973315,0.0,-0.29768068,0.0,0.069410376,0.0,0.0010776602,0.0,-0.46507952,0.0,-0.090049855,0.0,0.13934651,-0.65812325,0.27821532,0.11609987,-0.010851115,0.18598878,0.007165947
-0.028366633,-0.19355571,-0.4502089,-0.19055183,-0.06426747,-0.025289236,-0.07448938,-0.06321928,0.0,-0.0127178095,-0.29243574,0.08208362,0.0,0.058114942,0.0,-0.07843972,0.0,-0.007245653,0.0,0.1392226,0.0,0.10589314,0.0,0.26645273,-0.514147,0.28316015,0.11352611,-0.004393268,-0.13993782,-0.003003261
-0.024993943,0.041675802,-0.33895585,0.2896369,-0.00032562856,-0.04853044,-0.08281,-0.038031947,0.0,-0.03560403,0.37506,0.07430844,0.0,0.040903874,0.0,0.2139212,0.0,-0.017078418,0.0,0.083484165,0.0,-0.054993536,0.0,-0.0620267,0.25377542,0.34926933,-0.2524067,0.004682722,0.13367291,0.00055924617
0.0066581964,-0.77924955,-0.16284306,-0.2639694,-0.12922974,-0.1273916,-0.15612657,0.166296,0.0,-0.091616586,-0.17135002,0.04106749,0.0,0.05007173,0.0,0.015388576,0.0,-0.039960016,0.0,-0.500273,0.0,0.081628785,0.0,-0.043012444,0.081431024,-1.8623905,-0.28396487,-0.02943528,-0.23468429,0.02536013
-0.035235547,0.049900196,0.318956,0.02859063,0.048431344,-0.0021861652,0.06381574,0.28336975,0.0,-0.10788169,-0.37208992,0.11936784,0.0,0.007936678,0.0,0.12803704,0.0,-0.0039085834,0.0,0.14177184,0.0,0.092955634,0.0,0.098734915,0.15829249,0.30346566,-0.24658337,0.01020432,0.2300511,0.021485507
-0.033806294,-0.41683373,-0.2882885,-0.19983974,-0.0398389,-0.032403167,0.031980667,-0.027743395,0.0,0.057663243,-0.24966389,0.05803642,0.0,-0.2756999,0.0,0.041255064,0.0,0.036060918,0.0,-0.32720628,0.0,0.101414524,0.0,0.21576948,-0.48080266,0.26529902,0.1094418,0.048137326,-0.15703414,0.005703787
0.01884631,-0.51611537,0.41379195,0.29226765,-0.08512836,0.05716673,0.025632216,-0.028950725,0.0,0.03367949,0.2574435,0.07267696,0.0,0.060194746,0.0,0.000974752,0.0,0.02156462,0.0,0.12718342,0.0,0.06441876,0.0,-0.21827993,-0.8539797,0.27317956,0.12253329,-0.006663902,-0.19852993,-0.0028851763
-0.04372078,-0.15324892,-0.33741423,-0.31791374,0.03551452,-0.0304913,-0.10371788,-0.05208006,0.0,-0.097696304,-0.28138041,-0.4595609,0.0,-0.0072525116,0.0,0.06732176,0.0,-0.052530456,0.0,0.07779281,0.0,-0.08874705,0.0,-0.1283692,-0.8843546,0.16946524,-0.20486431,-0.0006829342,0.3864406,0.051120386
-0.094039835,1.1741154,-0.4370986,0.27207795,-0.0011282614,-0.0017862408,0.048062176,-0.029553201,0.0,-0.0019679961,-0.41671035,-0.34586465,0.0,0.03556049,0.0,0.024211513,0.0,-0.013763722,0.0,0.08205264,0.0,-0.07753113,0.0,-0.06066485,0.25613794,0.3394798,-0.26508078,-0.003569433,-0.22802556,0.02629473
-0.045201685,-0.35356817,0.4323851,0.16800582,-0.21107776,0.051526267,-0.3433045,-0.016036667,0.0,-0.059063338,0.24986325,0.057986263,0.0,-0.28186908,0.0,-0.26111105,0.0,0.03994748,0.0,-0.45931265,0.0,0.083272085,0.0,0.20226961,-0.6214895,0.25225058,0.124966785,-0.005279979,-0.08689309,0.0072035883
-0.07858775,0.24656832,-0.103075884,-0.5593578,-0.05643385,0.06420402,-0.13989864,0.4059364,0.0,-0.034651242,-0.357436,0.12075077,0.0,-0.5410945,0.0,-0.17252387,0.0,0.096291035,0.0,0.10025044,0.0,0.08106707,0.0,0.103131734,0.16001783,0.35615653,0.14637062,0.025947088,-0.14654285,0.023484558
-0.035628527,-0.1234036,-0.01632601,-0.6146787,0.010735128,-0.048009187,0.014047514,-0.02563884,0.0,0.038186513,0.271572,0.07401169,0.0,0.063689716,0.0,0.015066647,0.0,0.029684152,0.0,0.07792885,0.0,0.13407339,0.0,-0.2593772,-0.92959,0.28844324,0.12180999,0.012281041,-0.19387202,-0.0064252205
0.002901246,-0.64116406,-0.77803606,-0.61491203,0.021489538,0.030795218,-0.07866089,0.28278452,0.0,-0.15328829,-0.18576133,0.042428814,0.0,-0.00032182218,0.0,0.03600418,0.0,0.0010932046,0.0,-0.6138453,0.0,0.047158938,0.0,0.044538956,0.06589106,-1.868867,-0.15962672,-0.0018162103,-0.25814274,-0.0019643765
-0.032337636,0.64268863,0.91400737,-0.20160373,0.040145237,0.04753892,0.12689939,-0.013463851,0.0,-0.049293153,0.29678828,0.09614986,0.0,0.1550243,0.0,-0.23095198,0.0,0.0034196326,0.0,-0.25624657,0.0,0.09938778,0.0,0.11396316,-0.7288858,0.2894254,0.19327787,-0.0023131159,0.1191024,-0.0065315985
-0.028563615,0.108897656,-0.2283104,-0.1726532,-0.005125025,-0.04109493,0.023671329,-0.024103802,0.0,0.031050216,0.35698807,0.074062094,0.0,0.04086927,0.0,0.14780866,0.0,-0.0042900145,0.0,0.08314115,0.0,-0.053844124,0.0,-0.07117852,0.25346547,0.33938438,-0.33072022,-1.840113e-05,0.2395666,-0.0025735945
-0.0047081653,-0.7465511,-1.0548477,-0.39029494,-0.006285262,0.04498454,-0.08424824,-0.046943493,0.0,-0.041825175,-0.21538597,-0.34384876,0.0,0.00018990885,0.0,-0.037122484,0.0,-0.009358258,0.0,0.07654113,0.0,-0.038441353,0.0,-0.06294037,0.12783764,-1.6582019,-0.046647314,-0.0011251783,-0.31492427,0.0041520605
-0.05335066,-0.29699305,0.07727527,-0.14438947,0.0662213,0.12494437,0.016258346,-0.06611593,0.0,0.014368228,-0.2675907,0.067383364,0.0,-0.22524643,0.0,0.028236836,0.0,0.027984556,0.0,0.112246014,0.0,0.15082386,0.0,0.2578778,-0.61315984,0.26339293,-0.2513867,-0.0144056585,-0.17380221,-0.0006323792
0.1803314,-0.58994365,-0.3596812,0.31517863,-0.08425942,-0.16910824,0.0721849,-0.013443513,0.0,0.035773158,0.16025497,0.03753546,0.0,-0.27679527,0.0,-0.33460632,0.0,0.005954882,0.0,-0.07324448,0.0,0.03607471,0.0,0.031021448,0.07685319,-2.4084651,-0.012198253,-0.023101604,0.2393697,-0.0022091016
-0.04751073,-0.16609955,0.2963283,0.510409,-0.09330903,-0.12287747,0.081571735,-0.009285403,0.0,0.0063688247,0.24060853,0.058584157,0.0,-0.2894359,0.0,-0.21054552,0.0,-0.0030555795,0.0,-0.11645902,0.0,-0.03930574,0.0,0.208406,-0.543774,0.29589924,0.076506466,0.022306256,-0.12880744,0.009023615
0.030715507,-1.2628142,0.2190358,0.19593896,-0.094564304,-0.059954766,0.028745485,-0.019008676,0.0,0.052201863,0.25177276,0.07817499,0.0,0.047677107,0.0,-0.20837823,0.0,0.061186727,0.0,0.10697991,0.0,0.10023092,0.0,-0.11097678,-0.92375016,0.26851586,0.095417276,0.014694356,-0.22015913,-0.005859524
-0.08086897,1.1884657,-0.061020784,0.6900059,0.008349852,-0.0017862408,0.06828673,-0.029553201,0.0,-0.0019679961,-0.41671035,-0.2707511,0.0,0.038851798,0.0,0.024211513,0.0,-0.013763722,0.0,0.08283597,0.0,-0.07697941,0.0,-0.06066485,0.25613794,0.3394798,-0.19716239,0.016092882,-0.24390239,0.073761106
-0.03426903,-0.48830044,-1.1762908,-0.5996346,0.01554477,0.016552487,0.03168984,-0.060370065,0.0,-0.08809962,-0.28861123,-0.5448358,0.0,0.0033018882,0.0,0.07691086,0.0,-0.0017667379,0.0,0.07575075,0.0,-0.10414127,0.0,-0.22504932,-0.9625584,0.14237837,-0.23814102,-0.02833099,-0.18695502,0.012732599
-0.04502356,-0.46010175,-0.5883157,-0.4062809,-0.07920262,-0.103695646,0.019820299,-0.057082977,0.0,-0.0051482692,-0.21165,-0.30931225,0.0,0.0065729255,0.0,0.09870329,0.0,-0.0054306844,0.0,0.06237308,0.0,-0.017951211,0.0,-0.06386805,0.11465129,-1.6772932,-0.07953742,0.028059468,-0.17446734,0.014636904
-0.0032848741,0.42295572,-0.19101818,-0.1265427,0.004589386,-0.0037860468,0.029258536,-0.023908867,0.0,0.07561636,0.38143778,0.0695215,0.0,0.1276943,0.0,0.074019305,0.0,-0.002664296,0.0,0.06705728,0.0,-0.06917067,0.0,-0.07992419,0.28715944,0.40585726,0.103125885,0.0068160696,-0.15393439,0.031395532
-0.042995058,0.6239541,0.121895686,-0.056361385,0.010233597,0.0006624423,0.02670345,-0.028920684,0.0,-0.044190448,0.31491628,0.08649646,0.0,0.1836954,0.0,0.069608346,0.0,0.124250956,0.0,0.08068927,0.0,-0.041743916,0.0,-0.07208899,0.26004285,0.38027704,0.10528738,0.008428878,0.18313363,-0.0038622082
-0.053176943,-0.41249326,0.3551461,-0.04907565,-0.1741588,-0.05251971,-0.21651438,-0.01700646,0.0,0.087794915,0.3891882,0.06409257,0.0,-0.29302338,0.0,-0.37677842,0.0,0.0072024693,0.0,0.12665978,0.0,0.07388042,0.0,0.102959685,0.1902661,0.3573091,0.07812674,0.013803413,-0.13524249,0.008207763
0.009950014,-0.06602869,1.504812,0.35592115,-0.006593542,0.053771604,-0.09080796,-0.005965403,0.0,0.09544929,0.18092379,0.039909177,0.0,0.037336655,0.0,-0.21210101,0.0,-0.09638647,0.0,-0.37959102,0.0,0.025948662,0.0,-0.03699235,0.08263748,-1.4157119,-0.144261,0.021682499,-0.1350134,-0.002959311
-0.089604944,0.33981365,-0.5634055,-0.029617023,-0.0118070785,0.116885826,0.0372976,-0.005229724,0.0,0.080517896,-0.22661792,-0.45092347,0.0,0.07978025,0.0,0.007234117,0.0,-0.023095502,0.0,0.012496444,0.0,-0.012077289,0.0,-0.06287878,0.11249305,-2.1000884,0.04643846,-0.00050745625,-0.15206225,-0.007538487
0.11213373,-0.42709923,-0.05882549,-0.4201853,-0.010219563,-0.047572434,0.012335449,-0.03798496,0.0,0.064441785,0.3559638,0.07310404,0.0,0.07634929,0.0,0.040018298,0.0,-0.00057178806,0.0,0.10200015,0.0,-0.044128966,0.0,-0.075945735,0.25089958,0.35347915,0.11287761,-0.005687619,0.28133547,-0.006975922
-0.063850924,-0.33885166,-0.08741189,-0.32532638,0.0749936,0.10280437,-0.06991331,-0.058631573,0.0,0.017179878,-0.30141369,0.066541485,0.0,-0.23383299,0.0,0.029657636,0.0,-0.0022712387,0.0,0.16656391,0.0,0.11958656,0.0,0.2544653,-0.6182869,0.26272675,-0.23897865,-0.0062571266,-0.16117895,-0.0011124089
-0.09969921,0.41314176,-0.07051136,-0.06569764,0.0045414697,-0.005698857,0.054466072,-0.023816645,0.0,0.04659484,-0.43660113,-0.6062322,0.0,0.023783103,0.0,0.12750283,0.0,-0.017696304,0.0,0.030638717,0.0,-0.03778283,0.0,-0.07691765,0.24183735,0.31099778,-0.17325164,-0.004621247,-0.14197253,0.009701359
0.08053051,-1.5147651,-0.29172647,0.16401727,0.0814854,-0.013502336,0.014841488,-0.040341794,0.0,0.022721391,-0.25381985,0.058358524,0.0,-0.19606614,0.0,0.013083501,0.0,0.06941897,0.0,-0.4456685,0.0,0.14777051,0.0,-0.22420666,-0.65486985,0.25535575,0.06995458,-0.026420048,-0.21746467,-0.003494146
-0.028463062,0.47168928,0.26087546,0.2578925,-0.0002827411,0.0022757736,0.03014848,-0.03289731,0.0,0.16947918,0.40228686,0.08877505,0.0,0.04700289,0.0,0.09146413,0.0,-0.0014390138,0.0,0.116168305,0.0,-0.06576641,0.0,0.097911105,0.22968525,0.4103807,-0.24811563,-0.0017359667,-0.107417054,-0.003691245
-0.048980482,1.2181419,0.6035073,0.26929352,-0.02056354,0.0023607688,-0.28641176,-0.039582957,0.0,0.09492436,0.3761064,0.098575555,0.0,0.12789372,0.0,0.04730639,0.0,-0.02645567,0.0,0.13879715,0.0,0.055734556,0.0,0.058739126,0.21179543,0.42101645,0.108118586,0.0025005727,0.19336419,-0.0046083857
-0.067550495,1.178936,-0.40582195,0.3370139,0.0646979,-0.0017862408,0.047996216,-0.029508844,0.0,-0.002052771,-0.41671035,-0.36358723,0.0,0.047324486,0.0,0.02474829,0.0,-0.013763722,0.0,0.08283597,0.0,-0.07446336,0.0,-0.06066485,0.25613794,0.32938918,-0.18783325,0.026817694,-0.2505055,-0.26119497
-0.049469814,-0.27244353,-0.9039361,-0.40261027,-0.02938818,0.020574069,-0.08589178,-0.065203376,0.0,-0.11725124,-0.28706056,-0.5214988,0.0,0.0069858218,0.0,0.057505593,0.0,-0.010099284,0.0,0.02486484,0.0,-0.08979989,0.0,-0.2003279,-0.97338086,0.13903226,-0.17076023,-0.02895753,-0.16784692,0.004739668
-0.028847044,-0.11550445,1.0710298,-0.32432705,0.015850367,0.028693657,0.034763135,-0.027304996,0.0,0.029833717,0.4109423,0.0777038,0.0,0.06690843,0.0,0.15339506,0.0,0.122107886,0.0,0.11811244,0.0,0.08607966,0.0,0.07579321,0.22755656,0.3842588,0.11625027,-0.0008289788,0.22910878,-0.0053766584
-0.084406495,0.5097528,-1.0201294,0.09370958,-0.001832777,-0.002688909,0.04664732,-0.024211649,0.0,-0.056058947,-0.41586432,-0.6257665,0.0,0.0121441055,0.0,0.06362645,0.0,-0.017571189,0.0,0.054271918,0.0,-0.08786032,0.0,-0.066774584,0.24896942,0.3190624,-0.2231088,-0.0031921715,-0.14386302,0.007377329
0.22286566,-0.4346843,0.018319543,0.080294944,-0.052985493,-0.006516693,-0.11183116,0.35319236,0.0,-0.034353305,-0.3318595,0.08813967,0.0,0.046943292,0.0,0.075731605,0.0,-0.018836804,0.0,0.15336052,0.0,0.07965945,0.0,-0.07004866,0.17710371,0.29829994,0.089039825,-0.017567782,0.27439937,0.011346464
-0.052868325,0.21732427,-0.3000009,-0.69021064,-0.028937185,0.004874602,0.037135646,-0.066693544,0.0,-0.18400054,-0.42403626,0.10356577,0.0,-0.27621415,0.0,0.061532505,0.0,-0.004069838,0.0,0.042723075,0.0,-0.051996645,0.0,-0.084906325,0.20275082,0.30865505,0.064699136,-0.002089601,-0.18839122,-0.049658336
-0.17265132,-1.1936029,-1.1024749,0.07495653,-0.06870413,-0.16140717,0.025328813,-0.037534233,0.0,0.01218658,0.1626872,0.041320853,0.0,-0.3250073,0.0,-0.24338876,0.0,-0.018778827,0.0,0.13511002,0.0,0.03607471,0.0,0.021147002,0.13609281,-2.4213846,0.0027428241,-0.021090113,0.19770128,0.008142976
-0.0005359554,-0.9942478,-0.6719556,-0.62738806,0.030264352,0.0376013,-0.09617021,-0.05235484,0.0,0.05111677,-0.21759641,-0.36984813,0.0,0.0021374512,0.0,-0.034067363,0.0,-0.004478271,0.0,0.07097403,0.0,-0.054587264,0.0,-0.059959214,0.11957352,-1.6378866,0.0138869975,-0.016204158,-0.31492662,-0.003201513
-0.0074990382,-0.5365246,-0.6847549,0.22856528,0.055144217,-0.020884374,-0.05248205,-0.033469975,0.0,0.05540947,-0.24935429,0.057375148,0.0,-0.2474575,0.0,0.053515688,0.0,0.04601908,0.0,-0.5281819,0.0,-0.13648167,0.0,-0.23715557,-0.66606545,0.19191152,0.05315887,0.08741593,-0.2549231,0.011388579
0.004930562,0.002646422,0.3182917,0.24719922,-0.022050228,-0.028900495,0.024310743,-0.017365312,0.0,0.10200868,-0.16828606,0.03899235,0.0,-0.20352611,0.0,-0.11386844,0.0,0.02774767,0.0,-0.48076105,0.0,0.046143897,0.0,0.038382515,0.048552297,-1.710606,0.03747578,-0.009833541,0.5149491,0.008142976
0.06994332,-0.5443932,0.112430096,-0.5893097,-0.012629525,0.07257,0.03496904,-0.030190753,0.0,0.044863697,0.24844198,0.059074704,0.0,-0.19092473,0.0,-0.3179244,0.0,-0.0072931475,0.0,0.08503959,0.0,-0.06645859,0.0,0.21195865,-0.6467015,0.18607959,-0.20655182,0.029386451,-0.1480017,-0.0051507773
-0.09301497,0.2935828,-0.3468547,-0.05346287,0.0056734723,-0.0054849274,-0.17506438,-0.025896773,0.0,-0.038231917,-0.31011885,-0.48844105,0.0,0.026412783,0.0,0.08561479,0.0,-0.02436163,0.0,0.04919636,0.0,-0.07666503,0.0,-0.20385,-0.9844091,0.20846148,-0.22528072,-0.0025631106,-0.13214147,-0.007345803
0.007567515,0.60620606,0.32505006,-0.044141833,0.2306384,-0.003585234,0.04752391,-0.029662909,0.0,-0.06329167,0.39739874,0.10017203,0.0,0.11608379,0.0,0.04766442,0.0,-0.0047699087,0.0,0.06941376,0.0,0.089459,0.0,0.0739816,0.20367894,0.39605302,0.12445098,0.0030358671,0.13296607,-0.0047808383
-0.045932706,-0.42974913,-0.46262586,-0.9895141,-0.024059938,-0.09712594,-0.074330375,-0.045672495,0.0,-0.16294335,-0.21163544,-0.34891564,0.0,0.00404369,0.0,0.105921246,0.0,-0.010755896,0.0,0.0061547356,0.0,-0.01644452,0.0,-0.06350927,0.11425573,-1.895164,0.0033505626,0.06358459,-0.16222782,-0.0065609445
0.19121492,0.78184134,0.21796666,-0.10981714,-0.024604827,-0.00052818604,0.039503444,-0.036502194,0.0,-0.04536899,0.33814782,0.08304179,0.0,0.1175143,0.0,0.13059011,0.0,-0.012463726,0.0,0.06432056,0.0,0.0655564,0.0,-0.07240339,0.28040707,0.41205692,-0.24820201,0.00074210425,-0.09189713,0.057071526
-0.038203564,-0.19015811,0.5364588,0.08588013,0.19681518,-0.038243562,-0.15657882,-0.030533338,0.0,0.08234437,0.24167512,0.08527724,0.0,0.088620596,0.0,-0.26616013,0.0,0.049445026,0.0,0.19702715,0.0,0.11017116,0.0,0.18296991,-0.65951073,0.31379172,0.09568394,-0.00730011,0.21531996,-0.0032955413
0.036633577,-1.3553206,0.118227676,-0.16973521,-0.11007217,-0.03219807,-0.002316867,-0.037902933,0.0,0.07205526,0.24760126,0.069444224,0.0,0.027006894,0.0,0.051020723,0.0,-0.10253557,0.0,0.1483909,0.0,0.12332872,0.0,-0.042209975,-0.85885185,0.23889227,-0.2839497,-0.008530919,0.49349287,-0.0056486353
-0.105760284,-0.59137595,-2.1234148,-0.13888352,-0.03143844,0.008090002,0.00704626,-0.06455268,0.0,-0.08299826,-0.26607373,-0.54683495,0.0,-0.01234586,0.0,0.08738702,0.0,-0.0375544,0.0,0.059006166,0.0,-0.08364099,0.0,-0.197424,-0.98697966,0.08484992,-0.39869133,-0.007358562,-0.1871027,-0.00812971
-0.06568855,-1.0306461,-0.39145705,-0.7220236,-0.015809195,-0.16853032,-0.14756781,-0.06576925,0.0,-0.058011603,-0.19496025,0.04320514,0.0,-0.14199395,0.0,-0.095634386,0.0,0.05074673,0.0,0.115918666,0.0,-0.027347911,0.0,-0.054703735,0.09079783,-1.9909322,0.038036786,-0.018306775,-0.28922492,0.010210039
-0.043809187,1.2077287,-0.12389778,-0.1582826,0.012117947,0.0043538595,0.043963272,-0.06235717,0.0,-0.0020873935,-0.3745442,0.16063705,0.0,0.08432102,0.0,-0.01631332,0.0,-0.016179534,0.0,0.11102774,0.0,-0.061391935,0.0,-0.06405006,0.24059899,0.36302024,0.085743286,-0.00068140455,-0.23880394,0.018956907
-0.06633612,-0.0144001115,0.10586959,-0.24285229,0.12038332,0.027729342,0.034199324,0.2608848,0.0,-0.05440078,-0.17092577,0.03838914,0.0,-0.19774002,0.0,0.12525547,0.0,0.0076433634,0.0,-0.2583019,0.0,-0.055508897,0.0,-0.043565344,0.09233921,-1.9809731,0.093178764,-0.0074497284,-0.16846023,-0.02089275
0.040604714,-0.11368275,0.5764168,0.18151088,0.19919375,-0.057268005,-0.13992064,-0.026261417,0.0,0.069623336,0.24167512,0.08527724,0.0,0.08692818,0.0,-0.13775173,0.0,0.044733208,0.0,0.12946267,0.0,0.052935105,0.0,0.18296991,-0.63038635,0.30317613,0.10460413,-0.00753619,0.2290282,-0.0027693878
-0.033173773,-0.78707993,-0.5654624,-0.66492015,0.018809406,0.1383571,0.0533273,-0.062917,0.0,0.058770414,-0.21386044,-0.35325366,0.0,0.016674928,0.0,-0.055028103,0.0,-0.003315073,0.0,0.056239624,0.0,-0.038436167,0.0,-0.060886897,0.10539516,-1.5366802,0.030015182,-0.016655939,-0.29412955,-0.0041244715
0.0007192241,-0.8499674,-0.2904387,0.21421836,0.0030586352,0.0033250093,0.020752069,-0.017489873,0.0,0.100399174,-0.18375105,0.037291177,0.0,-0.14823046,0.0,-0.108172074,0.0,0.023845049,0.0,-0.2811348,0.0,0.047269065,0.0,0.04861861,0.058655977,-1.8040473,-0.21832293,0.060512826,-0.20888624,0.007700366
-0.101516224,-1.9104103,0.56992155,0.2488754,-0.17610225,0.03767237,0.032553162,-0.030792795,0.0,-0.024012556,0.25042376,0.07676402,0.0,0.047991183,0.0,-0.055706482,0.0,-0.039475795,0.0,0.11777767,0.0,0.03392116,0.0,0.22246541,-0.9956543,0.29117623,-0.31348488,0.004584669,-0.17510904,-0.0056764307
0.1754936,1.2534498,-0.35782018,0.17192104,-0.030796899,0.02393626,0.03421456,-0.03454677,0.0,-0.015660862,0.36860076,0.07984064,0.0,0.051507313,0.0,0.10103105,0.0,-0.009753244,0.0,0.13412102,0.0,-0.039509263,0.0,-0.05965076,0.2953536,0.42249417,0.07781206,0.008754726,-0.2391147,0.014298639
-0.2126599,-0.15207076,-0.32882914,0.47306326,0.10153074,-0.1529981,0.059945818,-0.03522889,0.0,-0.010352571,0.23771703,0.06723623,0.0,-0.35974985,0.0,-0.25880817,0.0,0.014413929,0.0,0.018300638,0.0,0.0719392,0.0,0.13029371,-0.45092392,0.31534344,0.03944388,-0.02138611,0.011227447,0.00789029
0.11734192,0.26743734,0.4517181,-0.45249903,0.026017243,0.07850959,0.0022700937,-0.028528491,0.0,0.045441296,0.42029467,0.08413475,0.0,0.055614408,0.0,0.09874406,0.0,0.00010149354,0.0,0.056921616,0.0,0.08697815,0.0,0.0992493,0.18241107,0.37638572,0.11901095,-0.0021845617,0.23020661,-0.00850776
-0.030884506,0.73707414,1.0333805,-0.07238356,-0.002210618,0.045262035,0.044432145,-0.02587034,0.0,0.064519085,0.40902042,0.09562144,0.0,0.08603605,0.0,-0.19557193,0.0,-0.0028521856,0.0,0.09567859,0.0,0.07203949,0.0,0.09525284,0.20451818,0.3905563,0.19006486,-0.101278774,-0.11897979,-0.0065608686
-0.003656294,-1.4352252,-0.39489117,-0.77396894,0.01695143,-0.07561737,-0.013345845,-0.062480606,0.0,-0.13905515,-0.21386044,-0.29297245,0.0,0.0021455504,0.0,-0.052416082,0.0,-0.09825247,0.0,0.08036482,0.0,-0.09712062,0.0,-0.03184806,0.09545533,-1.8914149,-0.0026364005,0.019726263,-0.30370405,0.03963105
0.032637563,0.58061135,0.30797186,0.1741356,0.0050688707,-0.0041242074,0.04833685,-0.026951574,0.0,0.118280984,0.3747137,0.084734336,0.0,0.15618028,0.0,0.07223287,0.0,-0.005284638,0.0,0.060500883,0.0,-0.060872383,0.0,0.1150785,0.23160866,0.38862187,0.090659715,0.0022141393,0.14029038,-0.006213249
-0.045857806,-0.41896355,-0.5290684,-0.45635664,-0.033586744,-0.1094343,-0.077582456,-0.0421417,0.0,0.038176406,-0.21268323,-0.39737472,0.0,0.013475296,0.0,0.085042186,0.0,-0.011578365,0.0,0.0068454584,0.0,-0.016083814,0.0,-0.06472956,0.10946522,-1.941232,0.031235233,0.09257685,-0.17030282,-0.0053170985
-0.007584391,-1.1552715,-1.1488017,0.498571,-0.039806128,-0.29020947,-0.04857566,-0.04191769,0.0,-0.029802542,-0.21742149,-0.4206221,0.0,0.011110909,0.0,0.11918014,0.0,-0.10499552,0.0,0.06588314,0.0,-0.09162574,0.0,-0.027431406,0.09853338,-1.2460325,0.21845078,-0.13538545,-0.17187764,0.0133539
-0.041508712,-0.5987132,-0.044096828,0.06881684,0.107829094,0.048517883,0.034580003,-0.027432336,0.0,0.08882163,-0.2540113,0.0581868,0.0,-0.30758476,0.0,-0.047826014,0.0,0.027693622,0.0,-0.3584639,0.0,0.11416287,0.0,-0.22942083,-0.66956127,0.22448964,0.075617336,0.061893973,-0.23316902,0.004477736
-0.029884841,-0.0037606035,-0.14905664,0.013983002,-0.056600176,0.011151433,0.057602532,0.11706561,0.0,-0.0697818,-0.37381923,0.11376992,0.0,0.062710665,0.0,0.096716285,0.0,-0.03246328,0.0,0.07941422,0.0,-0.068768285,0.0,-0.07976895,0.19015001,0.29681617,0.090491176,0.013685749,0.24615332,-0.00010453502
-0.037420955,0.28771755,-0.14311093,-0.15878335,-0.031861957,0.0023763583,0.055971734,0.1772598,0.0,-0.0859439,-0.38754088,0.11114451,0.0,0.05128891,0.0,0.10006071,0.0,-0.0020471285,0.0,-0.43846682,0.0,0.09631133,0.0,0.06512578,0.15064861,0.3245317,0.09415643,0.008445835,0.19778815,-0.0020531495
-0.0522177,-0.4182606,-0.9179434,-0.6022802,-0.037173994,0.03098073,-0.08914387,-0.0568883,0.0,-0.0046214666,-0.28435782,-0.56995785,0.0,0.017223386,0.0,0.0017392864,0.0,-0.010921754,0.0,0.024856795,0.0,-0.07149981,0.0,-0.23006013,-0.91163534,0.16363627,0.052522868,0.0537548,-0.1671064,0.005534796
-0.025475929,0.13672197,-0.16650955,-0.13985339,-0.0066277413,-0.012522426,0.02336093,-0.037809726,0.0,-0.022165295,0.35580575,0.0756987,0.0,0.033929195,0.0,0.12147626,0.0,0.036483698,0.0,0.12350226,0.0,-0.06043838,0.0,-0.06668389,0.2523336,0.3455713,-0.2578754,0.0051457295,0.18233722,-0.0036122778
-0.0057779327,0.3989302,-0.1867501,-0.33514842,0.035046816,0.010675294,-0.1598748,-0.0094106225,0.0,-0.052195467,-0.37402004,0.10860302,0.0,-0.23131804,0.0,0.09611846,0.0,-0.008866835,0.0,0.07470962,0.0,-0.0575799,0.0,-0.07323044,0.22113463,0.34622037,0.058750883,-0.02527735,-0.16248204,0.006824785
-0.0005441677,-0.03233061,0.74914694,0.505198,-0.19540131,-0.12515019,-0.26463184,-0.018427864,0.0,0.062303677,0.25573087,0.082133576,0.0,0.06823166,0.0,-0.20746231,0.0,0.020342845,0.0,0.10637457,0.0,0.059978087,0.0,0.2578025,-0.69565547,0.31236517,0.111769535,0.0034393861,-0.14509468,-0.0031424048
-0.03096559,-0.056652308,0.028508067,-0.27476093,0.02247849,-0.10951333,0.017870866,-0.023047177,0.0,0.07797197,-0.27206963,0.083113596,0.0,0.07222167,0.0,0.007155606,0.0,0.027978756,0.0,-0.33876565,0.0,0.10815816,0.0,0.24374527,-0.45664695,0.28773552,0.138461,0.01837177,-0.15701307,-0.0064252205
0.009165803,-1.4953166,0.6992222,0.17902407,0.10900934,-0.18581484,-0.038827967,-0.034286574,0.0,0.121713005,0.2057445,0.04171753,0.0,-0.31714195,0.0,0.26520148,0.0,-0.0038224696,0.0,0.16232885,0.0,0.057059567,0.0,0.06610914,0.22162083,-2.2101068,0.056323666,-0.005770776,-0.1689593,0.0093677305
-0.03598022,-0.33597907,0.09843441,-0.5043958,-0.10859878,0.019920627,0.04884491,0.32555035,0.0,-0.031202402,-0.32347012,0.08432867,0.0,0.06288116,0.0,0.04157132,0.0,-0.002222371,0.0,0.15679894,0.0,-0.051912393,0.0,0.10469896,0.15169999,0.28957975,0.16675122,0.0038734006,0.2601722,-0.010580419
-0.042261902,1.1943904,0.26114345,0.009769576,-0.007705027,0.024105404,-0.20563965,-0.03188853,0.0,-0.04413008,0.39812618,0.09097647,0.0,0.12584183,0.0,0.12127721,0.0,-0.015489698,0.0,0.14075945,0.0,0.05600596,0.0,-0.05691715,0.28209287,0.43711644,0.066273674,0.008981319,-0.18274422,0.028391924
-0.067724474,-0.39732352,-0.28308907,-0.09358989,-0.034559727,0.09560496,0.029343683,-0.068074875,0.0,-0.015298171,-0.412829,0.06354361,0.0,-0.11638681,0.0,0.021312337,0.0,0.003372388,0.0,0.07879211,0.0,-0.042194027,0.0,-0.09118429,0.2201676,0.29096666,-0.13686149,-0.01252363,-0.2512789,0.010279016
-0.060991112,0.60599756,0.16129312,-0.07356853,-0.023351762,-0.001744912,0.051770464,-0.040983975,0.0,0.08215174,0.3250477,0.09258428,0.0,0.19252555,0.0,0.08208276,0.0,-0.012323411,0.0,0.1036882,0.0,-0.04419297,0.0,0.114658475,0.21151824,0.38970843,0.104643926,0.0022954969,0.13790539,-0.0043105627
-0.027472144,0.5909098,0.88558733,-0.120194405,0.02509749,-0.0018685535,0.045991965,-0.034305815,0.0,-0.0014907103,0.41017842,0.087982625,0.0,0.032994118,0.0,0.11252025,0.0,-0.0419118,0.0,0.102404825,0.0,0.07247165,0.0,0.09236106,0.24124317,0.29117432,-0.36608136,-0.0012860931,-0.119080216,-0.004651216
-0.02043389,0.31284213,0.14480992,-0.069492586,0.11900315,0.08083638,0.0005141224,-0.010975391,0.0,-0.08127452,-0.24004413,-0.30991805,0.0,0.020568676,0.0,0.12925549,0.0,-0.0043930155,0.0,0.050443947,0.0,-0.039487466,0.0,-0.061460644,0.104068734,-1.698474,-0.114914715,-0.18623692,-0.18291144,0.015417853
-0.044578042,-0.3761429,-0.5284342,-0.46638414,0.00032197355,-0.104065515,-0.07895171,-0.044825632,0.0,-0.04092234,-0.21163544,-0.2641646,0.0,0.007024754,0.0,0.097631484,0.0,-0.011292015,0.0,0.061372936,0.0,-0.0176845,0.0,-0.06294037,0.11398278,-1.8689643,0.059694987,0.009996196,-0.18395533,0.0043691304
-0.0822962,0.44281185,-0.6131061,-0.1419303,0.052297533,0.014858033,0.04367745,0.044102322,0.0,-0.05453375,-0.17162263,0.16460752,0.0,0.04219282,0.0,0.03766899,0.0,-0.022844983,0.0,0.07443904,0.0,-0.07597202,0.0,-0.2464429,-0.9139393,0.24835397,0.045503106,-0.12656473,-0.15415944,-0.0014585545
-0.03385795,0.62650603,-0.29033214,-0.021767719,-0.033023648,0.002750845,0.038176168,-0.03784849,0.0,-0.10106812,-0.35371083,0.11841203,0.0,-0.3995709,0.0,0.055488944,0.0,-0.011017728,0.0,-0.19048439,0.0,-0.038723037,0.0,-0.049665917,0.22414428,0.3438848,0.04248807,-4.6632485e-06,-0.1284932,-0.027404519
-0.051171724,-0.46176198,-1.4998919,-0.62519705,0.01847318,-0.07100973,-0.068325914,-0.05155068,0.0,0.12851746,-0.19629852,-0.4061031,0.0,-0.0114748785,0.0,0.081482194,0.0,-0.0180716,0.0,0.12847531,0.0,-0.020389214,0.0,-0.049437463,0.106284,-1.3573152,-0.20780472,0.017418072,0.25355148,0.029825687
-0.028336735,-0.32213002,1.1098658,0.19243358,0.019503506,0.021322666,0.034055777,-0.027381089,0.0,0.028849524,0.4216121,0.08112836,0.0,0.0856723,0.0,-0.13256294,0.0,0.02173269,0.0,0.12992845,0.0,0.085193135,0.0,0.116456464,0.1949941,0.36971018,0.19141488,0.016322482,-0.19257462,-0.006707972
0.00535342,-1.3454587,0.7106173,0.14122503,-0.09895854,-0.038797747,-0.12130373,-0.029499937,0.0,0.07210476,0.35474908,0.08337392,0.0,0.07360574,0.0,-0.2773515,0.0,-0.13778591,0.0,0.151662,0.0,0.10010438,0.0,0.05825861,0.20131192,0.37992886,0.11436279,-0.0036393802,0.23900004,-0.0025167004
-0.036966827,-0.56679076,0.47895965,0.16273592,0.1328858,-0.03844667,0.031552333,-0.031525098,0.0,0.07084278,0.38854495,0.08350348,0.0,0.08389848,0.0,-0.3110669,0.0,0.011603102,0.0,0.13241313,0.0,0.09184685,0.0,0.098863356,0.2014702,0.37512136,0.09757476,-0.0034909744,-0.18587692,-0.0057248636
0.14125237,0.14293341,0.0326306,-0.62380266,-0.004193391,-0.04796105,0.009514002,-0.033598073,0.0,0.09319768,0.42179203,0.083432436,0.0,0.07189646,0.0,0.022431605,0.0,-0.004504945,0.0,0.08613592,0.0,0.07668776,0.0,-0.075299196,0.21593024,0.36600247,0.141883,-0.0025636663,0.20311199,-0.0145023605
-0.0696122,0.0076232217,-0.10893636,0.36157745,0.059061565,0.07084048,-0.08928431,-0.027529888,0.0,0.04104665,-0.2605426,0.05806275,0.0,-0.23924056,0.0,0.14669764,0.0,0.00038719602,0.0,-0.38212115,0.0,-0.08310057,0.0,0.23549135,-0.486604,0.26123253,0.10535721,0.042829316,-0.14576428,0.0076122116
-0.17491964,-0.82173026,0.18159388,0.6192687,-0.1177174,0.19764084,0.10051215,-0.018535169,0.0,0.0432357,0.33876264,0.066944264,0.0,0.060999084,0.0,-0.32429934,0.0,0.009293244,0.0,0.008484401,0.0,0.059001252,0.0,0.035301458,0.13860503,0.3198667,-0.297397,-0.023997312,0.016825844,-0.0032565645
0.28646177,0.42376512,0.1398564,-0.05565697,0.08832411,-0.0019037477,0.053524196,0.1770166,0.0,-0.07364024,-0.35000455,0.12860787,0.0,-0.06927206,0.0,0.124493815,0.0,0.001193376,0.0,0.0816629,0.0,-0.017887317,0.0,-0.0747036,0.23855956,0.34374815,-0.1002207,0.011443708,-0.16083957,0.0104814675
0.09720522,-1.376741,-0.12994744,-0.044720106,-0.09025595,-0.024965266,-0.0741854,-0.026090287,0.0,-0.051267114,-0.24935429,0.057769813,0.0,-0.22124086,0.0,0.05230885,0.0,0.06715175,0.0,-0.55311555,0.0,-0.17403647,0.0,0.21474911,-0.50781024,0.25544658,0.08174708,0.07076378,-0.1903183,-0.0013759614
-0.09216738,0.4884362,-0.90712917,-0.32932058,0.0013012289,0.0061517805,0.050161727,-0.0206632,0.0,0.01640615,-0.4297473,-0.6030387,0.0,0.0667212,0.0,0.027933914,0.0,-0.016879966,0.0,0.058013193,0.0,-0.07251199,0.0,-0.07141912,0.23875853,0.3276628,0.251016,-0.0049477555,-0.16207917,0.0017430445
-0.0695484,1.1993212,-0.24601129,0.73902535,0.0061455895,-0.0011567124,0.07001013,-0.019153576,0.0,0.01636263,-0.41671035,-0.2807676,0.0,0.054528546,0.0,0.062257923,0.0,-0.014464155,0.0,0.077077284,0.0,-0.07273818,0.0,-0.06260801,0.26146597,0.33820018,-0.225247,-0.0029808306,-0.22902986,0.08647649
-0.026629072,-0.17568725,0.99905217,-0.17386074,-0.016822396,0.13923387,0.021584269,-0.017317245,0.0,-0.16309895,0.20328715,0.041309796,0.0,0.056695327,0.0,0.1191665,0.0,0.014294976,0.0,-0.5560418,0.0,0.039365403,0.0,0.015785955,0.10688166,-2.0780044,-0.28977904,0.014154734,-0.16094977,-0.0059169233
0.116236866,-0.40308848,-0.396508,-0.38352674,0.0039036362,-0.07238822,0.003805608,-0.030590953,0.0,-0.056255266,0.38604316,0.06516108,0.0,0.038019422,0.0,-0.006897889,0.0,0.00029135577,0.0,0.10265639,0.0,-0.050766736,0.0,-0.08884927,0.2866626,0.36533087,-0.25074857,-0.012672833,-0.20897233,-0.01243437
-0.034016002,0.23164262,0.06515141,0.18774849,-0.15158929,-0.02002144,0.04698591,-0.023091141,0.0,-0.08452321,-0.4577622,-0.44036067,0.0,0.023308652,0.0,0.15053558,0.0,-0.026183387,0.0,0.035904985,0.0,-0.05402318,0.0,-0.08064002,0.22171818,0.2722692,-0.15457195,0.030199416,-0.18026271,0.033099648
-0.07740024,0.48673484,-0.39915454,0.06916958,-0.0028366772,0.011869449,-0.15067628,-0.027389582,0.0,-0.042183902,-0.31651443,0.14104968,0.0,-0.4028034,0.0,-0.026850477,0.0,-0.0232121,0.0,0.08313524,0.0,-0.031237626,0.0,0.080798715,0.17413414,0.34849325,0.058311332,-0.021617059,-0.14365914,-0.00825677
-0.047208373,1.2574071,-0.12897918,-0.19881406,-0.025800856,-0.0023394427,0.04486229,-0.033270415,0.0,0.015815716,-0.3606612,0.15464352,0.0,0.07204725,0.0,0.06701518,0.0,-0.014464155,0.0,0.10470022,0.0,-0.07328989,0.0,-0.06329182,0.26146597,0.35186058,-0.20108303,-0.0008913302,-0.23973949,-0.055097893
-0.04147799,-0.22703378,-0.21870576,-0.23119722,-0.06673271,0.13920018,-0.14970349,0.16490228,0.0,-0.06248622,-0.22279258,0.06536122,0.0,0.040499266,0.0,-0.020271353,0.0,-0.00068786787,0.0,-0.28467038,0.0,0.1300717,0.0,-0.17444491,-0.87526876,0.22240072,-0.26648846,-0.0025932796,-0.19317737,0.019404303
0.1384706,-0.30659807,-0.38896388,-0.047795277,0.08078093,-0.030059295,0.016237494,0.25349545,0.0,-0.11945323,-0.21080174,0.07235457,0.0,0.017097805,0.0,-0.043175623,0.0,-0.008347345,0.0,-0.59958965,0.0,0.11019893,0.0,0.24200179,-0.4407477,0.29059392,0.1298602,-0.009900221,-0.12887366,-0.014328376
-0.028698536,0.17209984,-0.39890918,-0.12686333,0.00301112,0.003621745,-0.11260169,-0.054454938,0.0,-0.09541925,-0.44879955,0.11854629,0.0,0.049216595,0.0,0.08657614,0.0,0.054336984,0.0,0.10910767,0.0,0.079321705,0.0,-0.0722809,0.19168203,0.3317685,0.08550359,5.501375e-05,-0.1598137,-0.0022223457
0.021536978,-1.4346138,0.94589627,0.14446567,-0.086518124,-0.03891185,0.029113967,-0.030104604,0.0,0.07144776,0.35079098,0.08364063,0.0,0.07315391,0.0,-0.26330283,0.0,-0.099007584,0.0,0.12030793,0.0,0.10010438,0.0,0.05563465,0.19680943,0.38164437,0.117925614,-0.0001348152,0.23971431,-0.0034396588
-0.06759542,-0.25411445,0.25041944,-0.41559368,0.1284367,0.019474266,-0.12550196,0.35605425,0.0,-0.029460326,-0.32648307,0.06822472,0.0,-0.20979682,0.0,0.09143569,0.0,0.045803826,0.0,0.18647514,0.0,-0.04892498,0.0,-0.07957751,0.16854613,0.2765287,0.12665239,0.007708563,0.2910412,0.0013788017
0.07109832,-1.1285045,0.157258,0.016957702,0.085217126,0.029720293,0.025395917,-0.035899118,0.0,0.1715413,0.35030097,0.08073947,0.0,0.018372163,0.0,0.0022334263,0.0,0.010460408,0.0,0.13656436,0.0,0.10051394,0.0,0.06964717,0.21338928,0.33649084,-0.27304465,-0.006864971,0.271631,-0.0057862373
-0.08422312,-1.2695062,-0.4933261,-0.5224609,-0.043900687,0.021109607,-0.14959624,-0.06923394,0.0,0.04134696,-0.27766514,0.06354361,0.0,-0.14747556,0.0,0.016248737,0.0,-0.005286793,0.0,0.12602709,0.0,0.09365691,0.0,-0.19232047,-0.80246395,0.21447864,-0.17685345,-0.009062194,-0.36823928,0.009928099
-0.029072048,0.14378318,0.31305754,-0.17654912,0.08718776,0.038306106,-0.1791524,-0.015828613,0.0,0.16941252,0.28884056,0.07669149,0.0,0.07503339,0.0,0.08028616,0.0,-0.0018194859,0.0,-0.37581268,0.0,0.10618107,0.0,0.13847128,-0.727668,0.30255264,0.13750462,-0.0011908521,0.22129565,-0.004876558
0.06963978,-1.513808,0.19524062,0.30221245,-0.078229815,-0.1696313,0.03369416,-0.014497927,0.0,0.03866998,0.1803603,0.03732906,0.0,-0.30640647,0.0,-0.28235322,0.0,-0.03161021,0.0,-0.13155723,0.0,0.035550736,0.0,0.036884733,0.09264042,-2.6223705,-0.010667129,0.038667418,-0.16816388,-0.002834805
-0.080052756,-1.1256332,-0.46200934,0.4113291,0.11111624,-0.15908547,-0.12184198,-0.020491878,0.0,0.12529618,0.16216747,0.038188685,0.0,-0.35432392,0.0,-0.3078611,0.0,-0.0040711104,0.0,-0.11035569,0.0,0.048722014,0.0,0.024267929,0.08937655,-2.555046,-0.010116147,-0.023028929,0.13364013,0.008813247
-0.03285485,0.75475574,0.9733879,0.28545555,0.025961153,-0.0135489805,-0.18718912,-0.03166471,0.0,0.044587575,0.43049404,0.09557109,0.0,0.11649357,0.0,-0.2611875,0.0,0.14445484,0.0,0.047450345,0.0,0.09607812,0.0,-0.084758304,0.26142877,0.27438313,0.15135421,0.00026592257,-0.088497885,0.050938614
-0.04773942,1.4434843,0.19758017,-0.048445787,-0.029211143,0.002579179,0.060596768,-0.044406213,0.0,-0.071527556,0.35954145,0.098575555,0.0,0.12578866,0.0,0.021698676,0.0,-0.011197644,0.0,0.15758163,0.0,0.0548763,0.0,0.067646265,0.21675359,0.41983297,0.06903284,0.0024860185,0.21091634,-0.005654858
0.0050610527,-0.89509535,-0.2470414,0.16565448,-0.21473756,-0.013524432,-0.2680896,-0.01854857,0.0,0.033953276,0.24986325,0.07490741,0.0,0.08893747,0.0,-0.21207412,0.0,0.014044156,0.0,-0.0026249,0.0,0.025580907,0.0,0.21345115,-0.6158458,0.31278768,0.060810823,-0.009780705,-0.12930994,-0.0026936862
0.20481569,-1.049328,0.010753614,-0.048374996,-0.13307062,-0.05967491,0.039998837,-0.035222378,0.0,0.08393387,-0.25437555,0.057116922,0.0,-0.09079636,0.0,-0.061566047,0.0,0.012165206,0.0,-0.48548156,0.0,0.096982524,0.0,0.18604298,-0.48503295,0.24016927,-0.30407822,-0.031490877,-0.23329256,-0.0035323703
0.12269725,-0.497858,0.60614073,-0.4741181,0.012807065,0.011862179,0.039748784,-0.03621753,0.0,0.04536104,0.35314685,0.07950344,0.0,0.066569544,0.0,0.20424463,0.0,-0.029453866,0.0,0.11070538,0.0,0.07609137,0.0,0.081656195,0.21160269,0.32541263,0.14568967,-0.007062149,0.30170736,-0.00850776
-0.06989245,-0.39760816,-0.1284135,-0.043842766,-0.057233617,0.09512416,0.031340614,-0.050770007,0.0,0.008067006,-0.38375264,0.065478,0.0,-0.11561511,0.0,0.047204185,0.0,0.0026204223,0.0,0.08349435,0.0,-0.042392716,0.0,-0.07306732,0.20523429,0.2745891,-0.13706018,-0.01236328,0.3524833,0.010456001
0.041829046,-0.3412597,0.8201547,0.3321478,0.16462561,0.099029966,0.059548993,-0.016734777,0.0,0.013069689,0.2285346,0.07410859,0.0,0.08772802,0.0,-0.07878681,0.0,0.0191464,0.0,-0.38950512,0.0,0.05897088,0.0,0.1474444,-0.5567965,0.2829316,0.15109238,-0.010940872,0.20228325,-0.0036923462
-0.04546782,1.2371849,-0.05882468,-0.18150565,0.024551863,0.023134002,-0.17303845,-0.045872048,0.0,-0.009155691,-0.34726918,0.16037624,0.0,0.06625683,0.0,0.10426404,0.0,-0.029878018,0.0,0.12413811,0.0,-0.07437279,0.0,-0.050234202,0.25027916,0.35133493,-0.17474875,-0.0002966122,0.3048695,0.020239944
-0.093823284,0.51050514,-1.7510914,0.08198989,-0.012128174,-0.014990777,0.045097366,-0.018117389,0.0,-0.0071275486,-0.41586432,-0.6768127,0.0,0.04640487,0.0,0.09799935,0.0,-0.014464155,0.0,0.03797811,0.0,-0.078601785,0.0,-0.06472688,0.25429744,0.2639415,-0.29214972,0.014960739,-0.1085291,0.04684436
0.11690382,0.42155945,-0.17241877,0.048565727,0.0027798875,-0.0009819556,0.029958237,-0.033554044,0.0,0.098559394,0.35078394,0.08680053,0.0,0.07233932,0.0,0.029256554,0.0,-0.003213095,0.0,0.07876663,0.0,-0.061148528,0.0,-0.07683608,0.25907362,0.37347418,0.10057126,0.005860199,0.20121616,-0.006175554
-0.088795386,0.39800802,-1.0727072,-0.08756859,-0.0015449283,-0.0047446014,0.053926818,-0.017269054,0.0,-0.049670577,-0.43660113,-0.5750763,0.0,0.02987729,0.0,0.1412247,0.0,-0.01916761,0.0,0.036099598,0.0,-0.035333302,0.0,-0.070864886,0.24689245,0.31124446,-0.19185475,-0.0035163981,-0.14423141,-0.004371034
-0.021209318,-0.9502032,-0.74129933,-0.5564244,-0.05300871,0.018646894,0.028613234,-0.059789624,0.0,-0.048475336,-0.2597875,0.06109206,0.0,-0.16192704,0.0,-0.0106243,0.0,0.040418707,0.0,0.12872349,0.0,-0.08496325,0.0,-0.2220506,-0.7376173,0.211637,0.09838036,0.0049779397,-0.3791237,0.009822518
-0.027999587,-0.4774511,-0.37065804,-0.3628694,0.0026758136,-0.07297413,0.005823566,-0.049948324,0.0,-0.038706604,0.3531179,0.06684414,0.0,0.041359186,0.0,0.095660485,0.0,-0.0008300559,0.0,0.12022116,0.0,-0.050814696,0.0,-0.07055527,0.26108614,0.34493345,-0.23974001,-0.0008623211,0.2840014,-0.0018747011
-0.011751165,-1.1146977,-0.26778477,0.39475787,-0.07958659,0.036428496,0.0016417901,-0.019126669,0.0,-0.05690278,-0.18725082,0.03627088,0.0,-0.14331953,0.0,0.016735893,0.0,0.08497981,0.0,-0.47797427,0.0,0.07793697,0.0,0.012977919,0.091954924,-1.707254,-0.07480416,0.06774321,-0.20238432,0.007927466
-0.08983763,0.10318172,-1.1760538,-0.22534516,0.0046951137,-0.05224758,-0.16452503,-0.016744578,0.0,-0.046564534,-0.25606525,-0.38535586,0.0,0.032722116,0.0,0.14906889,0.0,-0.026489554,0.0,0.03509785,0.0,0.016553214,0.0,-0.05634412,0.11444432,-2.137839,-0.120166,-0.0028326996,-0.14809886,-0.012035789
-0.03897786,1.0865307,-0.13737197,0.13385627,0.00062973704,0.031251594,0.035704795,-0.027126413,0.0,-0.053196106,0.32000944,0.08301659,0.0,0.073745824,0.0,0.12227983,0.0,0.06526874,0.0,0.15642819,0.0,-0.07849915,0.0,-0.054957855,0.30559006,0.4145842,-0.21171972,-0.07029023,-0.20647691,0.0053104134
0.41298914,-0.4771919,0.44694734,0.25352168,0.11218479,0.074540995,0.05959498,-0.019390164,0.0,0.05840677,0.34160852,0.074266754,0.0,0.1664811,0.0,-0.21221142,0.0,0.0098809665,0.0,-0.11984612,0.0,0.07281803,0.0,0.04165596,0.1326489,0.34303772,0.1065148,-0.025522731,0.16687517,-0.012921343
-0.010641069,-1.4492506,-0.27440166,-0.2521865,-0.17271589,-0.036376584,-0.063701086,-0.05177791,0.0,-0.047065016,-0.44203502,-0.56798315,0.0,0.036829393,0.0,0.0100244805,0.0,-0.103791416,0.0,0.08238869,0.0,-0.12647158,0.0,-0.061436,0.19652846,0.23962532,-0.017967088,0.015805943,-0.31482956,-0.02092132
-0.058454048,1.2173759,-0.19841918,-0.17772447,0.014717134,0.0043538595,0.044303034,-0.06235717,0.0,-0.0014300587,-0.3745442,0.15980177,0.0,0.075848326,0.0,-0.02485695,0.0,-0.016179534,0.0,0.11102774,0.0,-0.06390797,0.0,-0.06405006,0.24059899,0.36302024,0.0859291,-0.0007351376,-0.23873518,-0.03431961
-0.026197214,-0.76356137,-0.13700761,-0.007902406,-0.07950271,-0.063209005,0.004273732,-0.026363827,0.0,0.09169206,-0.24782863,0.056133546,0.0,-0.15345538,0.0,-0.018438417,0.0,0.022229977,0.0,-0.45316684,0.0,-0.083090514,0.0,0.18621185,-0.5717624,0.21466352,-0.32588232,0.09015055,-0.19621742,0.007877331
-0.0019504202,-0.5015559,-0.68370646,-0.97896475,0.050282776,0.006876352,-0.06357243,-0.05690225,0.0,0.05340238,-0.28435782,-0.6014055,0.0,0.0045228936,0.0,-0.09010764,0.0,-0.0030507836,0.0,0.055523235,0.0,-0.087327994,0.0,-0.25774667,-0.8331005,0.18753937,0.06801304,0.07385643,-0.2928453,-0.006223753
-0.04600126,0.69466895,-0.5013393,-0.009778543,-0.06987511,0.0055457186,0.03519443,-0.036711432,0.0,-0.09344631,-0.30680406,0.14463666,0.0,0.07284236,0.0,0.047600985,0.0,-0.012398366,0.0,-0.40983963,0.0,0.050605964,0.0,0.050991327,0.18481036,0.33520722,-0.19195288,2.7043745e-05,0.17307726,-0.0029040044
-0.009855185,-1.2669779,0.7249202,0.15885487,-0.045907296,-0.13251756,0.01455145,-0.032229595,0.0,-0.1731664,0.2008366,0.039814215,0.0,-0.19501269,0.0,0.23604621,0.0,0.07403916,0.0,0.13430707,0.0,0.07675046,0.0,0.028412666,0.112057894,-2.125459,0.0552153,0.002628863,-0.16800053,0.008640305
-0.06732673,-0.53312916,-0.28912047,0.08312295,-0.026397606,-0.06562171,-0.055010863,-0.04088,0.0,0.15276513,-0.2070087,-0.2874811,0.0,0.0047696647,0.0,0.11299606,0.0,-0.009166406,0.0,0.07146276,0.0,-0.03269059,0.0,-0.058512308,0.11425573,-1.8615432,-0.11909351,-0.024857076,-0.16359729,-0.032241598
-0.06734856,-0.23299743,-0.6890248,-0.3544303,-0.0047822627,0.042614684,0.012588148,0.23304598,0.0,-0.14959674,-0.1842358,0.038326405,0.0,-0.22001773,0.0,0.0018942389,0.0,0.02538126,0.0,-0.6402596,0.0,0.040017664,0.0,0.053086717,0.075861,-1.9892477,0.05826343,0.0040319897,-0.17780714,0.0079196915
-0.047737326,-0.5256497,-0.8249191,-0.41045734,-0.117288545,-0.0017764437,-0.08320548,-0.054204855,0.0,-0.02649808,-0.28331003,-0.49848986,0.0,0.0033084883,0.0,0.035544686,0.0,-0.008579045,0.0,0.060771123,0.0,-0.060859088,0.0,-0.2003279,-0.95517945,0.17160732,-0.02847098,-0.16235875,-0.25469577,0.009154342
0.053394936,-1.4220161,0.40655243,-0.09399337,-0.011240052,-0.012514766,0.021070233,-0.009391322,0.0,0.07338229,0.37406588,0.04991445,0.0,-0.23710434,0.0,-0.21994601,0.0,0.070522375,0.0,-0.39667854,0.0,-0.1951304,0.0,0.02091283,0.23248295,0.2141414,0.07237278,0.057833795,-0.16236302,-0.001328462
-0.08838817,0.47965243,-0.87275213,-0.30273026,0.0039384076,0.0061517805,0.044890873,-0.0206632,0.0,0.015748816,-0.4297473,-0.6091512,0.0,0.075193875,0.0,0.028470691,0.0,-0.016879966,0.0,0.058013193,0.0,-0.06999595,0.0,-0.07141912,0.23875853,0.3276628,0.23988058,-0.0048940224,-0.16271509,0.008465076
-0.027172275,-0.42795727,-0.07695819,0.14022078,0.0048368997,-0.022694461,0.021605846,-0.05680996,0.0,-0.02312741,-0.41601303,0.06580997,0.0,-0.2737006,0.0,-0.078315645,0.0,0.03408761,0.0,0.10566061,0.0,0.05996244,0.0,-0.09565658,0.17114526,0.30623358,0.07602661,-0.015154533,-0.21896392,0.0049001602
-0.0054337955,-1.6193314,-0.43538103,0.22058816,0.018420083,0.05593236,-0.020658182,-0.02408021,0.0,0.11592507,-0.18520688,0.039525673,0.0,-0.19290236,0.0,-0.06667107,0.0,-0.007931759,0.0,-0.49093112,0.0,0.058893174,0.0,0.047394786,0.067104876,-1.7719473,-0.102018304,0.057065524,-0.23432642,0.008370637
-0.080794066,1.1727539,0.021414984,0.7624938,-0.020873653,0.00553659,0.06851071,-0.039651964,0.0,-0.00031058674,-0.43059334,-0.26049218,0.0,0.054335758,0.0,-0.013332064,0.0,-0.016179534,0.0,0.08381927,0.0,-0.06335626,0.0,-0.06336626,0.24059899,0.33926922,0.13190335,0.034857024,-0.24327688,0.1174734
-0.028449163,-0.52232724,-0.23719914,0.2012577,0.02161927,-0.03368789,0.036268827,-0.026663333,0.0,0.048547197,0.3511651,0.060676955,0.0,-0.2898112,0.0,0.05633158,0.0,-0.001272618,0.0,0.12575278,0.0,-0.05253933,0.0,0.10459643,0.18752831,0.35770705,0.10614293,-0.014460957,0.24589197,0.007835834
-0.027852904,-1.3274981,-0.5361998,-0.56085163,-0.02550296,-0.10837813,-0.07188769,0.15544468,0.0,-0.164899,-0.1820108,0.03639082,0.0,-0.0827407,0.0,0.013262479,0.0,0.058962263,0.0,-0.52965456,0.0,0.0721734,0.0,0.038248178,0.08212721,-1.9941044,-0.099163644,-0.0209362,-0.29799926,0.009422227
-0.027172882,-0.65410066,0.08890146,-0.45122868,0.013311497,-0.048052005,0.07567356,-0.017157298,0.0,0.09864513,0.35631427,0.06384769,0.0,0.07971181,0.0,0.05079266,0.0,0.003925193,0.0,-0.48775005,0.0,-0.048370194,0.0,-0.047864,0.24370725,0.35864192,0.12334816,-0.00647518,0.28465417,-0.0033447193
-0.053582475,1.057732,-0.4880848,0.07771407,0.009909417,0.02505091,-0.14810432,-0.041094534,0.0,-0.019776532,0.38516572,0.08100175,0.0,0.07133387,0.0,0.09662197,0.0,-0.014592939,0.0,0.1478278,0.0,-0.043750487,0.0,-0.055271707,0.2905263,0.42302892,0.077081434,0.008937068,-0.23222183,0.0022360676
-0.052611616,0.5928604,-0.1809101,0.0730529,-0.0020494233,0.006844839,0.031677242,-0.02841726,0.0,0.05551262,0.3169783,0.07406267,0.0,0.12069478,0.0,-0.0088841915,0.0,-0.010976058,0.0,0.07760865,0.0,-0.041906938,0.0,-0.07973825,0.28837603,0.40692452,0.1062583,0.0070157554,-0.13822874,0.034697153
-0.041114967,-0.37938893,-0.4330305,-0.48075423,0.009868438,0.018736633,0.019302752,-0.07923535,0.0,-0.006243918,-0.27070048,-0.46790367,0.0,-0.008379169,0.0,0.021191057,0.0,-0.0033562281,0.0,0.0288372,0.0,-0.10271182,0.0,-0.2242002,-0.9570974,0.15561178,-0.20669009,0.06464589,-0.1718179,-0.007908284
-0.020311762,-1.5464529,-0.68426883,0.1520228,0.090792194,0.0031387366,0.018301984,-0.057898104,0.0,0.054637298,-0.26235288,0.0660771,0.0,-0.22963326,0.0,-0.029256875,0.0,-0.10894107,0.0,0.14403184,0.0,0.13406022,0.0,-0.19642974,-0.6898108,0.2310287,0.07243941,0.018889952,-0.34634635,0.009690747
-0.009204175,0.19252138,-0.2768941,-0.27653474,-0.0059333267,-0.009429456,0.0056248573,-0.015825814,0.0,-0.09213459,-0.43390378,-0.4888474,0.0,-0.0012120132,0.0,0.13373853,0.0,-0.0019901218,0.0,0.05069941,0.0,-0.05858289,0.0,-0.087862164,0.21523957,0.28083768,-0.1971731,0.021900013,-0.18580395,-0.00815379
-0.030165171,0.4373723,0.13670927,0.18505532,0.02307845,0.013376985,0.03812479,-0.03406905,0.0,0.13795108,0.3988961,0.09283421,0.0,0.079267345,0.0,0.038083613,0.0,-0.005167477,0.0,0.08402705,0.0,0.075756036,0.0,-0.07156835,0.24521497,0.39137354,0.0979077,0.0010582563,0.1446253,-0.0046573235
-0.0520448,-0.3192701,0.12420687,-0.0750768,0.039866492,-0.040785093,-0.12843367,0.18373868,0.0,-0.091290675,-0.18417268,0.039438043,0.0,-0.15049478,0.0,0.0574304,0.0,0.011644797,0.0,-0.5252182,0.0,-0.025413796,0.0,-0.04273816,0.092561774,-2.0910394,0.049630668,-0.026401112,-0.15483132,0.0277491
-0.05370552,-0.44910836,0.045924764,0.17693034,0.081984945,0.0013803632,0.048541237,-0.018736545,0.0,0.16108163,0.34198263,0.050973315,0.0,-0.28476775,0.0,0.11867761,0.0,0.0031406553,0.0,-0.504336,0.0,-0.09622426,0.0,0.05726185,0.18700287,0.258268,0.061684523,-0.007075325,0.20084453,0.00827257
-0.020481806,-0.52875507,-0.7728659,-0.008219944,0.037159532,0.11512975,-0.07439289,-0.034995943,0.0,-0.062037993,-0.1898225,0.03628196,0.0,-0.1867716,0.0,0.01604735,0.0,0.04426468,0.0,-0.46960655,0.0,-0.08489771,0.0,-0.037041683,0.08233879,-1.7046006,-0.05659825,-0.025465114,-0.21559954,-0.047895323
0.059346482,-1.6617573,-0.26634666,0.16892977,-0.007921209,-0.029308075,-0.04299929,-0.021790804,0.0,0.1029022,-0.18625467,0.039769325,0.0,-0.22171843,0.0,-0.089249596,0.0,-0.008155363,0.0,-0.49534035,0.0,0.044910416,0.0,0.05008246,0.08044365,-1.8646297,0.046905458,0.05867411,-0.23569173,-0.0019118467
-0.038796037,-0.48437384,-0.9609965,0.7083575,0.01509034,0.3317153,0.04264027,-0.059234034,0.0,-0.015970418,-0.21263772,-0.36870554,0.0,0.0076686195,0.0,0.19019707,0.0,-0.0032634772,0.0,0.06362328,0.0,-0.024929179,0.0,-0.053866044,0.10991272,-0.85438794,-0.22132427,-0.14929305,-0.17612536,0.00030719902
-0.0056262994,0.39262953,0.043221723,0.0901044,-0.035356704,0.02415688,-0.2549943,-0.014685367,0.0,0.11694999,-0.36813265,0.11819223,0.0,0.046951503,0.0,0.17794068,0.0,-0.04342288,0.0,0.043186687,0.0,-0.05214091,0.0,-0.0665456,0.22686732,0.31880465,-0.16759373,-0.0013476887,0.23096208,0.024658168
-0.033834554,-0.29108417,-0.4303433,-0.3157723,-0.07838964,-0.1282591,0.024125317,0.18104199,0.0,-0.11460598,-0.22502963,0.06270235,0.0,0.019231752,0.0,0.030164188,0.0,-0.012818136,0.0,-0.61755675,0.0,0.10842951,0.0,0.10114876,-0.7729526,0.22907217,-0.35578105,0.0035609745,0.2576491,-0.0028346716
-0.0012875088,0.3748854,-0.30097124,-0.09470225,0.031964168,-0.020193776,0.045654025,-0.041580535,0.0,-0.0940044,-0.36679548,0.11722309,0.0,0.074238725,0.0,-0.30445293,0.0,-0.011650483,0.0,0.08899883,0.0,0.08088265,0.0,-0.06751545,0.1847961,0.3142152,-0.38583407,-0.0011608356,0.20505513,-0.0030744218
-0.07266907,-0.5683483,0.71837634,0.7036371,-0.134223,-0.14830577,0.06272123,-0.016457014,0.0,0.03433869,0.18367516,0.05039491,0.0,0.056943547,0.0,-0.22400294,0.0,0.02850024,0.0,-0.28805304,0.0,0.022567824,0.0,0.04467536,0.14860696,-1.9697682,0.06242197,-0.007402425,-0.15849383,-0.0054108053
0.17322028,0.7842572,1.1417689,-0.038198654,-0.047379464,-0.078240894,0.04577113,-0.026673842,0.0,-0.019691505,0.34607756,0.0921308,0.0,0.1268159,0.0,0.105125494,0.0,0.15163325,0.0,0.09471727,0.0,0.01933777,0.0,0.065095775,0.208375,0.2984082,0.10842403,-0.045937743,-0.10533217,-0.012856609
-0.033795584,0.115314834,0.23253888,-0.064713046,-0.04552364,-0.010318144,0.0554004,0.23509113,0.0,-0.06813466,-0.41010195,0.12214097,0.0,0.05670634,0.0,0.1114182,0.0,0.045376632,0.0,0.097359784,0.0,0.107591465,0.0,0.11573787,0.13962124,0.33703417,0.10899185,0.009417989,-0.17665108,0.0216718
-0.043423723,1.1829082,-0.28178084,0.25082672,-0.00097544305,0.0047171824,0.0559479,-0.045371853,0.0,-0.022250388,-0.3485427,0.15909526,0.0,0.08717963,0.0,0.03911938,0.0,-0.017077725,0.0,0.14906085,0.0,-0.028142523,0.0,0.07700119,0.21108054,0.3555239,0.076203,0.0008339558,0.33898473,0.008409752
0.007951542,-1.49369,-0.76104254,0.07358894,-0.12922716,0.0076695634,-0.02000414,-0.028615057,0.0,0.032742597,0.20151897,0.054205928,0.0,0.12856962,0.0,-0.00093904085,0.0,-0.01748079,0.0,0.16801043,0.0,-0.08596206,0.0,0.0656114,0.11598703,-2.1670487,0.079746075,0.008224016,-0.24716154,-0.0011572798
-0.010180927,-1.4325404,-0.5421677,0.22285464,-0.11647198,0.06696427,0.0008799981,0.29813257,0.0,0.026700016,-0.2085913,0.05532189,0.0,-0.13724306,0.0,0.11011577,0.0,0.01684742,0.0,-0.7326518,0.0,0.14096203,0.0,0.18490902,-0.5389969,0.27195305,-0.23399036,-0.012043999,-0.21685296,0.0097866235
-0.051372897,0.23750886,-0.16572295,-0.00907343,-0.012954519,0.0060636075,0.035932567,-0.028561162,0.0,-0.12250546,-0.4206691,0.111734435,0.0,0.047739513,0.0,0.039847612,0.0,0.0008650151,0.0,-0.25729498,0.0,-0.06647755,0.0,-0.059626978,0.20170604,0.31084222,0.09658434,-0.00158997,-0.15809286,0.010739466
-0.02392691,-1.208182,-0.16447079,-0.17044903,0.111724935,0.05764682,0.019966977,0.20789436,0.0,-0.09444191,-0.17092577,0.039224423,0.0,-0.15591367,0.0,0.2891131,0.0,0.0312618,0.0,-0.51893884,0.0,-0.15977372,0.0,-0.013612859,0.090032056,-2.0128248,0.096829206,-0.018307606,-0.24087277,0.00094955275
0.027942527,-1.167835,0.085371315,0.018593749,0.10530236,-0.032016553,0.018154206,-0.037155673,0.0,-0.06942019,0.23771703,0.08317011,0.0,0.052392412,0.0,-0.13194872,0.0,0.06178462,0.0,0.1617286,0.0,0.13949057,0.0,0.11815598,-0.6483989,0.31405747,0.10882149,-0.0040267324,0.26993537,-0.007032551
-0.071525976,0.3108965,0.78211015,-0.4542165,0.0051359385,0.0138258105,0.13362287,-0.011766992,0.0,-0.020608068,0.31453055,0.0686247,0.0,-0.25088978,0.0,-0.33189723,0.0,-0.0023477674,0.0,-0.2447808,0.0,0.099246256,0.0,0.16466787,-0.6118375,0.2973415,-0.3633886,-0.0022265227,-0.088043764,-0.0018717982
0.12815285,-0.41768423,0.18467113,0.4653159,0.12142316,-0.038826074,0.05431834,-0.031255513,0.0,0.09202778,0.35079098,0.0854354,0.0,0.064447634,0.0,-0.1494072,0.0,0.0046289586,0.0,0.1138691,0.0,0.08315051,0.0,0.081806175,0.20634831,0.38144282,0.09743561,-0.006965835,0.28955784,-0.014928449
-0.022131996,-0.4490127,0.067215204,-0.5361655,0.04091552,-0.0070151016,-0.09926139,-0.029333042,0.0,0.14261779,0.40415093,0.08391122,0.0,0.07592148,0.0,0.12777472,0.0,0.027371056,0.0,0.09540244,0.0,0.076273635,0.0,0.09705042,0.1950117,0.35516772,0.11931803,0.024232436,-0.2107053,-0.0055022626
0.16967502,-0.7360138,-0.15148968,-0.116024934,-0.017223034,-0.060203493,0.016275909,-0.02579086,0.0,0.028024618,0.3838775,0.06352765,0.0,-0.28165436,0.0,-0.01563582,0.0,0.000630551,0.0,0.15789248,0.0,-0.0567326,0.0,0.122168005,0.17149779,0.38526487,0.08424023,0.03627986,-0.18548691,-0.010597004
-0.08471649,-0.6086923,-0.61256844,-0.5890854,0.004720333,0.018264527,-0.0018014046,-0.07357871,0.0,-0.08875696,-0.26607373,-0.46790367,0.0,-0.034261502,0.0,0.04619667,0.0,-0.0017667379,0.0,0.071425706,0.0,-0.09359604,0.0,-0.22504932,-0.9570974,0.14121407,-0.28285226,-0.027453668,-0.17382328,-0.007459565
-0.027749732,0.40894693,0.6642111,0.10678911,-0.055975124,-0.076305,-0.25165397,-0.022724662,0.0,0.07828448,0.48633385,0.09245114,0.0,0.07677925,0.0,-0.5763096,0.0,0.03530629,0.0,0.09608688,0.0,0.070022754,0.0,0.06558146,0.20988353,0.4139723,0.16290364,-0.055789616,-0.12466775,-0.005091538
0.007983079,-0.86802703,0.54500294,0.23010361,0.067941576,-0.117207184,0.01972484,-0.017663019,0.0,0.071945354,0.18279254,0.039332237,0.0,-0.24000157,0.0,-0.36481833,0.0,0.012631122,0.0,0.023748344,0.0,0.057037275,0.0,-0.05339378,0.13207264,-2.100912,0.037163414,-0.0053953826,-0.18703677,0.007264585
-0.05596154,-0.73865,-0.4865652,-0.088954546,0.0017218823,0.06805792,-0.05903654,-0.02637348,0.0,0.11253524,-0.19211544,0.043559987,0.0,0.035317246,0.0,-0.111823276,0.0,0.008635867,0.0,-0.26950625,0.0,-0.029273689,0.0,-0.04365954,0.09423372,-1.9549608,-0.14217755,-0.009010727,-0.20956104,0.012996603
-0.035392646,0.5345771,-0.51136553,0.02988912,-0.0011222577,-0.07055738,0.023892296,-0.0357092,0.0,0.091894284,-0.36052912,0.13410467,0.0,0.07174408,0.0,-0.1117571,0.0,0.036908988,0.0,0.11872202,0.0,-0.055582594,0.0,0.10116567,0.15272956,0.36122453,0.121150255,-0.0067701,-0.1602259,-0.0026956336
-0.07939498,1.1611518,-0.39328393,0.18125583,-0.004208411,-0.0013141367,0.042791322,-0.020513752,0.0,-0.005332578,-0.39285192,-0.4168011,0.0,0.044033185,0.0,0.021050649,0.0,-0.013763722,0.0,0.08088177,0.0,-0.07478185,0.0,-0.06066485,0.25613794,0.34012997,-0.27341563,-0.008156158,-0.23497747,-0.050061155
-0.024970874,-1.4183749,-0.7944608,-0.6013185,-0.047871783,-0.14630261,0.008197077,-0.038455054,0.0,-0.15808615,-0.1905771,0.03740141,0.0,-0.25376892,0.0,-0.08583095,0.0,-0.09269383,0.0,-0.40543732,0.0,-0.11402519,0.0,-0.0072245165,0.07794534,-1.9511324,0.034375284,-0.030715233,-0.23387298,-0.047314055
-0.028313462,0.21942455,-0.54976803,0.4209582,-0.004022938,-0.06894066,0.022803169,-0.044357147,0.0,-0.016261952,0.40702298,0.07945325,0.0,0.06640317,0.0,0.17728747,0.0,-0.0046627345,0.0,0.102519795,0.0,-0.058581956,0.0,-0.07963964,0.26103982,0.39013696,0.099903904,0.0071422034,-0.09171869,-0.001270165
-0.0929944,-1.2302094,-1.3240788,0.27727067,-0.086713195,-0.059226662,0.041201033,-0.024342924,0.0,0.007913968,0.3838811,0.0625978,0.0,-0.13082883,0.0,-0.40746853,0.0,0.061864,0.0,-0.009061991,0.0,0.07887657,0.0,0.037675682,0.097560614,0.31951332,-0.33722767,0.018929861,-0.1683171,0.007700366
-0.04922749,-0.35371208,-1.1194469,-0.45711973,0.02167482,0.02102373,0.019302752,-0.07490086,0.0,-0.12385199,-0.27445102,-0.55265474,0.0,-0.013232872,0.0,0.025170693,0.0,-0.0033562281,0.0,0.043006357,0.0,-0.08619055,0.0,-0.2242002,-0.9570974,0.14318654,-0.19293334,-0.028512858,-0.17209463,-0.007459565
-0.006704904,-1.4093319,-0.059556607,-0.5914719,-0.14514646,-0.044956997,-0.009806151,-0.04563683,0.0,-0.11133415,-0.20789947,-0.30903265,0.0,0.0059481096,0.0,-0.014972236,0.0,-0.09831173,0.0,0.06437164,0.0,-0.09338153,0.0,-0.033884283,0.103992395,-1.5661739,-0.04815771,-0.20923568,-0.29265088,-0.00040472997
-0.028488712,-0.13941461,-0.107975595,-0.65185565,-0.004661283,-0.047311574,0.014164912,-0.02625461,0.0,0.063889466,0.35695258,0.07228558,0.0,0.07378739,0.0,0.029255548,0.0,-0.004824807,0.0,0.094285734,0.0,-0.05319132,0.0,-0.07576871,0.26084173,0.37628803,0.1305779,-0.0056562885,0.26367307,-0.0037213047
-0.092163816,1.2235014,-0.5541898,0.0031649694,0.05241546,0.007121414,0.042494826,0.16414402,0.0,0.00097498926,-0.34161222,0.0955405,0.0,0.057045907,0.0,0.028005129,0.0,-0.013974259,0.0,0.124850504,0.0,-0.084019125,0.0,-0.06600482,0.25418296,0.35137448,-0.10220516,0.009237348,-0.22275938,0.016247053
-0.022245832,-0.64403075,-0.8391318,-0.5314314,-0.009802195,0.013256909,-0.048892874,-0.03821189,0.0,-0.19412607,-0.20644428,0.03844407,0.0,-0.18184242,0.0,0.045130827,0.0,0.042231448,0.0,-0.46894398,0.0,-0.05171349,0.0,-0.03638109,0.07863447,-1.7253007,0.035851218,-0.019635439,-0.28181455,0.010941507
-0.016031984,-0.36777425,0.13647749,0.32713884,0.0030686427,-0.02947189,0.0062646284,-0.03757336,0.0,-0.038445465,0.35717946,0.059710927,0.0,-0.32265523,0.0,-0.3263571,0.0,-0.00076006004,0.0,0.10671214,0.0,-0.06664054,0.0,-0.07375402,0.22947055,0.36836898,0.081916496,-0.02271452,0.2339526,0.0064599747
-0.055819903,-0.2048556,-0.07116082,-0.024155024,-0.09388866,0.007241343,0.051386338,0.24960648,0.0,-0.066058256,-0.34341687,0.067983314,0.0,-0.11250733,0.0,0.11862901,0.0,-0.0027299281,0.0,0.1293875,0.0,-0.06848671,0.0,-0.07414535,0.19631839,0.28511375,-0.084252015,-0.026709586,0.2745492,0.028181316
0.11608718,0.4101326,0.10006108,0.02710004,0.00484511,0.017608754,0.03496006,-0.03269736,0.0,0.117061086,0.3804387,0.09266871,0.0,0.07193221,0.0,0.065072715,0.0,-0.002372494,0.0,0.062255744,0.0,-0.060230095,0.0,0.11659002,0.23039207,0.39011413,0.094829544,0.00087782025,0.15734462,-0.0062010502
-0.035699844,0.2202176,-0.06575392,-0.040894955,-0.024103185,0.048845895,0.037038233,-0.0340703,0.0,-0.012660026,0.2891142,0.078626335,0.0,0.09239379,0.0,-0.10654942,0.0,-0.0044235904,0.0,0.08005453,0.0,-0.091377005,0.0,-0.22347513,-1.0143937,0.26539233,0.17896025,0.0007158395,-0.14327866,0.032326225
-0.032254238,-1.3837665,0.44707012,0.03997511,-0.11029203,-0.061730538,0.040540528,-0.032594897,0.0,0.012041199,0.35079098,0.08379879,0.0,0.062971614,0.0,-0.22085541,0.0,0.060083356,0.0,0.12261583,0.0,0.10528505,0.0,0.05745411,0.18954824,0.38065037,0.11886476,-0.005599256,0.22452411,-0.0052338196
0.0022135642,-1.7972836,-0.3814276,-0.09161258,0.018571142,-0.07389674,-0.0058123665,-0.033377755,0.0,0.104907684,-0.19113281,0.038393937,0.0,-0.20234115,0.0,-0.12533462,0.0,-0.007596937,0.0,-0.5450408,0.0,-0.10253018,0.0,0.047352415,0.07770333,-1.7774811,-0.23818989,-0.031073574,-0.23038727,0.009402741
-0.0202713,0.3964823,0.35177615,0.013195564,-0.026446356,-0.010021715,0.060187623,-0.025552234,0.0,-0.085558355,-0.45047468,0.11473937,0.0,0.032891415,0.0,0.16635713,0.0,-0.0030527934,0.0,0.058627043,0.0,-0.062597044,0.0,-0.07333321,0.23185964,0.31393307,-0.26859397,-0.006090533,-0.17729686,-0.047153816
-0.0560299,-0.37977284,-0.44289833,-0.3939112,0.019938147,-0.07861096,0.0129262945,-0.07856853,0.0,-0.0224211,-0.26089847,0.06325734,0.0,-0.22401425,0.0,-0.075748436,0.0,0.02701027,0.0,0.087591454,0.0,-0.095094934,0.0,-0.226388,-0.74632394,0.20972936,-0.3074413,-0.0047153006,-0.19195853,-0.04012517
0.008960003,-1.8957114,-0.2686793,0.1924679,-0.021487737,-0.0062151053,0.0014396259,-0.034304623,0.0,0.092315465,-0.19335915,0.044217348,0.0,0.10036017,0.0,-0.1451981,0.0,-0.027097132,0.0,-0.5129526,0.0,0.048336014,0.0,0.04861861,0.07561404,-1.7846309,-0.32890263,-0.01025818,-0.23515937,-0.0034335502
0.010017544,-1.2088444,1.0952421,0.35273498,-0.13111855,-0.03158828,-0.10058482,-0.01745907,0.0,0.16633709,0.2706936,0.064359695,0.0,-0.25064033,0.0,0.102051176,0.0,-0.08063637,0.0,0.104546085,0.0,0.05444482,0.0,0.22072333,-0.71714157,0.2677535,0.09758528,-0.021926727,-0.16304575,0.009171698
-0.007157375,-0.532428,-0.041722458,-0.003850602,-0.03383192,-0.009754106,-0.00073476287,-0.024935517,0.0,-0.09751311,-0.19429107,0.038252108,0.0,-0.21109028,0.0,-0.06967786,0.0,0.0043047033,0.0,-0.5191624,0.0,0.06995837,0.0,0.047886297,0.054638855,-1.9997036,0.034393918,-0.026124053,-0.21452793,0.00859951
-0.041893817,-0.33870995,-0.3817682,-0.46807045,0.014235704,-0.004791937,-0.06875838,-0.0656494,0.0,-0.113414735,-0.28331003,-0.43875787,0.0,-0.0035597556,0.0,0.020110076,0.0,-0.007628067,0.0,0.0301609,0.0,-0.11002675,0.0,-0.22396238,-0.9434986,0.18682928,-0.19329515,-0.19283767,-0.18244272,0.015664093
-0.0114883315,-0.62944233,-0.20572306,0.06297786,-0.02745348,-0.00023604417,-0.07465276,-0.025549028,0.0,0.099866346,-0.18882935,0.037950665,0.0,-0.25858492,0.0,-0.07261243,0.0,0.058849644,0.0,-0.3886204,0.0,0.07176738,0.0,0.04994677,0.04935319,-1.8785915,0.03409877,-0.020660467,-0.1959512,-0.07251495
-0.028841306,-0.5186351,-0.25221592,0.15962498,-0.043294653,-0.02273989,0.031079736,-0.011635003,0.0,0.05865773,0.37406588,0.050567675,0.0,-0.31984153,0.0,-0.15398602,0.0,0.0013187719,0.0,-0.35399446,0.0,-0.05636646,0.0,-0.07230662,0.22579272,0.38830632,0.07138876,0.057125654,-0.185185,0.0059322882
-0.022903776,-0.36038128,-0.356286,-0.036170736,-0.0043894253,-0.042000495,0.01542533,-0.027248427,0.0,0.0025653916,0.38739216,0.06871573,0.0,0.06638075,0.0,-0.046468213,0.0,-0.0005632627,0.0,0.08989564,0.0,-0.045653954,0.0,-0.09331678,0.2760389,0.37629998,0.107956745,0.009807555,-0.20934011,-0.0021371266
-0.09451038,0.47194248,-0.25780505,0.081324205,0.03335602,-0.006567993,0.048796643,-0.030892441,0.0,-0.025250956,-0.2920168,-0.49915537,0.0,0.027768675,0.0,0.028213123,0.0,-0.014040076,0.0,0.037919495,0.0,-0.1274669,0.0,-0.20396172,-1.0218573,0.2126356,-0.20949447,0.016416408,-0.18501414,-0.05404175
-0.043509275,-0.69602716,-0.09384808,-0.23935178,0.027900739,-0.07878654,-0.0062712356,-0.044629466,0.0,-0.01690125,0.24445505,0.06671594,0.0,0.029262481,0.0,-0.051855057,0.0,0.00095825386,0.0,0.156956,0.0,-0.088456914,0.0,-0.22635674,-0.9629761,0.2528769,-0.49180576,-0.0037613374,-0.18258397,-0.0051165526
-0.078714535,0.24242282,0.032032028,-0.5411314,0.009848289,0.049220826,0.043143537,-0.025005529,0.0,-0.043228537,0.34041524,0.06513862,0.0,-0.7849277,0.0,-0.15634401,0.0,-0.005625809,0.0,0.056227,0.0,-0.04118258,0.0,-0.07245769,0.252034,0.37569383,0.1393284,0.0034208219,0.17194813,-0.005865191
0.26903063,-0.48890987,0.11232711,-0.099220365,-0.1709699,-0.047173366,0.061819226,-0.034008656,0.0,0.0040131053,0.23771703,0.08379879,0.0,0.059985913,0.0,-0.27159667,0.0,0.015193194,0.0,0.078075,0.0,0.08281697,0.0,0.12742788,-0.607059,0.30251136,0.11772794,-0.007372785,0.25417438,-0.0069267424
-0.03257303,-0.38236874,0.068528436,-0.32334197,0.010173623,0.029767027,0.0007294236,-0.0320105,0.0,0.042847764,0.36738652,0.075110115,0.0,0.08462235,0.0,-0.048441097,0.0,0.00013424898,0.0,0.13146421,0.0,-0.05761293,0.0,-0.07780605,0.2420954,0.37414718,0.17030285,-0.010979579,0.25717443,-0.0049991454
-0.043862794,1.1187091,-0.25062028,0.29186168,-0.006420676,-0.002716446,-0.17855161,-0.044988915,0.0,-0.023156112,-0.34726918,0.1582425,0.0,0.0697143,0.0,0.076590605,0.0,0.12836891,0.0,0.18176249,0.0,-0.06564046,0.0,0.061815493,0.23781481,0.34244156,-0.18857874,0.0008601061,0.3404256,0.009515802
-0.0027200244,0.44193232,-0.11100732,0.27193925,0.0028918134,-0.015876297,0.031510435,-0.023741355,0.0,0.11906357,0.3181164,0.06937586,0.0,0.14560865,0.0,0.1577962,0.0,-0.0029977807,0.0,0.07989258,0.0,-0.061801337,0.0,-0.07377173,0.275747,0.36455297,-0.21295774,0.0053831665,0.19962756,-0.0035194112
-0.090358086,-1.3996321,0.71477985,0.32798472,0.10844789,-0.12070769,0.0019287851,-0.037767667,0.0,0.02025911,0.1861074,0.0559003,0.0,0.1468171,0.0,-0.12008896,0.0,-0.037727386,0.0,0.22276078,0.0,0.057059567,0.0,0.067813486,0.2653036,-2.5710616,0.06987088,-0.0053182584,-0.19795798,-0.0068777837
-0.03257016,0.4523868,-0.5078362,-0.15907642,0.082364656,0.0074356347,-0.14494659,-0.027919156,0.0,-0.09701569,-0.39080223,0.12513632,0.0,0.05930316,0.0,0.06259973,0.0,-0.004248675,0.0,-0.3475147,0.0,0.078096464,0.0,0.05353121,0.16875179,0.3431404,0.08494445,-0.00070140196,0.16368024,-0.0014989877
0.11334333,0.2557199,0.46332246,-0.52289283,0.012221276,-0.013063683,0.029679077,-0.029375091,0.0,0.08818686,0.42029467,0.083888404,0.0,0.061722614,0.0,0.07049572,0.0,-0.013212038,0.0,0.061520666,0.0,0.0726829,0.0,0.09732975,0.18711223,0.26774243,0.1779266,-0.0026363411,0.13299215,-0.00850776
-0.0341409,0.42097515,0.8009665,0.5019369,0.009204422,0.057497825,0.04360071,-0.03776812,0.0,-0.15806383,0.3372399,0.081651285,0.0,-0.27310884,0.0,0.14654206,0.0,0.031872526,0.0,0.09921564,0.0,0.09572475,0.0,0.15248804,-0.7719683,0.27228275,0.12934175,0.024378756,0.07922883,0.0026622945
-0.034339946,0.62922597,0.30008045,0.01571182,0.030888993,0.026635643,0.03818742,-0.032191556,0.0,-0.06298478,0.41864437,0.09693509,0.0,0.114874415,0.0,-0.12470444,0.0,-0.037650585,0.0,0.07177758,0.0,-0.07152323,0.0,0.102156945,0.22330612,0.43025875,0.17747346,-0.0020762805,-0.071821205,0.034846097
-0.056088325,0.20417863,0.06586948,0.09281619,0.13579582,-0.019682577,0.04758927,-0.03293526,0.0,-0.08799283,-0.31748998,-0.45055285,0.0,0.020729633,0.0,0.09067142,0.0,-0.027821152,0.0,0.04893306,0.0,-0.10392877,0.0,-0.21588401,-0.9097997,0.14756213,-0.20450604,0.026337039,-0.16414708,-0.014006896
0.0019667554,-1.1932131,-0.1338723,0.028376345,-0.07163394,-0.13863468,-0.009751648,-0.027962478,0.0,-0.09911701,-0.19597794,0.052143183,0.0,0.059485767,0.0,-0.04270044,0.0,0.083943315,0.0,-0.49498656,0.0,0.07192775,0.0,0.039740674,0.07248773,-1.8752834,0.056441456,-0.026355086,-0.18974304,-0.0040802173
0.39730468,0.34318766,-0.73446476,0.27153176,-0.071363255,-0.0014445414,0.039241977,-0.020108404,0.0,-0.0710357,-0.43660113,-0.56874454,0.0,0.016376365,0.0,0.03868974,0.0,-0.018798165,0.0,0.036987334,0.0,-0.032265533,0.0,-0.06889476,0.24697454,0.30122793,-0.15663399,0.02695888,-0.16075522,0.010513823
-0.021907741,0.15216038,0.09067532,0.14956062,0.018295184,0.023102079,-0.097861595,-0.043425705,0.0,-0.09052133,-0.2955746,-0.315751,0.0,0.011091209,0.0,0.07938012,0.0,-0.030999875,0.0,0.051640764,0.0,-0.09526434,0.0,-0.2226045,-0.9005097,0.20677933,-0.19472404,0.04329065,-0.18078145,0.06526495
-0.027666517,-0.16284503,-0.67340314,-0.52091986,0.08383148,0.016552487,0.03168984,-0.054297242,0.0,-0.08752706,-0.28861123,-0.48984832,0.0,0.009511918,0.0,0.08640315,0.0,-0.0017667379,0.0,0.07653409,0.0,-0.10358956,0.0,-0.22504932,-0.9407989,0.13228785,-0.2280637,0.004900572,-0.20220637,-0.0024446305
-0.054719858,-0.509103,-0.82863975,0.1341356,0.043972496,-0.08944164,-0.06950492,-0.05928034,0.0,-0.027682815,-0.28909606,-0.61770827,0.0,-0.0014629698,0.0,0.12504826,0.0,-0.008519788,0.0,0.06306392,0.0,-0.088445075,0.0,-0.25094,-0.86355156,0.19875123,0.07112564,0.03199957,-0.15388462,0.0050666044
-0.06965078,-0.56536895,-0.502931,-0.13571149,-0.022695353,-0.114626616,-0.03354508,-0.034418844,0.0,0.16128772,-0.18792126,-0.4033791,0.0,-0.0107060345,0.0,0.118056156,0.0,-0.020752352,0.0,0.11346513,0.0,-0.01671123,0.0,-0.057253726,0.1101635,-1.6754612,-0.024511375,-0.02643162,0.48786122,-0.0044754404
-0.0039830413,0.4571028,-0.6094084,-0.29862562,0.016394561,0.0113431085,0.025325948,-0.03544735,0.0,-0.061508786,0.38143778,0.08406042,0.0,0.06983906,0.0,0.10410851,0.0,-0.0035326085,0.0,0.076110676,0.0,-0.062297937,0.0,-0.0754114,0.2868865,0.41070133,0.09265324,0.0077270595,-0.14369795,-0.0010925883
0.010576337,-1.6506844,0.011086123,0.24316974,0.018288078,-0.03927036,0.02503007,-0.024466489,0.0,0.11832385,-0.19299491,0.054023493,0.0,0.13652307,0.0,-0.08540598,0.0,-0.0260835,0.0,-0.52734184,0.0,0.017381843,0.0,0.048537478,0.07356079,-1.9509724,0.072909914,0.025487816,-0.23387831,-0.0043180506
-0.04266939,0.43382445,-0.5015241,-0.20279759,0.007405519,0.000153654,-0.112998374,-0.028099788,0.0,-0.078590155,0.30288944,0.07513147,0.0,0.14551765,0.0,0.12048235,0.0,-0.017217442,0.0,0.08748372,0.0,-0.015523428,0.0,-0.064111,0.26051795,0.38258103,0.081159845,0.009204186,0.18128906,-0.00060585316
-0.004546526,-1.1889327,-0.5210687,-0.1172641,-0.08585167,0.0465395,0.018894274,-0.05349648,0.0,-0.015217385,-0.21165,-0.29642648,0.0,0.07629551,0.0,-0.12279569,0.0,0.058209218,0.0,0.14047818,0.0,-0.046463504,0.0,-0.06386805,0.16749722,-1.4036986,-0.115554765,0.03159783,-0.3236364,-0.009690621
0.18709275,-0.33709836,0.18619129,0.03517102,-0.081058025,0.039615147,0.04510675,-0.02953488,0.0,0.067981325,0.3574769,0.058459807,0.0,-0.24117458,0.0,-0.21426147,0.0,0.0015911428,0.0,0.11755914,0.0,-0.05661549,0.0,-0.06650533,0.24201784,0.3515957,0.12491782,-0.020317022,0.25798592,-0.0046563763
-0.0793349,-0.58615863,0.016431723,0.082358755,-0.031619135,0.003799689,0.021748798,0.2023544,0.0,-0.0846176,-0.33365166,0.07332549,0.0,0.05989953,0.0,0.049203113,0.0,-0.0015607362,0.0,-0.4352052,0.0,-0.051668946,0.0,-0.05202952,0.18598634,0.29115593,0.0955058,-0.035915393,0.2744174,0.016415589
-0.08347794,0.3452593,-0.6247234,-0.085685186,-0.059008867,-0.016044963,-0.18784538,0.07354444,0.0,-0.055667654,-0.3331921,0.16446438,0.0,0.07265698,0.0,0.11985911,0.0,-0.039804026,0.0,0.07867932,0.0,-0.021351509,0.0,-0.06990577,0.2091005,0.32830465,0.007828108,0.012457457,0.2180257,0.00041343863
-0.07010318,-0.45065162,-0.24237546,-0.05699022,-0.07834276,0.009711293,-0.077269964,0.3214548,0.0,-0.007454728,-0.3474321,0.08230658,0.0,0.0732976,0.0,0.044139005,0.0,0.06680292,0.0,0.17398243,0.0,-0.060252428,0.0,-0.094074056,0.20534007,0.30001903,0.0816294,-0.03427493,-0.20852287,-0.03334611
-0.06191924,-0.21515016,0.102754354,-0.53524417,0.042744443,0.03412673,-0.14832,-0.033144776,0.0,0.15946299,0.25379196,0.06463363,0.0,-0.12608021,0.0,0.18440841,0.0,-0.017720422,0.0,0.102585465,0.0,0.084562816,0.0,0.13501064,-0.75014204,0.26278448,-0.27116922,-0.016076598,0.23664875,0.00688917
-0.048201934,-2.047812,0.4682716,0.34981534,-0.16518997,-0.079902425,0.040026546,-0.029920027,0.0,-0.025453508,0.25177276,0.08229174,0.0,0.08576384,0.0,-0.1747499,0.0,-0.03691385,0.0,0.11414926,0.0,0.033015464,0.0,0.252332,-1.0073308,0.31562802,0.12578599,0.014694356,-0.17510904,-0.005859524
-0.08512561,-0.23992923,-0.80191725,-0.41004282,-0.0027793634,0.03221979,0.016142625,-0.026850201,0.0,0.04912516,-0.2027083,0.035374288,0.0,-0.2738556,0.0,0.011624607,0.0,0.03602271,0.0,-0.4155574,0.0,-0.03369688,0.0,-0.04373129,0.10292947,-1.8337915,0.057972144,-0.015387497,-0.21692604,-0.049650807
-0.042145114,0.4545449,-0.5365841,-0.22853537,-0.00957878,0.00889556,0.022222053,-0.03425747,0.0,-0.08392281,0.31334007,0.07307824,0.0,0.1432867,0.0,0.1006854,0.0,-0.0014299413,0.0,0.10103701,0.0,-0.019764654,0.0,-0.07001718,0.25460717,0.38483134,0.08074686,0.009386528,0.18122296,-0.0020751841
-0.11841887,-1.2236109,-0.09729265,0.08835785,-0.12034988,-0.098861374,0.057549644,-0.020194143,0.0,0.029313779,0.34160852,0.07511381,0.0,0.10496472,0.0,-0.26736015,0.0,0.057584878,0.0,-0.006523642,0.0,0.07761801,0.0,0.021487538,0.14219385,0.37567243,0.076851696,-0.023470275,0.00059090275,-0.0034396588
0.009489003,-1.0655237,0.6075661,0.2547677,0.08188342,-0.095851846,-0.110208295,-0.016075386,0.0,0.24043114,0.17989208,0.049795266,0.0,0.05706072,0.0,0.2907756,0.0,0.013206646,0.0,-0.4583597,0.0,0.03521513,0.0,0.032260798,0.081893794,-1.9207884,0.064217776,-0.0036524327,0.233744,-0.0020379196
-0.007906051,-1.1740731,-0.19389462,-0.052648064,0.07767096,-0.067963645,0.007819579,-0.03564154,0.0,0.095726036,-0.24304771,0.05749632,0.0,-0.16881968,0.0,-0.104230285,0.0,0.06773194,0.0,-0.45675188,0.0,0.15123428,0.0,-0.04916327,-0.5257824,0.22204283,-0.21977605,-0.03125785,0.43173537,0.008073383
-0.034265347,-0.15788151,-0.7569833,-0.49654177,0.008581242,-0.12668741,-0.12172357,-0.04008426,0.0,-0.09811503,-0.21767892,-0.25634572,0.0,0.029580291,0.0,0.15081447,0.0,-0.009937282,0.0,0.06012857,0.0,-0.02865839,0.0,-0.06378948,0.11469719,-1.8497255,-0.10962699,-0.018266143,-0.18006021,0.0003778576
-0.0015718823,-1.1892754,-0.19262719,-0.04551916,0.09756941,0.056608275,-0.073303275,0.20107669,0.0,-0.10123267,-0.17017116,0.047176175,0.0,0.019606752,0.0,0.29200524,0.0,0.063082546,0.0,-0.5231155,0.0,-0.15140036,0.0,-0.013414994,0.09142771,-2.0035815,-0.17473477,-0.014360459,-0.23026168,-0.009527031
-0.06332936,-0.38632378,-0.5670983,-0.42532364,-0.01687793,0.15964071,0.021430364,-0.07051695,0.0,-0.030112343,-0.21165,-0.27090722,0.0,0.023308108,0.0,0.08643727,0.0,-0.004783716,0.0,0.050486457,0.0,-0.038540523,0.0,-0.06061153,0.111044735,-1.7246846,-0.10777758,-0.0071556787,-0.16730039,0.012732599
-0.014180177,0.54844046,-0.042588953,0.14452913,-0.051050417,0.012035434,0.05586295,0.003892627,0.0,-0.041389808,-0.39540768,0.106715396,0.0,-0.20058261,0.0,0.110048234,0.0,-0.02222505,0.0,0.06812612,0.0,-0.053571906,0.0,-0.075225465,0.22679314,0.34718102,0.049279038,0.0015438442,-0.1626983,0.007339189
-0.061179806,-0.40537328,-0.6703182,-0.45970702,0.027194394,0.033003174,-0.084912136,-0.06498227,0.0,-0.10326816,-0.289271,-0.5102503,0.0,0.02929566,0.0,-0.008358813,0.0,-0.008450537,0.0,0.044707168,0.0,-0.10125749,0.0,-0.25369465,-0.88175297,0.15176143,0.05127212,-0.03461571,-0.16620669,0.004666993
-0.04739941,-0.7544051,-0.07092998,-0.40364456,0.003452438,-0.047941208,-0.008008553,-0.027267901,0.0,0.09798812,0.34004673,0.06384769,0.0,0.07942814,0.0,0.03771591,0.0,0.001958779,0.0,-0.4842024,0.0,-0.048370194,0.0,-0.05369227,0.2414003,0.3592054,0.13241397,-0.007234695,0.28984168,-0.0042931736
-0.05625508,0.6139728,0.20649001,-0.27872565,0.002678891,0.03997378,0.048402995,-0.039079066,0.0,0.043993045,0.31446257,0.08747958,0.0,0.19869675,0.0,-0.16336219,0.0,-0.011741513,0.0,0.08804496,0.0,-0.043632116,0.0,-0.078510456,0.24981514,0.38548467,0.1770984,-0.0035844264,0.1508553,-0.005042031
-0.02046148,-0.5453776,0.92761016,-0.29744023,-0.030104911,0.03157582,0.04598785,-0.024742927,0.0,0.073848955,0.35079098,0.0809988,0.0,0.0773447,0.0,-0.31447887,0.0,0.020377088,0.0,0.08905115,0.0,0.070954666,0.0,0.08160326,0.2078057,0.35431927,0.1867313,0.0053574285,0.24984522,-0.005984612
-0.054176714,-0.32682776,-0.8787208,-0.80350137,-0.037332453,-0.10833164,-0.078645684,-0.046611622,0.0,0.026094034,-0.21759641,-0.39126226,0.0,0.025402837,0.0,0.08136946,0.0,-0.011578365,0.0,0.008797037,0.0,-0.024372678,0.0,-0.06472956,0.10946522,-1.8975445,-0.12680204,-0.025703788,-0.18859263,0.0062731183
-0.056076854,-0.3329097,-0.3062137,0.27684277,0.01634427,-0.032747146,-0.09996134,-0.06943102,0.0,0.011437842,-0.419026,0.06580997,0.0,-0.26771298,0.0,-0.25683376,0.0,-0.006129587,0.0,0.117263846,0.0,0.059740853,0.0,-0.10289632,0.17012122,0.3051283,0.071389765,-0.027823605,-0.21897863,0.008156516
0.1665318,1.27325,-0.3175315,0.35333717,0.0005654293,0.0048309965,0.03381673,-0.037206095,0.0,-0.028674982,0.33794695,0.0824491,0.0,0.05293197,0.0,0.027140817,0.0,-0.010666972,0.0,0.16377991,0.0,-0.0376355,0.0,-0.056385625,0.2816251,0.39820454,0.08109981,0.008517029,0.31522533,0.0066092946
-0.056423232,0.6122936,0.20751779,-0.21646915,0.002678891,0.03997378,0.01994446,-0.039079066,0.0,0.0656203,0.31339967,0.08747958,0.0,0.19852859,0.0,-0.16015829,0.0,-0.011977242,0.0,0.08804496,0.0,-0.043632116,0.0,-0.078510456,0.2515392,0.38472778,0.17882252,0.001849731,0.16735926,-0.0050165346
0.29396993,-0.44591874,0.2552837,-0.052126948,0.1060468,-0.044531815,0.039141383,0.25938547,0.0,-0.025500558,-0.34085202,0.07206986,0.0,-0.027976336,0.0,-0.049410835,0.0,0.009433097,0.0,0.18713288,0.0,0.080831856,0.0,0.12107639,0.11522921,0.30776873,0.08178098,-0.060524393,-0.2734744,-0.0015078434
-0.088273294,0.44343868,-0.99271387,0.058187433,-0.004733097,-0.0016980723,-0.17793038,-0.0036320686,0.0,-0.05343355,-0.40461543,-0.5926731,0.0,0.052125968,0.0,0.10302506,0.0,-0.02438946,0.0,0.036672387,0.0,-0.08316711,0.0,-0.06645885,0.253967,0.31612647,-0.20330843,-0.009224016,-0.13933858,0.018331593
-0.10980392,0.4172189,-2.0290773,-0.5017078,0.017527781,-0.015731104,-0.1616171,-0.02535414,0.0,-0.0026379155,-0.42847386,-0.68700486,0.0,0.023345064,0.0,0.07933259,0.0,-0.019881561,0.0,0.060420785,0.0,-0.08535906,0.0,-0.060524847,0.24863894,0.26230916,-0.3012765,0.014741083,-0.10163686,-0.0024871374
0.026220802,-0.45352986,0.4407399,0.24405935,0.2038199,-0.0818838,-0.32233158,-0.018922407,0.0,-0.015869563,0.23249269,0.07675042,0.0,0.10215122,0.0,-0.14690037,0.0,0.017236654,0.0,-0.31499654,0.0,0.046783682,0.0,0.11907732,-0.65828425,0.32127243,0.104936026,-0.005044851,0.18249786,-0.0028265412
-0.05852895,1.2574629,-0.25284883,-0.14623582,0.023350261,-0.0029689716,0.03424118,-0.05221405,0.0,-0.0025149079,-0.3606612,0.15705252,0.0,0.056370523,0.0,0.012686622,0.0,-0.013763722,0.0,0.110044435,0.0,-0.07753113,0.0,-0.061348658,0.25613794,0.3531402,-0.18632892,-0.0007089877,-0.23873518,-0.034420848
0.06868732,0.120861076,-0.118002474,-0.18040209,-0.04164135,0.0066103535,0.054158226,0.18985924,0.0,-0.088520184,-0.4141407,0.11171664,0.0,0.041294232,0.0,0.093521014,0.0,-0.033835284,0.0,0.10399694,0.0,-0.068492144,0.0,0.101682976,0.16752286,0.30875343,0.10088675,0.019904431,0.22063313,0.012207871
-0.009601183,-0.9531466,0.037787657,0.12359301,-0.056484725,-0.0048630554,0.029475138,-0.048616745,0.0,0.042765647,-0.19628647,0.04228286,0.0,-0.20986551,0.0,-0.15841694,0.0,0.025977697,0.0,0.036581837,0.0,0.077952005,0.0,0.072643295,0.0840654,-1.8433104,-0.21859865,-0.017933125,-0.2387149,-0.07213616
0.003965594,-0.55710304,-0.758353,-0.27168846,0.073866494,0.043858446,-0.07459833,-0.0562938,0.0,0.07569632,-0.21055046,0.05565569,0.0,0.051971395,0.0,0.030911544,0.0,0.051595822,0.0,0.090111874,0.0,0.053423557,0.0,-0.056577165,0.08415457,-1.8738879,0.049285583,-0.0081167575,-0.35329917,-0.0020903174
0.17758551,0.61946857,0.1257115,-0.05971765,0.015155245,0.00032428277,0.019308172,-0.03204776,0.0,-0.07772144,0.31491628,0.088823415,0.0,0.1395634,0.0,0.06435094,0.0,-0.012748683,0.0,0.09187168,0.0,-0.040906437,0.0,0.10012547,0.23305985,0.38373694,0.107969075,0.008428878,0.15624039,-0.0059614023
-0.022895355,-0.8336637,-0.10443463,-0.31765637,0.115468025,-0.004640582,0.05341118,0.2633194,0.0,-0.059983425,-0.19051324,0.08801347,0.0,0.036771987,0.0,-0.113190435,0.0,-0.00021079875,0.0,0.17823277,0.0,0.11658633,0.0,0.28644884,-0.53460425,0.29120165,0.13912924,-0.053951856,-0.28778812,0.005993918
-0.05765282,-0.47384444,-0.36062127,-0.34397036,-0.17819625,0.006660562,-0.08314222,-0.056636307,0.0,-0.025845185,-0.28331003,-0.48904464,0.0,0.007175076,0.0,0.044576067,0.0,-0.009864526,0.0,0.060700968,0.0,-0.071860515,0.0,-0.2003279,-0.97338086,0.1346689,-0.17338173,-0.16160096,-0.1837884,0.011599854
-0.07739606,0.09067459,0.04648202,-0.084999494,0.0037383372,-0.00537413,0.048929498,-0.029571142,0.0,-0.047276925,-0.46493667,-0.4508886,0.0,0.010439608,0.0,0.1290597,0.0,-0.019219141,0.0,0.06312919,0.0,-0.03650676,0.0,-0.0656566,0.20656396,0.27330652,-0.17587182,0.016869262,0.22698398,0.036117937
-0.05335277,0.7550164,0.05602543,0.2550099,-0.07649748,0.04222593,0.065047376,-0.02654806,0.0,-0.040614966,-0.3231377,0.15129778,0.0,0.062935896,0.0,-0.19421013,0.0,-0.017771883,0.0,0.06368512,0.0,-0.035333302,0.0,-0.06623567,0.23347807,0.33893272,-0.40695614,-0.0020926436,-0.15167509,-0.017140146
-0.0094933,-1.441016,-0.47404537,-0.49627563,0.022303011,-0.04559461,0.019492386,-0.03306136,0.0,-0.13154134,-0.18836667,0.035703216,0.0,-0.08923048,0.0,-0.045928374,0.0,-0.07726862,0.0,-0.34141704,0.0,-0.10282276,0.0,-0.009260738,0.08362767,-1.8596138,-0.08525858,-0.030246852,-0.2746918,0.009722862
-0.05273209,0.46849227,0.07187785,0.07324685,0.04147785,-0.01810172,0.06235228,0.18282251,0.0,-0.070334755,-0.29984576,0.16021135,0.0,0.07430327,0.0,0.06679728,0.0,-0.020556368,0.0,0.12624939,0.0,-0.079806745,0.0,0.09224364,0.17486162,0.34285164,0.08356811,0.024350252,0.21824813,0.014347742
0.121397056,0.56377804,0.1302696,0.035590354,0.008027313,0.04209534,0.04456917,-0.040220793,0.0,-0.10293296,0.39737946,0.092338875,0.0,0.07357621,0.0,-0.04116141,0.0,-0.005735187,0.0,0.09483878,0.0,0.08147358,0.0,-0.07167383,0.24168332,0.39567304,0.17361405,-0.0018712042,0.11857785,-0.009793497
-0.05993087,-1.0241574,0.37415794,0.36881602,0.050826848,-0.21346131,0.072579354,-0.016832203,0.0,-0.07695802,0.1803603,0.037982285,0.0,-0.29610288,0.0,-0.38657385,0.0,0.061091382,0.0,0.045417245,0.0,0.08096599,0.0,-0.017303633,0.023548463,-2.2708676,-0.008823919,0.020762278,-0.07918959,0.0072074314
0.12734053,-0.29308045,-0.02354186,-0.19612458,-0.035433456,0.07714827,0.021328948,-0.03597374,0.0,-0.042155482,0.423968,0.0791433,0.0,0.06134589,0.0,0.070166424,0.0,-0.00056983356,0.0,0.16638793,0.0,0.09360902,0.0,0.111208126,0.1867971,0.41764325,0.09968503,-0.0023426122,-0.15509336,-0.016033983
-0.021195892,0.5274977,0.107086904,0.2729727,0.059963666,0.021468068,-0.13022022,-0.014158343,0.0,0.14577286,0.39367938,0.08760497,0.0,0.09953659,0.0,0.10276764,0.0,-0.033664744,0.0,-0.22877085,0.0,-0.06050624,0.0,-0.047214366,0.25548518,0.39438516,0.08491938,3.37307e-05,0.13944155,-0.002228023
-0.016658222,-0.38824087,0.026903886,-0.17312,0.05708118,0.054877758,-0.061912283,-0.021943662,0.0,0.15571497,-0.21038927,0.0392608,0.0,-0.2599762,0.0,0.11592592,0.0,0.028413502,0.0,-0.4527097,0.0,0.067465,0.0,0.047144588,0.052760247,-1.7733005,0.028228745,-0.020928586,-0.2199995,-0.07202418
-0.0022994755,0.3959784,-0.49196675,-0.36150584,-0.008718642,-0.009598107,0.023642033,-0.04239155,0.0,-0.09187029,-0.39367837,0.13028885,0.0,0.086483054,0.0,0.1281504,0.0,0.0308453,0.0,0.097352915,0.0,0.09221399,0.0,-0.070500426,0.22441871,0.33866745,-0.21856144,0.0002945576,-0.16896364,0.03006435
0.02609872,-1.2354906,0.6910393,0.65810615,0.08154904,-0.13529547,0.0036081802,-0.034162387,0.0,0.09729616,0.1626872,0.057249192,0.0,0.14829865,0.0,-0.25037363,0.0,0.15048863,0.0,0.23699577,0.0,0.03521513,0.0,0.060836412,0.27477866,-1.9755113,0.068947144,0.00030653112,0.3396436,-0.0036923462
-0.0663403,0.5739983,0.09226945,0.119181864,0.033716366,0.02910773,0.04810452,0.21625166,0.0,-0.048123665,-0.33612847,0.15442766,0.0,0.07632452,0.0,-0.06120708,0.0,0.20227718,0.0,0.13906018,0.0,0.06690523,0.0,-0.07705892,0.21796276,0.3579646,0.10446927,0.0306543,-0.16188139,-0.017545868
-0.08611513,0.13565154,-1.2161295,-0.19803357,-0.0070005697,-0.019304218,-0.15304877,-0.013099255,0.0,-0.07222569,-0.25606525,-0.44779477,0.0,0.024669457,0.0,0.13077988,0.0,-0.014000523,0.0,0.036215235,0.0,0.018500011,0.0,-0.05235327,0.11444432,-1.6367948,-0.20645827,0.011469991,-0.122402065,-0.014421929
-0.030275969,-0.25412136,0.2117132,-0.17294446,0.03666926,0.0074952138,-0.12266596,-0.05693895,0.0,-0.034441367,-0.41913804,0.08545798,0.0,0.047549307,0.0,0.08444714,0.0,0.07990031,0.0,0.14091611,0.0,-0.050417252,0.0,-0.06824887,0.17798477,0.29226315,0.09869456,-0.0018412424,0.3088051,0.023731714
-0.07740239,1.1833549,-0.45060107,1.0381563,0.026648313,0.006166118,0.070234105,-0.0206632,0.0,0.017447481,-0.43059334,-0.30193368,0.0,0.0667212,0.0,0.02471435,0.0,-0.016879966,0.0,0.07806059,0.0,-0.05911504,0.0,-0.06530939,0.245927,0.34808022,0.30451024,-0.0049477555,-0.22902986,0.09617998
-0.04772609,1.4491738,-0.010368355,-0.21447295,0.081929,0.08041506,0.050629225,-0.046226233,0.0,-0.007455227,-0.34766132,0.16025248,0.0,0.080085665,0.0,-0.02739161,0.0,-0.016839037,0.0,0.13949987,0.0,-0.061391935,0.0,-0.054762818,0.23172987,0.35706398,0.12927504,-0.004458002,0.2909582,-0.0035549868
-0.047567934,-0.22316776,-0.36844996,0.08332295,-0.037806086,0.013271691,0.03330874,0.21055445,0.0,-0.084707424,-0.36631683,0.08077839,0.0,0.022834659,0.0,0.16163018,0.0,-0.03798832,0.0,0.12327792,0.0,-0.057737663,0.0,-0.09725927,0.21474455,0.27179974,-0.11282927,0.03298184,-0.1989351,-0.000989416
-0.092873596,0.1703248,-0.07906555,-0.071818516,-0.13321297,-0.016760927,0.05375551,-0.023091141,0.0,-0.084553964,-0.45430073,-0.44343665,0.0,0.033025324,0.0,0.15193476,0.0,-0.0066785766,0.0,0.036882933,0.0,-0.034781586,0.0,-0.070864886,0.22875309,0.28071427,-0.1381379,0.026154697,-0.15948276,-0.020832691
-0.0804305,0.5484383,-0.32100675,0.13577147,0.011213507,0.0017625226,0.053435646,-0.01712045,0.0,-0.049670577,-0.41586432,-0.51567715,0.0,0.034878418,0.0,0.05200539,0.0,-0.018271621,0.0,0.037125766,0.0,-0.034781586,0.0,-0.06871773,0.25429744,0.31778276,-0.15437505,-0.0026573027,-0.14423141,-0.0019121016
-0.025401026,0.40287128,-0.11332271,-0.04295662,-0.0076743225,0.00232702,0.023584906,-0.03594193,0.0,-0.11752972,0.35078394,0.08810069,0.0,0.07397536,0.0,0.014048077,0.0,0.03925295,0.0,0.12455658,0.0,-0.067742765,0.0,-0.069385275,0.25349823,0.37721404,0.11483555,0.0073297312,0.18233722,-0.003795372
-0.072021216,0.13997966,-0.36951554,-0.504922,-0.037026625,-0.0047217095,0.04594243,-0.034838397,0.0,-0.06986392,-0.31631207,0.12129187,0.0,-0.5053916,0.0,-0.3817753,0.0,-0.008576684,0.0,0.023465522,0.0,-0.03261856,0.0,-0.06975631,0.2100176,0.31412402,-0.3194263,-0.0015004685,0.20580813,-0.0033487002
0.020682167,-1.9487538,-0.81519365,0.2321198,-0.06123268,0.14713457,0.024469987,-0.020378225,0.0,0.026750678,0.18276447,0.036731165,0.0,-0.17865682,0.0,-0.36943355,0.0,-0.048843283,0.0,-0.19798866,0.0,-0.038517326,0.0,0.036935095,0.078699194,-2.0712059,0.09094317,-0.012948544,-0.18961154,-0.00087974383
0.0054794704,-0.46242005,-0.1779617,0.13384497,0.038294163,0.078709796,-0.06071491,-0.02518274,0.0,0.08240963,-0.18661891,0.03788907,0.0,-0.13893043,0.0,-0.04307016,0.0,0.05556685,0.0,-0.38156727,0.0,0.061563335,0.0,0.04310311,0.050901234,-1.7875004,-0.075828165,-0.009449544,-0.15633294,0.009072042
0.12659352,-1.2077541,-0.2587957,0.092276886,-0.107150644,0.07212324,-0.016297929,-0.07371076,0.0,0.0014855979,-0.25514898,0.06576691,0.0,-0.10806757,0.0,-0.016424574,0.0,0.034066945,0.0,0.17627536,0.0,0.1190524,0.0,-0.10233254,-0.8214873,0.2042259,-0.19432192,-0.017988775,0.5401519,0.00059164385
-0.0394341,1.2443076,-0.29059255,0.21438478,0.00022382283,0.0004317709,0.037364524,-0.03405061,0.0,-0.007509717,0.33794695,0.08197359,0.0,0.09065437,0.0,0.033337347,0.0,-0.010708377,0.0,0.1554436,0.0,-0.0376355,0.0,-0.056208603,0.28154302,0.39829776,0.08123896,0.008517029,0.30823833,0.008409752
-0.114252254,0.38715905,-0.025161752,0.07269967,-0.086515225,-0.007044744,-0.2126458,0.006774782,0.0,-0.027358517,-0.2988429,0.14191468,0.0,-0.30627412,0.0,0.15099733,0.0,-0.025401985,0.0,0.055257972,0.0,-0.08613958,0.0,-0.06365404,0.25088006,0.3469923,-0.11433228,-0.0775953,-0.15567859,0.008888714
0.15492007,-0.20212065,-0.22220452,-0.06782805,0.055981204,0.05547296,0.013899924,-0.077271506,0.0,0.039624963,-0.42389053,0.07614375,0.0,-0.18018308,0.0,-0.07802542,0.0,-0.0020695752,0.0,0.044465445,0.0,-0.04798249,0.0,-0.09610005,0.1937777,0.31047738,0.122662626,0.032851357,-0.20506406,-0.0080049625
-0.030749664,0.4441587,-0.1780523,0.04337887,0.008500285,0.00143781,0.039843354,-0.031656094,0.0,-0.087915696,0.35078394,0.07273712,0.0,-0.30664563,0.0,0.021678168,0.0,-0.0039394503,0.0,0.12420965,0.0,-0.06294022,0.0,-0.071297154,0.2541582,0.36811346,0.06695064,0.0071473885,0.18197596,0.0047405064
-0.035374,-0.11394642,-0.41419896,-0.56568724,-0.23755017,-0.048360135,0.020253984,-0.024697123,0.0,-0.021367503,0.40940788,0.07586315,0.0,0.067932636,0.0,-0.018870324,0.0,0.02981225,0.0,0.08279342,0.0,-0.0666906,0.0,0.11661259,0.18610798,0.4170645,0.12398282,0.012855538,-0.17409226,-0.004918878
-0.027909953,-0.29364905,-0.26180425,-0.27905905,-0.08907394,-0.0769798,-0.098320164,-0.058805253,0.0,-0.028560083,-0.2601609,0.06267858,0.0,-0.12560853,0.0,-0.05131612,0.0,-0.0056063337,0.0,0.06721415,0.0,-0.072733134,0.0,-0.20999327,-0.7811683,0.2056626,-0.3127561,0.004648283,-0.18654796,0.0098200925
-0.047208373,1.2574071,-0.118707575,-0.20908566,-0.025800856,-0.0023394427,0.04486229,-0.033270415,0.0,0.015815716,-0.3606612,0.15464352,0.0,0.07204725,0.0,0.06701518,0.0,-0.014464155,0.0,0.10470022,0.0,-0.07328989,0.0,-0.06329182,0.26146597,0.35186058,-0.20108303,-0.0008913302,-0.23973949,-0.055097893
-0.045450557,-0.38187593,-0.32661968,-0.26118898,-0.08071054,-0.07879424,0.026045697,-0.07502782,0.0,-0.018033918,-0.26089847,0.06162073,0.0,-0.17556286,0.0,-0.048259072,0.0,0.0002549925,0.0,0.06726425,0.0,-0.081022,0.0,-0.20272227,-0.79476696,0.20765534,-0.30506653,-0.004897643,-0.19200797,-0.044815153
-0.03974077,-1.5722585,-0.26121888,-0.55874866,0.07352016,0.013615975,-0.12590809,0.21680988,0.0,-0.12682337,-0.18576133,0.03773126,0.0,-0.15412928,0.0,0.029378584,0.0,-0.018014977,0.0,-0.5724773,0.0,0.080241695,0.0,-0.038457036,0.094932,-1.8104771,-0.15632842,-0.008008407,-0.31277308,-0.0538377
-0.023689156,-0.93769574,0.8660722,-0.16435379,0.014048635,0.28313386,0.04386355,-0.041332748,0.0,-0.0963492,0.1774164,0.051947024,0.0,0.06591383,0.0,0.18017496,0.0,0.14816406,0.0,0.17354105,0.0,0.06883139,0.0,0.039105106,0.093471624,-1.1432476,0.09870667,-0.0026254233,0.24814439,-0.002765344
-0.006555815,-0.3600855,-0.4741577,-0.48440886,-0.02180974,0.01815892,-0.12693793,-0.040700156,0.0,-0.12306243,-0.18711975,0.036600094,0.0,-0.15146519,0.0,-0.016551204,0.0,0.008533561,0.0,-0.34649643,0.0,-0.030810306,0.0,-0.041321203,0.08030258,-1.7585107,0.031991206,0.08208555,-0.2674826,0.010014008
0.13876016,-1.4315547,-0.53533816,0.20284854,0.082955696,-0.044164654,0.028362527,-0.038533453,0.0,0.0050104004,0.38854495,0.06611466,0.0,-0.34089968,0.0,-0.34209186,0.0,0.060394134,0.0,0.02360309,0.0,0.09142672,0.0,0.058140136,0.08026649,0.3389182,0.07667638,-0.011099339,-0.21004443,-0.0038530657
0.18906522,1.3180463,0.18685126,-0.024073837,-0.058735125,-0.15239286,0.046603873,-0.032711755,0.0,-0.048010327,0.3706557,0.09113265,0.0,0.10647733,0.0,-0.24449664,0.0,-0.011890113,0.0,0.14464575,0.0,-0.039509263,0.0,-0.06014812,0.29201275,0.43302372,0.14607145,0.0062314463,-0.19991156,0.040575385
-0.06268248,-0.24185203,-0.3442071,0.42577434,-0.032534152,0.060762744,0.022795822,-0.055812992,0.0,-0.020356063,-0.26235288,0.06444049,0.0,-0.21952938,0.0,0.09841079,0.0,0.0371751,0.0,0.14153676,0.0,0.10302635,0.0,-0.23169069,-0.73007953,0.2311022,0.10589855,0.021449048,-0.2173661,0.008017346
-0.06386057,-0.38188186,-0.29209816,-0.23517206,0.0150530115,-0.09701356,-0.11434978,-0.044843663,0.0,0.13782613,-0.21767892,-0.37225273,0.0,0.014564094,0.0,0.094709575,0.0,-0.008284678,0.0,0.05564009,0.0,-0.037429586,0.0,-0.068528876,0.111363575,-1.8268535,-0.073566765,-0.026516002,-0.16209567,0.011363953
-0.04484818,-0.85341114,0.3980778,-0.07812284,0.10467998,0.0546837,0.067194454,-0.033900272,0.0,-0.05384951,0.25508758,0.064296,0.0,-0.33740252,0.0,0.047995508,0.0,0.011669945,0.0,0.121252164,0.0,0.12287229,0.0,0.23025405,-0.615398,0.2778234,0.13114108,-0.01744915,-0.19882326,-0.06937865
-0.0048547895,0.65811586,0.28123665,0.14095625,-0.0032683527,-0.022175474,-0.13926087,-0.022585656,0.0,0.094908945,0.3808664,0.07679429,0.0,0.16562657,0.0,-0.36898488,0.0,0.0710251,0.0,0.04082639,0.0,-0.062362663,0.0,-0.08462983,0.2713855,0.39898622,-0.40909967,-0.0029500066,-0.10631835,-0.0035304031
-0.0022211426,-1.2831861,-0.7840288,-0.5413241,-0.018666627,0.013669728,0.012008868,-0.05307091,0.0,0.043121316,-0.21165,-0.34384876,0.0,0.061174337,0.0,-0.10680146,0.0,0.06302995,0.0,0.13254885,0.0,-0.051114872,0.0,-0.06443695,0.16777016,-1.5111305,-0.027377572,-0.011713831,-0.3379033,-0.007689154
-0.046301346,-0.22591448,-0.35774907,0.4222939,0.0085314,-0.23619646,0.015315993,-0.05977535,0.0,-0.052091643,-0.21263772,-0.2495803,0.0,-0.0063160933,0.0,0.19489522,0.0,-0.0032634772,0.0,0.11766188,0.0,-0.017590187,0.0,-0.057856888,0.11013068,-1.8526471,-0.10145416,-0.16125558,-0.17299972,0.0040894113
-0.027872857,0.55668545,-0.15395793,-0.13250631,0.002644883,-0.0028078118,0.02940995,-0.030213011,0.0,0.076135546,0.38143778,0.085846424,0.0,0.07498938,0.0,0.094472826,0.0,-0.001948774,0.0,0.07748332,0.0,-0.061148528,0.0,-0.07992419,0.28715944,0.403376,0.0929402,0.0059880903,-0.1382975,-0.0033024703
-0.020673966,0.30338064,-0.09597698,0.16110873,-0.04589229,-0.0102404235,-0.002169555,-0.025765244,0.0,-0.08477608,-0.31748998,-0.34258422,0.0,0.017217213,0.0,0.11813891,0.0,-0.027594853,0.0,0.031165961,0.0,-0.08239502,0.0,-0.2012289,-0.9350075,0.192341,-0.2075372,0.023863088,-0.18291473,0.054158457
-0.054024354,-0.35208917,-0.5346315,-0.28918195,-0.05082624,0.032608606,-0.07801399,-0.061301574,0.0,0.013026361,-0.28948578,-0.53027433,0.0,0.012254963,0.0,0.06959943,0.0,-0.0067585027,0.0,0.03363784,0.0,-0.07826713,0.0,-0.20089678,-0.97358304,0.17065641,-0.07260715,-0.019755285,-0.20205869,0.0044683353
0.11323906,0.6784398,1.2542418,0.15637316,-0.005687263,-0.006511899,0.03749708,-0.033746805,0.0,0.25207546,0.39739874,0.10361002,0.0,0.07975118,0.0,0.11204212,0.0,0.006569747,0.0,0.116461776,0.0,0.08290099,0.0,0.094987124,0.21184982,0.3888683,0.101983085,0.024022305,0.1561124,-0.013701993
-0.02913267,0.39952877,0.02992477,0.1577384,-0.00082471693,0.01481799,0.029683484,-0.032820452,0.0,0.14319204,0.37937576,0.09187106,0.0,0.08557215,0.0,0.032174706,0.0,-0.0027032178,0.0,0.12834913,0.0,-0.06538974,0.0,-0.07340603,0.2536635,0.3769307,0.099558316,0.006042542,0.19883116,-0.0036718573
-0.0007073784,-1.0990726,-0.5774871,-0.28619108,-0.0057047163,0.046653606,-0.06658295,-0.04644449,0.0,-0.041825175,-0.21538597,-0.25909775,0.0,0.0620861,0.0,-0.116108365,0.0,0.030347697,0.0,0.14041236,0.0,-0.038441353,0.0,-0.06294037,0.16682872,-1.6486073,-0.117051154,-0.00035423366,-0.31492427,0.0041520605
-0.0031226964,-1.0218818,-1.133224,-0.5609447,0.014221535,0.008260991,-0.013509193,-0.05260464,0.0,-0.05147083,-0.20789947,-0.38023314,0.0,0.043110643,0.0,-0.09139406,0.0,0.05909094,0.0,0.12611222,0.0,-0.040831402,0.0,-0.056620687,0.16375068,-1.0526425,-0.23920105,-0.15005083,-0.30462316,-0.00065741735
0.060552,-1.4898254,-0.5909608,-0.32855162,-0.005050478,0.14587143,-0.0044404767,-0.065335646,0.0,-0.057416275,-0.21628566,-0.32976475,0.0,-0.010161097,0.0,0.029013008,0.0,-0.09788302,0.0,0.07936742,0.0,-0.1058547,0.0,-0.032025088,0.09553742,-1.7663193,0.009291461,-0.0071376082,-0.28830916,-0.008828076
-0.043560855,0.46982,-0.5027334,-0.34738752,-0.010278125,0.0066937483,0.023087405,-0.050790083,0.0,-0.07728909,-0.40756142,0.13341042,0.0,0.059128698,0.0,0.05612454,0.0,0.03614247,0.0,0.10145555,0.0,0.090359524,0.0,0.09279771,0.14217699,0.36377692,0.08786246,0.00023688033,-0.15534349,0.030165588
